trip_index,stop_sequence,stop_name,time,timestamp
1,1,Station Bilthoven,05:51,055100
1,2,Leyenseweg,05:53,055300
1,3,2e Brandenburgerweg,05:53,055300
1,4,Konijnenlaan,05:54,055400
1,5,Duivenlaan,05:55,055500
1,6,Poolsterlaan,05:56,055600
1,7,Zonneplein,05:57,055700
1,8,Groenekanseweg,05:58,055800
1,9,Dr. Letteplein,05:59,055900
1,10,Looydijk,06:01,060100
1,11,Hessenweg,06:02,060200
1,12,Alfred Nobellaan,06:03,060300
1,13,Veemarkt,06:06,060600
1,14,Sartreweg,06:07,060700
1,15,Oorsprongpark,06:09,060900
1,16,Wittevrouwen,06:10,061000
1,17,Stadsschouwburg,06:12,061200
1,18,Janskerkhof,06:13,061300
1,19,Neude,06:14,061400
1,20,CS Jaarbeurszijde,06:23,062300
1,21,Lanslaan,06:27,062700
1,22,Europaplein-Noord,06:28,062800
1,23,Kanaleneiland-Zuid,06:30,063000
1,24,P+R Westraven,06:32,063200
1,25,Blokhoeve-Noord,06:33,063300
1,26,Herman Heijermanshove,06:34,063400
1,27,Galecopperdijk,06:35,063500
1,28,Guido Gezellehove,06:37,063700
1,29,Gerbrandypark,06:38,063800
1,30,Rembrandthage,06:39,063900
1,31,Middenweide,06:41,064100
1,32,Landmansweide,06:42,064200
1,33,Antilopeweide,06:43,064300
1,34,De Baten,06:45,064500
1,35,Barnsteendrift,06:46,064600
1,36,Noordstedeweg,06:47,064700
1,37,Nieuwegein City,06:50,065000
2,1,Station Bilthoven,06:06,060600
2,2,Leyenseweg,06:08,060800
2,3,2e Brandenburgerweg,06:08,060800
2,4,Konijnenlaan,06:09,060900
2,5,Duivenlaan,06:10,061000
2,6,Poolsterlaan,06:11,061100
2,7,Zonneplein,06:12,061200
2,8,Groenekanseweg,06:13,061300
2,9,Dr. Letteplein,06:14,061400
2,10,Looydijk,06:16,061600
2,11,Hessenweg,06:17,061700
2,12,Alfred Nobellaan,06:18,061800
2,13,Veemarkt,06:21,062100
2,14,Sartreweg,06:22,062200
2,15,Oorsprongpark,06:24,062400
2,16,Wittevrouwen,06:25,062500
2,17,Stadsschouwburg,06:27,062700
2,18,Janskerkhof,06:28,062800
2,19,Neude,06:29,062900
2,20,CS Jaarbeurszijde,06:38,063800
2,21,Lanslaan,06:42,064200
2,22,Europaplein-Noord,06:43,064300
2,23,Kanaleneiland-Zuid,06:45,064500
2,24,P+R Westraven,06:47,064700
2,25,Blokhoeve-Noord,06:48,064800
2,26,Herman Heijermanshove,06:49,064900
2,27,Galecopperdijk,06:50,065000
2,28,Guido Gezellehove,06:52,065200
2,29,Gerbrandypark,06:53,065300
2,30,Rembrandthage,06:54,065400
2,31,Middenweide,06:56,065600
2,32,Landmansweide,06:57,065700
2,33,Antilopeweide,06:58,065800
2,34,De Baten,07:00,070000
2,35,Barnsteendrift,07:01,070100
2,36,Noordstedeweg,07:02,070200
2,37,Nieuwegein City,07:05,070500
3,1,Station Bilthoven,06:20,062000
3,2,Leyenseweg,06:22,062200
3,3,2e Brandenburgerweg,06:22,062200
3,4,Konijnenlaan,06:23,062300
3,5,Duivenlaan,06:24,062400
3,6,Poolsterlaan,06:25,062500
3,7,Zonneplein,06:26,062600
3,8,Groenekanseweg,06:27,062700
3,9,Dr. Letteplein,06:28,062800
3,10,Looydijk,06:30,063000
3,11,Hessenweg,06:31,063100
3,12,Alfred Nobellaan,06:32,063200
3,13,Veemarkt,06:35,063500
3,14,Sartreweg,06:36,063600
3,15,Oorsprongpark,06:38,063800
3,16,Wittevrouwen,06:39,063900
3,17,Stadsschouwburg,06:41,064100
3,18,Janskerkhof,06:42,064200
3,19,Neude,06:43,064300
3,20,CS Jaarbeurszijde,06:52,065200
3,21,Lanslaan,06:57,065700
3,22,Europaplein-Noord,06:58,065800
3,23,Kanaleneiland-Zuid,07:00,070000
3,24,P+R Westraven,07:03,070300
3,25,Blokhoeve-Noord,07:04,070400
3,26,Herman Heijermanshove,07:05,070500
3,27,Galecopperdijk,07:06,070600
3,28,Guido Gezellehove,07:08,070800
3,29,Gerbrandypark,07:09,070900
3,30,Rembrandthage,07:10,071000
3,31,Middenweide,07:12,071200
3,32,Landmansweide,07:13,071300
3,33,Antilopeweide,07:14,071400
3,34,De Baten,07:16,071600
3,35,Barnsteendrift,07:18,071800
3,36,Noordstedeweg,07:19,071900
3,37,Nieuwegein City,07:22,072200
4,1,Station Bilthoven,06:30,063000
4,2,Leyenseweg,06:32,063200
4,3,2e Brandenburgerweg,06:32,063200
4,4,Konijnenlaan,06:33,063300
4,5,Duivenlaan,06:34,063400
4,6,Poolsterlaan,06:35,063500
4,7,Zonneplein,06:36,063600
4,8,Groenekanseweg,06:37,063700
4,9,Dr. Letteplein,06:38,063800
4,10,Looydijk,06:40,064000
4,11,Hessenweg,06:41,064100
4,12,Alfred Nobellaan,06:42,064200
4,13,Veemarkt,06:45,064500
4,14,Sartreweg,06:46,064600
4,15,Oorsprongpark,06:48,064800
4,16,Wittevrouwen,06:49,064900
4,17,Stadsschouwburg,06:51,065100
4,18,Janskerkhof,06:52,065200
4,19,Neude,06:53,065300
4,20,CS Jaarbeurszijde,07:02,070200
4,21,Lanslaan,07:07,070700
4,22,Europaplein-Noord,07:08,070800
4,23,Kanaleneiland-Zuid,07:10,071000
4,24,P+R Westraven,07:13,071300
4,25,Blokhoeve-Noord,07:15,071500
4,26,Herman Heijermanshove,07:16,071600
4,27,Galecopperdijk,07:17,071700
4,28,Guido Gezellehove,07:19,071900
4,29,Gerbrandypark,07:20,072000
4,30,Rembrandthage,07:21,072100
4,31,Middenweide,07:23,072300
4,32,Landmansweide,07:24,072400
4,33,Antilopeweide,07:25,072500
4,34,De Baten,07:27,072700
4,35,Barnsteendrift,07:29,072900
4,36,Noordstedeweg,07:30,073000
4,37,Nieuwegein City,07:33,073300
5,1,Station Bilthoven,06:40,064000
5,2,Leyenseweg,06:42,064200
5,3,2e Brandenburgerweg,06:42,064200
5,4,Konijnenlaan,06:43,064300
5,5,Duivenlaan,06:44,064400
5,6,Poolsterlaan,06:45,064500
5,7,Zonneplein,06:46,064600
5,8,Groenekanseweg,06:47,064700
5,9,Dr. Letteplein,06:48,064800
5,10,Looydijk,06:50,065000
5,11,Hessenweg,06:51,065100
5,12,Alfred Nobellaan,06:52,065200
5,13,Veemarkt,06:55,065500
5,14,Sartreweg,06:56,065600
5,15,Oorsprongpark,06:58,065800
5,16,Wittevrouwen,06:59,065900
5,17,Stadsschouwburg,07:01,070100
5,18,Janskerkhof,07:02,070200
5,19,Neude,07:03,070300
5,20,CS Jaarbeurszijde,07:12,071200
5,21,Lanslaan,07:17,071700
5,22,Europaplein-Noord,07:18,071800
5,23,Kanaleneiland-Zuid,07:20,072000
5,24,P+R Westraven,07:23,072300
5,25,Blokhoeve-Noord,07:25,072500
5,26,Herman Heijermanshove,07:26,072600
5,27,Galecopperdijk,07:27,072700
5,28,Guido Gezellehove,07:29,072900
5,29,Gerbrandypark,07:30,073000
5,30,Rembrandthage,07:31,073100
5,31,Middenweide,07:33,073300
5,32,Landmansweide,07:34,073400
5,33,Antilopeweide,07:35,073500
5,34,De Baten,07:37,073700
5,35,Barnsteendrift,07:39,073900
5,36,Noordstedeweg,07:40,074000
5,37,Nieuwegein City,07:43,074300
6,1,Station Bilthoven,06:50,065000
6,2,Leyenseweg,06:52,065200
6,3,2e Brandenburgerweg,06:52,065200
6,4,Konijnenlaan,06:53,065300
6,5,Duivenlaan,06:54,065400
6,6,Poolsterlaan,06:55,065500
6,7,Zonneplein,06:56,065600
6,8,Groenekanseweg,06:57,065700
6,9,Dr. Letteplein,06:58,065800
6,10,Looydijk,07:00,070000
6,11,Hessenweg,07:01,070100
6,12,Alfred Nobellaan,07:02,070200
6,13,Veemarkt,07:05,070500
6,14,Sartreweg,07:06,070600
6,15,Oorsprongpark,07:08,070800
6,16,Wittevrouwen,07:09,070900
6,17,Stadsschouwburg,07:11,071100
6,18,Janskerkhof,07:12,071200
6,19,Neude,07:13,071300
6,20,CS Jaarbeurszijde,07:22,072200
6,21,Lanslaan,07:27,072700
6,22,Europaplein-Noord,07:28,072800
6,23,Kanaleneiland-Zuid,07:30,073000
6,24,P+R Westraven,07:33,073300
6,25,Blokhoeve-Noord,07:35,073500
6,26,Herman Heijermanshove,07:36,073600
6,27,Galecopperdijk,07:37,073700
6,28,Guido Gezellehove,07:39,073900
6,29,Gerbrandypark,07:40,074000
6,30,Rembrandthage,07:41,074100
6,31,Middenweide,07:43,074300
6,32,Landmansweide,07:44,074400
6,33,Antilopeweide,07:45,074500
6,34,De Baten,07:47,074700
6,35,Barnsteendrift,07:49,074900
6,36,Noordstedeweg,07:50,075000
6,37,Nieuwegein City,07:53,075300
7,1,Station Bilthoven,06:58,065800
7,2,Leyenseweg,07:00,070000
7,3,2e Brandenburgerweg,07:00,070000
7,4,Konijnenlaan,07:01,070100
7,5,Duivenlaan,07:02,070200
7,6,Poolsterlaan,07:03,070300
7,7,Zonneplein,07:04,070400
7,8,Groenekanseweg,07:05,070500
7,9,Dr. Letteplein,07:06,070600
7,10,Looydijk,07:08,070800
7,11,Hessenweg,07:09,070900
7,12,Alfred Nobellaan,07:10,071000
7,13,Veemarkt,07:13,071300
7,14,Sartreweg,07:14,071400
7,15,Oorsprongpark,07:17,071700
7,16,Wittevrouwen,07:18,071800
7,17,Stadsschouwburg,07:20,072000
7,18,Janskerkhof,07:21,072100
7,19,Neude,07:23,072300
7,20,CS Jaarbeurszijde,07:32,073200
7,21,Lanslaan,07:37,073700
7,22,Europaplein-Noord,07:38,073800
7,23,Kanaleneiland-Zuid,07:40,074000
7,24,P+R Westraven,07:43,074300
7,25,Blokhoeve-Noord,07:45,074500
7,26,Herman Heijermanshove,07:46,074600
7,27,Galecopperdijk,07:47,074700
7,28,Guido Gezellehove,07:49,074900
7,29,Gerbrandypark,07:50,075000
7,30,Rembrandthage,07:51,075100
7,31,Middenweide,07:53,075300
7,32,Landmansweide,07:54,075400
7,33,Antilopeweide,07:55,075500
7,34,De Baten,07:57,075700
7,35,Barnsteendrift,07:59,075900
7,36,Noordstedeweg,08:00,080000
7,37,Nieuwegein City,08:03,080300
8,1,Station Bilthoven,07:07,070700
8,2,Leyenseweg,07:09,070900
8,3,2e Brandenburgerweg,07:09,070900
8,4,Konijnenlaan,07:10,071000
8,5,Duivenlaan,07:11,071100
8,6,Poolsterlaan,07:12,071200
8,7,Zonneplein,07:13,071300
8,8,Groenekanseweg,07:15,071500
8,9,Dr. Letteplein,07:16,071600
8,10,Looydijk,07:18,071800
8,11,Hessenweg,07:19,071900
8,12,Alfred Nobellaan,07:20,072000
8,13,Veemarkt,07:23,072300
8,14,Sartreweg,07:24,072400
8,15,Oorsprongpark,07:27,072700
8,16,Wittevrouwen,07:28,072800
8,17,Stadsschouwburg,07:30,073000
8,18,Janskerkhof,07:31,073100
8,19,Neude,07:33,073300
8,20,CS Jaarbeurszijde,07:42,074200
8,21,Lanslaan,07:47,074700
8,22,Europaplein-Noord,07:48,074800
8,23,Kanaleneiland-Zuid,07:50,075000
8,24,P+R Westraven,07:53,075300
8,25,Blokhoeve-Noord,07:55,075500
8,26,Herman Heijermanshove,07:56,075600
8,27,Galecopperdijk,07:57,075700
8,28,Guido Gezellehove,07:59,075900
8,29,Gerbrandypark,08:00,080000
8,30,Rembrandthage,08:01,080100
8,31,Middenweide,08:03,080300
8,32,Landmansweide,08:04,080400
8,33,Antilopeweide,08:05,080500
8,34,De Baten,08:07,080700
8,35,Barnsteendrift,08:08,080800
8,36,Noordstedeweg,08:09,080900
8,37,Nieuwegein City,08:12,081200
9,1,Station Bilthoven,07:15,071500
9,2,Leyenseweg,07:17,071700
9,3,2e Brandenburgerweg,07:18,071800
9,4,Konijnenlaan,07:19,071900
9,5,Duivenlaan,07:20,072000
9,6,Poolsterlaan,07:21,072100
9,7,Zonneplein,07:22,072200
9,8,Groenekanseweg,07:24,072400
9,9,Dr. Letteplein,07:25,072500
9,10,Looydijk,07:27,072700
9,11,Hessenweg,07:28,072800
9,12,Alfred Nobellaan,07:29,072900
9,13,Veemarkt,07:32,073200
9,14,Sartreweg,07:33,073300
9,15,Oorsprongpark,07:36,073600
9,16,Wittevrouwen,07:37,073700
9,17,Stadsschouwburg,07:39,073900
9,18,Janskerkhof,07:40,074000
9,19,Neude,07:42,074200
9,20,CS Jaarbeurszijde,07:52,075200
9,21,Lanslaan,07:57,075700
9,22,Europaplein-Noord,07:58,075800
9,23,Kanaleneiland-Zuid,08:00,080000
9,24,P+R Westraven,08:03,080300
9,25,Blokhoeve-Noord,08:04,080400
9,26,Herman Heijermanshove,08:05,080500
9,27,Galecopperdijk,08:06,080600
9,28,Guido Gezellehove,08:08,080800
9,29,Gerbrandypark,08:09,080900
9,30,Rembrandthage,08:10,081000
9,31,Middenweide,08:12,081200
9,32,Landmansweide,08:13,081300
9,33,Antilopeweide,08:14,081400
9,34,De Baten,08:16,081600
9,35,Barnsteendrift,08:17,081700
9,36,Noordstedeweg,08:18,081800
9,37,Nieuwegein City,08:21,082100
10,1,Station Bilthoven,07:25,072500
10,2,Leyenseweg,07:27,072700
10,3,2e Brandenburgerweg,07:28,072800
10,4,Konijnenlaan,07:29,072900
10,5,Duivenlaan,07:30,073000
10,6,Poolsterlaan,07:31,073100
10,7,Zonneplein,07:32,073200
10,8,Groenekanseweg,07:34,073400
10,9,Dr. Letteplein,07:35,073500
10,10,Looydijk,07:37,073700
10,11,Hessenweg,07:38,073800
10,12,Alfred Nobellaan,07:39,073900
10,13,Veemarkt,07:42,074200
10,14,Sartreweg,07:43,074300
10,15,Oorsprongpark,07:46,074600
10,16,Wittevrouwen,07:47,074700
10,17,Stadsschouwburg,07:49,074900
10,18,Janskerkhof,07:50,075000
10,19,Neude,07:52,075200
10,20,CS Jaarbeurszijde,08:02,080200
10,21,Lanslaan,08:07,080700
10,22,Europaplein-Noord,08:08,080800
10,23,Kanaleneiland-Zuid,08:10,081000
10,24,P+R Westraven,08:13,081300
10,25,Blokhoeve-Noord,08:14,081400
10,26,Herman Heijermanshove,08:15,081500
10,27,Galecopperdijk,08:16,081600
10,28,Guido Gezellehove,08:18,081800
10,29,Gerbrandypark,08:19,081900
10,30,Rembrandthage,08:20,082000
10,31,Middenweide,08:22,082200
10,32,Landmansweide,08:23,082300
10,33,Antilopeweide,08:24,082400
10,34,De Baten,08:26,082600
10,35,Barnsteendrift,08:27,082700
10,36,Noordstedeweg,08:28,082800
10,37,Nieuwegein City,08:31,083100
11,1,Station Bilthoven,07:33,073300
11,2,Leyenseweg,07:35,073500
11,3,2e Brandenburgerweg,07:36,073600
11,4,Konijnenlaan,07:37,073700
11,5,Duivenlaan,07:38,073800
11,6,Poolsterlaan,07:39,073900
11,7,Zonneplein,07:40,074000
11,8,Groenekanseweg,07:42,074200
11,9,Dr. Letteplein,07:43,074300
11,10,Looydijk,07:45,074500
11,11,Hessenweg,07:46,074600
11,12,Alfred Nobellaan,07:47,074700
11,13,Veemarkt,07:51,075100
11,14,Sartreweg,07:53,075300
11,15,Oorsprongpark,07:56,075600
11,16,Wittevrouwen,07:57,075700
11,17,Stadsschouwburg,07:59,075900
11,18,Janskerkhof,08:00,080000
11,19,Neude,08:02,080200
11,20,CS Jaarbeurszijde,08:12,081200
11,21,Lanslaan,08:17,081700
11,22,Europaplein-Noord,08:18,081800
11,23,Kanaleneiland-Zuid,08:20,082000
11,24,P+R Westraven,08:23,082300
11,25,Blokhoeve-Noord,08:24,082400
11,26,Herman Heijermanshove,08:25,082500
11,27,Galecopperdijk,08:26,082600
11,28,Guido Gezellehove,08:28,082800
11,29,Gerbrandypark,08:29,082900
11,30,Rembrandthage,08:30,083000
11,31,Middenweide,08:32,083200
11,32,Landmansweide,08:33,083300
11,33,Antilopeweide,08:34,083400
11,34,De Baten,08:36,083600
11,35,Barnsteendrift,08:37,083700
11,36,Noordstedeweg,08:38,083800
11,37,Nieuwegein City,08:41,084100
12,1,Station Bilthoven,07:42,074200
12,2,Leyenseweg,07:44,074400
12,3,2e Brandenburgerweg,07:45,074500
12,4,Konijnenlaan,07:46,074600
12,5,Duivenlaan,07:47,074700
12,6,Poolsterlaan,07:48,074800
12,7,Zonneplein,07:50,075000
12,8,Groenekanseweg,07:52,075200
12,9,Dr. Letteplein,07:53,075300
12,10,Looydijk,07:55,075500
12,11,Hessenweg,07:56,075600
12,12,Alfred Nobellaan,07:57,075700
12,13,Veemarkt,08:01,080100
12,14,Sartreweg,08:03,080300
12,15,Oorsprongpark,08:06,080600
12,16,Wittevrouwen,08:07,080700
12,17,Stadsschouwburg,08:09,080900
12,18,Janskerkhof,08:10,081000
12,19,Neude,08:12,081200
12,20,CS Jaarbeurszijde,08:22,082200
12,21,Lanslaan,08:27,082700
12,22,Europaplein-Noord,08:28,082800
12,23,Kanaleneiland-Zuid,08:30,083000
12,24,P+R Westraven,08:33,083300
12,25,Blokhoeve-Noord,08:34,083400
12,26,Herman Heijermanshove,08:35,083500
12,27,Galecopperdijk,08:36,083600
12,28,Guido Gezellehove,08:38,083800
12,29,Gerbrandypark,08:39,083900
12,30,Rembrandthage,08:40,084000
12,31,Middenweide,08:42,084200
12,32,Landmansweide,08:43,084300
12,33,Antilopeweide,08:44,084400
12,34,De Baten,08:46,084600
12,35,Barnsteendrift,08:47,084700
12,36,Noordstedeweg,08:48,084800
12,37,Nieuwegein City,08:51,085100
13,1,Station Bilthoven,07:52,075200
13,2,Leyenseweg,07:54,075400
13,3,2e Brandenburgerweg,07:55,075500
13,4,Konijnenlaan,07:56,075600
13,5,Duivenlaan,07:57,075700
13,6,Poolsterlaan,07:58,075800
13,7,Zonneplein,08:00,080000
13,8,Groenekanseweg,08:02,080200
13,9,Dr. Letteplein,08:03,080300
13,10,Looydijk,08:05,080500
13,11,Hessenweg,08:06,080600
13,12,Alfred Nobellaan,08:07,080700
13,13,Veemarkt,08:11,081100
13,14,Sartreweg,08:13,081300
13,15,Oorsprongpark,08:16,081600
13,16,Wittevrouwen,08:17,081700
13,17,Stadsschouwburg,08:19,081900
13,18,Janskerkhof,08:20,082000
13,19,Neude,08:22,082200
13,20,CS Jaarbeurszijde,08:32,083200
13,21,Lanslaan,08:37,083700
13,22,Europaplein-Noord,08:38,083800
13,23,Kanaleneiland-Zuid,08:40,084000
13,24,P+R Westraven,08:43,084300
13,25,Blokhoeve-Noord,08:44,084400
13,26,Herman Heijermanshove,08:45,084500
13,27,Galecopperdijk,08:46,084600
13,28,Guido Gezellehove,08:48,084800
13,29,Gerbrandypark,08:49,084900
13,30,Rembrandthage,08:50,085000
13,31,Middenweide,08:52,085200
13,32,Landmansweide,08:53,085300
13,33,Antilopeweide,08:54,085400
13,34,De Baten,08:56,085600
13,35,Barnsteendrift,08:57,085700
13,36,Noordstedeweg,08:58,085800
13,37,Nieuwegein City,09:01,090100
14,1,Station Bilthoven,08:02,080200
14,2,Leyenseweg,08:04,080400
14,3,2e Brandenburgerweg,08:05,080500
14,4,Konijnenlaan,08:06,080600
14,5,Duivenlaan,08:07,080700
14,6,Poolsterlaan,08:08,080800
14,7,Zonneplein,08:10,081000
14,8,Groenekanseweg,08:12,081200
14,9,Dr. Letteplein,08:13,081300
14,10,Looydijk,08:15,081500
14,11,Hessenweg,08:16,081600
14,12,Alfred Nobellaan,08:17,081700
14,13,Veemarkt,08:21,082100
14,14,Sartreweg,08:23,082300
14,15,Oorsprongpark,08:26,082600
14,16,Wittevrouwen,08:27,082700
14,17,Stadsschouwburg,08:29,082900
14,18,Janskerkhof,08:30,083000
14,19,Neude,08:32,083200
14,20,CS Jaarbeurszijde,08:42,084200
14,21,Lanslaan,08:47,084700
14,22,Europaplein-Noord,08:48,084800
14,23,Kanaleneiland-Zuid,08:50,085000
14,24,P+R Westraven,08:53,085300
14,25,Blokhoeve-Noord,08:54,085400
14,26,Herman Heijermanshove,08:55,085500
14,27,Galecopperdijk,08:56,085600
14,28,Guido Gezellehove,08:58,085800
14,29,Gerbrandypark,08:59,085900
14,30,Rembrandthage,09:00,090000
14,31,Middenweide,09:02,090200
14,32,Landmansweide,09:03,090300
14,33,Antilopeweide,09:04,090400
14,34,De Baten,09:06,090600
14,35,Barnsteendrift,09:07,090700
14,36,Noordstedeweg,09:08,090800
14,37,Nieuwegein City,09:11,091100
15,1,Station Bilthoven,08:12,081200
15,2,Leyenseweg,08:14,081400
15,3,2e Brandenburgerweg,08:15,081500
15,4,Konijnenlaan,08:16,081600
15,5,Duivenlaan,08:17,081700
15,6,Poolsterlaan,08:18,081800
15,7,Zonneplein,08:20,082000
15,8,Groenekanseweg,08:22,082200
15,9,Dr. Letteplein,08:23,082300
15,10,Looydijk,08:25,082500
15,11,Hessenweg,08:26,082600
15,12,Alfred Nobellaan,08:27,082700
15,13,Veemarkt,08:31,083100
15,14,Sartreweg,08:33,083300
15,15,Oorsprongpark,08:36,083600
15,16,Wittevrouwen,08:37,083700
15,17,Stadsschouwburg,08:39,083900
15,18,Janskerkhof,08:40,084000
15,19,Neude,08:42,084200
15,20,CS Jaarbeurszijde,08:52,085200
15,21,Lanslaan,08:57,085700
15,22,Europaplein-Noord,08:58,085800
15,23,Kanaleneiland-Zuid,09:00,090000
15,24,P+R Westraven,09:03,090300
15,25,Blokhoeve-Noord,09:04,090400
15,26,Herman Heijermanshove,09:05,090500
15,27,Galecopperdijk,09:06,090600
15,28,Guido Gezellehove,09:08,090800
15,29,Gerbrandypark,09:09,090900
15,30,Rembrandthage,09:10,091000
15,31,Middenweide,09:12,091200
15,32,Landmansweide,09:13,091300
15,33,Antilopeweide,09:14,091400
15,34,De Baten,09:16,091600
15,35,Barnsteendrift,09:17,091700
15,36,Noordstedeweg,09:18,091800
15,37,Nieuwegein City,09:21,092100
16,1,Station Bilthoven,08:23,082300
16,2,Leyenseweg,08:25,082500
16,3,2e Brandenburgerweg,08:26,082600
16,4,Konijnenlaan,08:27,082700
16,5,Duivenlaan,08:28,082800
16,6,Poolsterlaan,08:29,082900
16,7,Zonneplein,08:31,083100
16,8,Groenekanseweg,08:33,083300
16,9,Dr. Letteplein,08:34,083400
16,10,Looydijk,08:36,083600
16,11,Hessenweg,08:37,083700
16,12,Alfred Nobellaan,08:38,083800
16,13,Veemarkt,08:42,084200
16,14,Sartreweg,08:44,084400
16,15,Oorsprongpark,08:47,084700
16,16,Wittevrouwen,08:48,084800
16,17,Stadsschouwburg,08:50,085000
16,18,Janskerkhof,08:51,085100
16,19,Neude,08:53,085300
16,20,CS Jaarbeurszijde,09:02,090200
16,21,Lanslaan,09:07,090700
16,22,Europaplein-Noord,09:08,090800
16,23,Kanaleneiland-Zuid,09:10,091000
16,24,P+R Westraven,09:13,091300
16,25,Blokhoeve-Noord,09:14,091400
16,26,Herman Heijermanshove,09:15,091500
16,27,Galecopperdijk,09:16,091600
16,28,Guido Gezellehove,09:18,091800
16,29,Gerbrandypark,09:19,091900
16,30,Rembrandthage,09:20,092000
16,31,Middenweide,09:22,092200
16,32,Landmansweide,09:23,092300
16,33,Antilopeweide,09:24,092400
16,34,De Baten,09:26,092600
16,35,Barnsteendrift,09:27,092700
16,36,Noordstedeweg,09:28,092800
16,37,Nieuwegein City,09:31,093100
17,1,Station Bilthoven,08:33,083300
17,2,Leyenseweg,08:35,083500
17,3,2e Brandenburgerweg,08:36,083600
17,4,Konijnenlaan,08:37,083700
17,5,Duivenlaan,08:38,083800
17,6,Poolsterlaan,08:39,083900
17,7,Zonneplein,08:41,084100
17,8,Groenekanseweg,08:43,084300
17,9,Dr. Letteplein,08:44,084400
17,10,Looydijk,08:46,084600
17,11,Hessenweg,08:47,084700
17,12,Alfred Nobellaan,08:48,084800
17,13,Veemarkt,08:52,085200
17,14,Sartreweg,08:54,085400
17,15,Oorsprongpark,08:57,085700
17,16,Wittevrouwen,08:58,085800
17,17,Stadsschouwburg,09:00,090000
17,18,Janskerkhof,09:01,090100
17,19,Neude,09:03,090300
17,20,CS Jaarbeurszijde,09:12,091200
17,21,Lanslaan,09:17,091700
17,22,Europaplein-Noord,09:18,091800
17,23,Kanaleneiland-Zuid,09:20,092000
17,24,P+R Westraven,09:23,092300
17,25,Blokhoeve-Noord,09:24,092400
17,26,Herman Heijermanshove,09:25,092500
17,27,Galecopperdijk,09:26,092600
17,28,Guido Gezellehove,09:28,092800
17,29,Gerbrandypark,09:29,092900
17,30,Rembrandthage,09:30,093000
17,31,Middenweide,09:32,093200
17,32,Landmansweide,09:33,093300
17,33,Antilopeweide,09:34,093400
17,34,De Baten,09:36,093600
17,35,Barnsteendrift,09:37,093700
17,36,Noordstedeweg,09:38,093800
17,37,Nieuwegein City,09:41,094100
18,1,Station Bilthoven,08:45,084500
18,2,Leyenseweg,08:47,084700
18,3,2e Brandenburgerweg,08:48,084800
18,4,Konijnenlaan,08:49,084900
18,5,Duivenlaan,08:50,085000
18,6,Poolsterlaan,08:51,085100
18,7,Zonneplein,08:53,085300
18,8,Groenekanseweg,08:55,085500
18,9,Dr. Letteplein,08:56,085600
18,10,Looydijk,08:58,085800
18,11,Hessenweg,08:59,085900
18,12,Alfred Nobellaan,09:00,090000
18,13,Veemarkt,09:03,090300
18,14,Sartreweg,09:04,090400
18,15,Oorsprongpark,09:07,090700
18,16,Wittevrouwen,09:08,090800
18,17,Stadsschouwburg,09:10,091000
18,18,Janskerkhof,09:11,091100
18,19,Neude,09:13,091300
18,20,CS Jaarbeurszijde,09:22,092200
18,21,Lanslaan,09:27,092700
18,22,Europaplein-Noord,09:28,092800
18,23,Kanaleneiland-Zuid,09:30,093000
18,24,P+R Westraven,09:33,093300
18,25,Blokhoeve-Noord,09:34,093400
18,26,Herman Heijermanshove,09:35,093500
18,27,Galecopperdijk,09:36,093600
18,28,Guido Gezellehove,09:38,093800
18,29,Gerbrandypark,09:39,093900
18,30,Rembrandthage,09:40,094000
18,31,Middenweide,09:42,094200
18,32,Landmansweide,09:43,094300
18,33,Antilopeweide,09:44,094400
18,34,De Baten,09:46,094600
18,35,Barnsteendrift,09:47,094700
18,36,Noordstedeweg,09:48,094800
18,37,Nieuwegein City,09:51,095100
19,1,Station Bilthoven,08:56,085600
19,2,Leyenseweg,08:58,085800
19,3,2e Brandenburgerweg,08:59,085900
19,4,Konijnenlaan,09:00,090000
19,5,Duivenlaan,09:01,090100
19,6,Poolsterlaan,09:02,090200
19,7,Zonneplein,09:03,090300
19,8,Groenekanseweg,09:05,090500
19,9,Dr. Letteplein,09:06,090600
19,10,Looydijk,09:08,090800
19,11,Hessenweg,09:09,090900
19,12,Alfred Nobellaan,09:10,091000
19,13,Veemarkt,09:13,091300
19,14,Sartreweg,09:14,091400
19,15,Oorsprongpark,09:17,091700
19,16,Wittevrouwen,09:18,091800
19,17,Stadsschouwburg,09:20,092000
19,18,Janskerkhof,09:21,092100
19,19,Neude,09:23,092300
19,20,CS Jaarbeurszijde,09:32,093200
19,21,Lanslaan,09:37,093700
19,22,Europaplein-Noord,09:38,093800
19,23,Kanaleneiland-Zuid,09:40,094000
19,24,P+R Westraven,09:43,094300
19,25,Blokhoeve-Noord,09:44,094400
19,26,Herman Heijermanshove,09:45,094500
19,27,Galecopperdijk,09:46,094600
19,28,Guido Gezellehove,09:48,094800
19,29,Gerbrandypark,09:49,094900
19,30,Rembrandthage,09:50,095000
19,31,Middenweide,09:52,095200
19,32,Landmansweide,09:53,095300
19,33,Antilopeweide,09:54,095400
19,34,De Baten,09:56,095600
19,35,Barnsteendrift,09:57,095700
19,36,Noordstedeweg,09:58,095800
19,37,Nieuwegein City,10:01,100100
20,1,Station Bilthoven,09:06,090600
20,2,Leyenseweg,09:08,090800
20,3,2e Brandenburgerweg,09:09,090900
20,4,Konijnenlaan,09:10,091000
20,5,Duivenlaan,09:11,091100
20,6,Poolsterlaan,09:12,091200
20,7,Zonneplein,09:13,091300
20,8,Groenekanseweg,09:15,091500
20,9,Dr. Letteplein,09:16,091600
20,10,Looydijk,09:18,091800
20,11,Hessenweg,09:19,091900
20,12,Alfred Nobellaan,09:20,092000
20,13,Veemarkt,09:23,092300
20,14,Sartreweg,09:24,092400
20,15,Oorsprongpark,09:27,092700
20,16,Wittevrouwen,09:28,092800
20,17,Stadsschouwburg,09:30,093000
20,18,Janskerkhof,09:31,093100
20,19,Neude,09:33,093300
20,20,CS Jaarbeurszijde,09:42,094200
20,21,Lanslaan,09:47,094700
20,22,Europaplein-Noord,09:48,094800
20,23,Kanaleneiland-Zuid,09:50,095000
20,24,P+R Westraven,09:53,095300
20,25,Blokhoeve-Noord,09:54,095400
20,26,Herman Heijermanshove,09:55,095500
20,27,Galecopperdijk,09:56,095600
20,28,Guido Gezellehove,09:58,095800
20,29,Gerbrandypark,09:59,095900
20,30,Rembrandthage,10:00,100000
20,31,Middenweide,10:02,100200
20,32,Landmansweide,10:03,100300
20,33,Antilopeweide,10:04,100400
20,34,De Baten,10:06,100600
20,35,Barnsteendrift,10:07,100700
20,36,Noordstedeweg,10:08,100800
20,37,Nieuwegein City,10:11,101100
21,1,Station Bilthoven,09:16,091600
21,2,Leyenseweg,09:18,091800
21,3,2e Brandenburgerweg,09:19,091900
21,4,Konijnenlaan,09:20,092000
21,5,Duivenlaan,09:21,092100
21,6,Poolsterlaan,09:22,092200
21,7,Zonneplein,09:23,092300
21,8,Groenekanseweg,09:25,092500
21,9,Dr. Letteplein,09:26,092600
21,10,Looydijk,09:28,092800
21,11,Hessenweg,09:29,092900
21,12,Alfred Nobellaan,09:30,093000
21,13,Veemarkt,09:33,093300
21,14,Sartreweg,09:34,093400
21,15,Oorsprongpark,09:37,093700
21,16,Wittevrouwen,09:38,093800
21,17,Stadsschouwburg,09:40,094000
21,18,Janskerkhof,09:41,094100
21,19,Neude,09:43,094300
21,20,CS Jaarbeurszijde,09:52,095200
21,21,Lanslaan,09:57,095700
21,22,Europaplein-Noord,09:58,095800
21,23,Kanaleneiland-Zuid,10:00,100000
21,24,P+R Westraven,10:03,100300
21,25,Blokhoeve-Noord,10:04,100400
21,26,Herman Heijermanshove,10:05,100500
21,27,Galecopperdijk,10:06,100600
21,28,Guido Gezellehove,10:08,100800
21,29,Gerbrandypark,10:09,100900
21,30,Rembrandthage,10:10,101000
21,31,Middenweide,10:12,101200
21,32,Landmansweide,10:13,101300
21,33,Antilopeweide,10:14,101400
21,34,De Baten,10:16,101600
21,35,Barnsteendrift,10:17,101700
21,36,Noordstedeweg,10:18,101800
21,37,Nieuwegein City,10:21,102100
22,1,Station Bilthoven,09:26,092600
22,2,Leyenseweg,09:28,092800
22,3,2e Brandenburgerweg,09:29,092900
22,4,Konijnenlaan,09:30,093000
22,5,Duivenlaan,09:31,093100
22,6,Poolsterlaan,09:32,093200
22,7,Zonneplein,09:33,093300
22,8,Groenekanseweg,09:35,093500
22,9,Dr. Letteplein,09:36,093600
22,10,Looydijk,09:38,093800
22,11,Hessenweg,09:39,093900
22,12,Alfred Nobellaan,09:40,094000
22,13,Veemarkt,09:43,094300
22,14,Sartreweg,09:44,094400
22,15,Oorsprongpark,09:47,094700
22,16,Wittevrouwen,09:48,094800
22,17,Stadsschouwburg,09:50,095000
22,18,Janskerkhof,09:51,095100
22,19,Neude,09:53,095300
22,20,CS Jaarbeurszijde,10:02,100200
22,21,Lanslaan,10:07,100700
22,22,Europaplein-Noord,10:08,100800
22,23,Kanaleneiland-Zuid,10:10,101000
22,24,P+R Westraven,10:13,101300
22,25,Blokhoeve-Noord,10:14,101400
22,26,Herman Heijermanshove,10:15,101500
22,27,Galecopperdijk,10:16,101600
22,28,Guido Gezellehove,10:18,101800
22,29,Gerbrandypark,10:19,101900
22,30,Rembrandthage,10:20,102000
22,31,Middenweide,10:22,102200
22,32,Landmansweide,10:23,102300
22,33,Antilopeweide,10:24,102400
22,34,De Baten,10:26,102600
22,35,Barnsteendrift,10:27,102700
22,36,Noordstedeweg,10:28,102800
22,37,Nieuwegein City,10:31,103100
23,1,Station Bilthoven,09:36,093600
23,2,Leyenseweg,09:38,093800
23,3,2e Brandenburgerweg,09:39,093900
23,4,Konijnenlaan,09:40,094000
23,5,Duivenlaan,09:41,094100
23,6,Poolsterlaan,09:42,094200
23,7,Zonneplein,09:43,094300
23,8,Groenekanseweg,09:45,094500
23,9,Dr. Letteplein,09:46,094600
23,10,Looydijk,09:48,094800
23,11,Hessenweg,09:49,094900
23,12,Alfred Nobellaan,09:50,095000
23,13,Veemarkt,09:53,095300
23,14,Sartreweg,09:54,095400
23,15,Oorsprongpark,09:57,095700
23,16,Wittevrouwen,09:58,095800
23,17,Stadsschouwburg,10:00,100000
23,18,Janskerkhof,10:01,100100
23,19,Neude,10:03,100300
23,20,CS Jaarbeurszijde,10:12,101200
23,21,Lanslaan,10:17,101700
23,22,Europaplein-Noord,10:18,101800
23,23,Kanaleneiland-Zuid,10:20,102000
23,24,P+R Westraven,10:23,102300
23,25,Blokhoeve-Noord,10:24,102400
23,26,Herman Heijermanshove,10:25,102500
23,27,Galecopperdijk,10:26,102600
23,28,Guido Gezellehove,10:28,102800
23,29,Gerbrandypark,10:29,102900
23,30,Rembrandthage,10:30,103000
23,31,Middenweide,10:32,103200
23,32,Landmansweide,10:33,103300
23,33,Antilopeweide,10:34,103400
23,34,De Baten,10:36,103600
23,35,Barnsteendrift,10:37,103700
23,36,Noordstedeweg,10:38,103800
23,37,Nieuwegein City,10:41,104100
24,1,Station Bilthoven,09:46,094600
24,2,Leyenseweg,09:48,094800
24,3,2e Brandenburgerweg,09:49,094900
24,4,Konijnenlaan,09:50,095000
24,5,Duivenlaan,09:51,095100
24,6,Poolsterlaan,09:52,095200
24,7,Zonneplein,09:53,095300
24,8,Groenekanseweg,09:55,095500
24,9,Dr. Letteplein,09:56,095600
24,10,Looydijk,09:58,095800
24,11,Hessenweg,09:59,095900
24,12,Alfred Nobellaan,10:00,100000
24,13,Veemarkt,10:03,100300
24,14,Sartreweg,10:04,100400
24,15,Oorsprongpark,10:07,100700
24,16,Wittevrouwen,10:08,100800
24,17,Stadsschouwburg,10:10,101000
24,18,Janskerkhof,10:11,101100
24,19,Neude,10:13,101300
24,20,CS Jaarbeurszijde,10:22,102200
24,21,Lanslaan,10:27,102700
24,22,Europaplein-Noord,10:28,102800
24,23,Kanaleneiland-Zuid,10:30,103000
24,24,P+R Westraven,10:33,103300
24,25,Blokhoeve-Noord,10:34,103400
24,26,Herman Heijermanshove,10:35,103500
24,27,Galecopperdijk,10:36,103600
24,28,Guido Gezellehove,10:38,103800
24,29,Gerbrandypark,10:39,103900
24,30,Rembrandthage,10:40,104000
24,31,Middenweide,10:42,104200
24,32,Landmansweide,10:43,104300
24,33,Antilopeweide,10:44,104400
24,34,De Baten,10:46,104600
24,35,Barnsteendrift,10:47,104700
24,36,Noordstedeweg,10:48,104800
24,37,Nieuwegein City,10:51,105100
25,1,Station Bilthoven,09:56,095600
25,2,Leyenseweg,09:58,095800
25,3,2e Brandenburgerweg,09:59,095900
25,4,Konijnenlaan,10:00,100000
25,5,Duivenlaan,10:01,100100
25,6,Poolsterlaan,10:02,100200
25,7,Zonneplein,10:03,100300
25,8,Groenekanseweg,10:05,100500
25,9,Dr. Letteplein,10:06,100600
25,10,Looydijk,10:08,100800
25,11,Hessenweg,10:09,100900
25,12,Alfred Nobellaan,10:10,101000
25,13,Veemarkt,10:13,101300
25,14,Sartreweg,10:14,101400
25,15,Oorsprongpark,10:17,101700
25,16,Wittevrouwen,10:18,101800
25,17,Stadsschouwburg,10:20,102000
25,18,Janskerkhof,10:21,102100
25,19,Neude,10:23,102300
25,20,CS Jaarbeurszijde,10:32,103200
25,21,Lanslaan,10:37,103700
25,22,Europaplein-Noord,10:38,103800
25,23,Kanaleneiland-Zuid,10:40,104000
25,24,P+R Westraven,10:43,104300
25,25,Blokhoeve-Noord,10:44,104400
25,26,Herman Heijermanshove,10:45,104500
25,27,Galecopperdijk,10:46,104600
25,28,Guido Gezellehove,10:48,104800
25,29,Gerbrandypark,10:49,104900
25,30,Rembrandthage,10:50,105000
25,31,Middenweide,10:52,105200
25,32,Landmansweide,10:53,105300
25,33,Antilopeweide,10:54,105400
25,34,De Baten,10:56,105600
25,35,Barnsteendrift,10:57,105700
25,36,Noordstedeweg,10:58,105800
25,37,Nieuwegein City,11:01,110100
26,1,Station Bilthoven,10:06,100600
26,2,Leyenseweg,10:08,100800
26,3,2e Brandenburgerweg,10:09,100900
26,4,Konijnenlaan,10:10,101000
26,5,Duivenlaan,10:11,101100
26,6,Poolsterlaan,10:12,101200
26,7,Zonneplein,10:13,101300
26,8,Groenekanseweg,10:15,101500
26,9,Dr. Letteplein,10:16,101600
26,10,Looydijk,10:18,101800
26,11,Hessenweg,10:19,101900
26,12,Alfred Nobellaan,10:20,102000
26,13,Veemarkt,10:23,102300
26,14,Sartreweg,10:24,102400
26,15,Oorsprongpark,10:27,102700
26,16,Wittevrouwen,10:28,102800
26,17,Stadsschouwburg,10:30,103000
26,18,Janskerkhof,10:31,103100
26,19,Neude,10:33,103300
26,20,CS Jaarbeurszijde,10:42,104200
26,21,Lanslaan,10:47,104700
26,22,Europaplein-Noord,10:48,104800
26,23,Kanaleneiland-Zuid,10:50,105000
26,24,P+R Westraven,10:53,105300
26,25,Blokhoeve-Noord,10:54,105400
26,26,Herman Heijermanshove,10:55,105500
26,27,Galecopperdijk,10:56,105600
26,28,Guido Gezellehove,10:58,105800
26,29,Gerbrandypark,10:59,105900
26,30,Rembrandthage,11:00,110000
26,31,Middenweide,11:02,110200
26,32,Landmansweide,11:03,110300
26,33,Antilopeweide,11:04,110400
26,34,De Baten,11:06,110600
26,35,Barnsteendrift,11:07,110700
26,36,Noordstedeweg,11:08,110800
26,37,Nieuwegein City,11:11,111100
27,1,Station Bilthoven,10:16,101600
27,2,Leyenseweg,10:18,101800
27,3,2e Brandenburgerweg,10:19,101900
27,4,Konijnenlaan,10:20,102000
27,5,Duivenlaan,10:21,102100
27,6,Poolsterlaan,10:22,102200
27,7,Zonneplein,10:23,102300
27,8,Groenekanseweg,10:25,102500
27,9,Dr. Letteplein,10:26,102600
27,10,Looydijk,10:28,102800
27,11,Hessenweg,10:29,102900
27,12,Alfred Nobellaan,10:30,103000
27,13,Veemarkt,10:33,103300
27,14,Sartreweg,10:34,103400
27,15,Oorsprongpark,10:37,103700
27,16,Wittevrouwen,10:38,103800
27,17,Stadsschouwburg,10:40,104000
27,18,Janskerkhof,10:41,104100
27,19,Neude,10:43,104300
27,20,CS Jaarbeurszijde,10:52,105200
27,21,Lanslaan,10:57,105700
27,22,Europaplein-Noord,10:58,105800
27,23,Kanaleneiland-Zuid,11:00,110000
27,24,P+R Westraven,11:03,110300
27,25,Blokhoeve-Noord,11:04,110400
27,26,Herman Heijermanshove,11:05,110500
27,27,Galecopperdijk,11:06,110600
27,28,Guido Gezellehove,11:08,110800
27,29,Gerbrandypark,11:09,110900
27,30,Rembrandthage,11:10,111000
27,31,Middenweide,11:12,111200
27,32,Landmansweide,11:13,111300
27,33,Antilopeweide,11:14,111400
27,34,De Baten,11:16,111600
27,35,Barnsteendrift,11:17,111700
27,36,Noordstedeweg,11:18,111800
27,37,Nieuwegein City,11:21,112100
28,1,Station Bilthoven,10:26,102600
28,2,Leyenseweg,10:28,102800
28,3,2e Brandenburgerweg,10:29,102900
28,4,Konijnenlaan,10:30,103000
28,5,Duivenlaan,10:31,103100
28,6,Poolsterlaan,10:32,103200
28,7,Zonneplein,10:33,103300
28,8,Groenekanseweg,10:35,103500
28,9,Dr. Letteplein,10:36,103600
28,10,Looydijk,10:38,103800
28,11,Hessenweg,10:39,103900
28,12,Alfred Nobellaan,10:40,104000
28,13,Veemarkt,10:43,104300
28,14,Sartreweg,10:44,104400
28,15,Oorsprongpark,10:47,104700
28,16,Wittevrouwen,10:48,104800
28,17,Stadsschouwburg,10:50,105000
28,18,Janskerkhof,10:51,105100
28,19,Neude,10:53,105300
28,20,CS Jaarbeurszijde,11:02,110200
28,21,Lanslaan,11:07,110700
28,22,Europaplein-Noord,11:08,110800
28,23,Kanaleneiland-Zuid,11:10,111000
28,24,P+R Westraven,11:13,111300
28,25,Blokhoeve-Noord,11:14,111400
28,26,Herman Heijermanshove,11:15,111500
28,27,Galecopperdijk,11:16,111600
28,28,Guido Gezellehove,11:18,111800
28,29,Gerbrandypark,11:19,111900
28,30,Rembrandthage,11:20,112000
28,31,Middenweide,11:22,112200
28,32,Landmansweide,11:23,112300
28,33,Antilopeweide,11:24,112400
28,34,De Baten,11:26,112600
28,35,Barnsteendrift,11:27,112700
28,36,Noordstedeweg,11:28,112800
28,37,Nieuwegein City,11:31,113100
29,1,Station Bilthoven,10:36,103600
29,2,Leyenseweg,10:38,103800
29,3,2e Brandenburgerweg,10:39,103900
29,4,Konijnenlaan,10:40,104000
29,5,Duivenlaan,10:41,104100
29,6,Poolsterlaan,10:42,104200
29,7,Zonneplein,10:43,104300
29,8,Groenekanseweg,10:45,104500
29,9,Dr. Letteplein,10:46,104600
29,10,Looydijk,10:48,104800
29,11,Hessenweg,10:49,104900
29,12,Alfred Nobellaan,10:50,105000
29,13,Veemarkt,10:53,105300
29,14,Sartreweg,10:54,105400
29,15,Oorsprongpark,10:57,105700
29,16,Wittevrouwen,10:58,105800
29,17,Stadsschouwburg,11:00,110000
29,18,Janskerkhof,11:01,110100
29,19,Neude,11:03,110300
29,20,CS Jaarbeurszijde,11:12,111200
29,21,Lanslaan,11:17,111700
29,22,Europaplein-Noord,11:18,111800
29,23,Kanaleneiland-Zuid,11:20,112000
29,24,P+R Westraven,11:23,112300
29,25,Blokhoeve-Noord,11:24,112400
29,26,Herman Heijermanshove,11:25,112500
29,27,Galecopperdijk,11:26,112600
29,28,Guido Gezellehove,11:28,112800
29,29,Gerbrandypark,11:29,112900
29,30,Rembrandthage,11:30,113000
29,31,Middenweide,11:32,113200
29,32,Landmansweide,11:33,113300
29,33,Antilopeweide,11:34,113400
29,34,De Baten,11:36,113600
29,35,Barnsteendrift,11:37,113700
29,36,Noordstedeweg,11:38,113800
29,37,Nieuwegein City,11:41,114100
30,1,Station Bilthoven,10:46,104600
30,2,Leyenseweg,10:48,104800
30,3,2e Brandenburgerweg,10:49,104900
30,4,Konijnenlaan,10:50,105000
30,5,Duivenlaan,10:51,105100
30,6,Poolsterlaan,10:52,105200
30,7,Zonneplein,10:53,105300
30,8,Groenekanseweg,10:55,105500
30,9,Dr. Letteplein,10:56,105600
30,10,Looydijk,10:58,105800
30,11,Hessenweg,10:59,105900
30,12,Alfred Nobellaan,11:00,110000
30,13,Veemarkt,11:03,110300
30,14,Sartreweg,11:04,110400
30,15,Oorsprongpark,11:07,110700
30,16,Wittevrouwen,11:08,110800
30,17,Stadsschouwburg,11:10,111000
30,18,Janskerkhof,11:11,111100
30,19,Neude,11:13,111300
30,20,CS Jaarbeurszijde,11:22,112200
30,21,Lanslaan,11:27,112700
30,22,Europaplein-Noord,11:28,112800
30,23,Kanaleneiland-Zuid,11:30,113000
30,24,P+R Westraven,11:33,113300
30,25,Blokhoeve-Noord,11:34,113400
30,26,Herman Heijermanshove,11:35,113500
30,27,Galecopperdijk,11:36,113600
30,28,Guido Gezellehove,11:38,113800
30,29,Gerbrandypark,11:39,113900
30,30,Rembrandthage,11:40,114000
30,31,Middenweide,11:42,114200
30,32,Landmansweide,11:43,114300
30,33,Antilopeweide,11:44,114400
30,34,De Baten,11:46,114600
30,35,Barnsteendrift,11:47,114700
30,36,Noordstedeweg,11:48,114800
30,37,Nieuwegein City,11:51,115100
31,1,Station Bilthoven,10:56,105600
31,2,Leyenseweg,10:58,105800
31,3,2e Brandenburgerweg,10:59,105900
31,4,Konijnenlaan,11:00,110000
31,5,Duivenlaan,11:01,110100
31,6,Poolsterlaan,11:02,110200
31,7,Zonneplein,11:03,110300
31,8,Groenekanseweg,11:05,110500
31,9,Dr. Letteplein,11:06,110600
31,10,Looydijk,11:08,110800
31,11,Hessenweg,11:09,110900
31,12,Alfred Nobellaan,11:10,111000
31,13,Veemarkt,11:13,111300
31,14,Sartreweg,11:14,111400
31,15,Oorsprongpark,11:17,111700
31,16,Wittevrouwen,11:18,111800
31,17,Stadsschouwburg,11:20,112000
31,18,Janskerkhof,11:21,112100
31,19,Neude,11:23,112300
31,20,CS Jaarbeurszijde,11:32,113200
31,21,Lanslaan,11:37,113700
31,22,Europaplein-Noord,11:38,113800
31,23,Kanaleneiland-Zuid,11:40,114000
31,24,P+R Westraven,11:43,114300
31,25,Blokhoeve-Noord,11:44,114400
31,26,Herman Heijermanshove,11:45,114500
31,27,Galecopperdijk,11:46,114600
31,28,Guido Gezellehove,11:48,114800
31,29,Gerbrandypark,11:49,114900
31,30,Rembrandthage,11:50,115000
31,31,Middenweide,11:52,115200
31,32,Landmansweide,11:53,115300
31,33,Antilopeweide,11:54,115400
31,34,De Baten,11:56,115600
31,35,Barnsteendrift,11:57,115700
31,36,Noordstedeweg,11:58,115800
31,37,Nieuwegein City,12:01,120100
32,1,Station Bilthoven,11:06,110600
32,2,Leyenseweg,11:08,110800
32,3,2e Brandenburgerweg,11:09,110900
32,4,Konijnenlaan,11:10,111000
32,5,Duivenlaan,11:11,111100
32,6,Poolsterlaan,11:12,111200
32,7,Zonneplein,11:13,111300
32,8,Groenekanseweg,11:15,111500
32,9,Dr. Letteplein,11:16,111600
32,10,Looydijk,11:18,111800
32,11,Hessenweg,11:19,111900
32,12,Alfred Nobellaan,11:20,112000
32,13,Veemarkt,11:23,112300
32,14,Sartreweg,11:24,112400
32,15,Oorsprongpark,11:27,112700
32,16,Wittevrouwen,11:28,112800
32,17,Stadsschouwburg,11:30,113000
32,18,Janskerkhof,11:31,113100
32,19,Neude,11:33,113300
32,20,CS Jaarbeurszijde,11:42,114200
32,21,Lanslaan,11:47,114700
32,22,Europaplein-Noord,11:48,114800
32,23,Kanaleneiland-Zuid,11:50,115000
32,24,P+R Westraven,11:53,115300
32,25,Blokhoeve-Noord,11:54,115400
32,26,Herman Heijermanshove,11:55,115500
32,27,Galecopperdijk,11:56,115600
32,28,Guido Gezellehove,11:58,115800
32,29,Gerbrandypark,11:59,115900
32,30,Rembrandthage,12:00,120000
32,31,Middenweide,12:02,120200
32,32,Landmansweide,12:03,120300
32,33,Antilopeweide,12:04,120400
32,34,De Baten,12:06,120600
32,35,Barnsteendrift,12:07,120700
32,36,Noordstedeweg,12:08,120800
32,37,Nieuwegein City,12:11,121100
33,1,Station Bilthoven,11:16,111600
33,2,Leyenseweg,11:18,111800
33,3,2e Brandenburgerweg,11:19,111900
33,4,Konijnenlaan,11:20,112000
33,5,Duivenlaan,11:21,112100
33,6,Poolsterlaan,11:22,112200
33,7,Zonneplein,11:23,112300
33,8,Groenekanseweg,11:25,112500
33,9,Dr. Letteplein,11:26,112600
33,10,Looydijk,11:28,112800
33,11,Hessenweg,11:29,112900
33,12,Alfred Nobellaan,11:30,113000
33,13,Veemarkt,11:33,113300
33,14,Sartreweg,11:34,113400
33,15,Oorsprongpark,11:37,113700
33,16,Wittevrouwen,11:38,113800
33,17,Stadsschouwburg,11:40,114000
33,18,Janskerkhof,11:41,114100
33,19,Neude,11:43,114300
33,20,CS Jaarbeurszijde,11:52,115200
33,21,Lanslaan,11:57,115700
33,22,Europaplein-Noord,11:58,115800
33,23,Kanaleneiland-Zuid,12:00,120000
33,24,P+R Westraven,12:03,120300
33,25,Blokhoeve-Noord,12:04,120400
33,26,Herman Heijermanshove,12:05,120500
33,27,Galecopperdijk,12:06,120600
33,28,Guido Gezellehove,12:08,120800
33,29,Gerbrandypark,12:09,120900
33,30,Rembrandthage,12:10,121000
33,31,Middenweide,12:12,121200
33,32,Landmansweide,12:13,121300
33,33,Antilopeweide,12:14,121400
33,34,De Baten,12:16,121600
33,35,Barnsteendrift,12:17,121700
33,36,Noordstedeweg,12:18,121800
33,37,Nieuwegein City,12:21,122100
34,1,Station Bilthoven,11:26,112600
34,2,Leyenseweg,11:28,112800
34,3,2e Brandenburgerweg,11:29,112900
34,4,Konijnenlaan,11:30,113000
34,5,Duivenlaan,11:31,113100
34,6,Poolsterlaan,11:32,113200
34,7,Zonneplein,11:33,113300
34,8,Groenekanseweg,11:35,113500
34,9,Dr. Letteplein,11:36,113600
34,10,Looydijk,11:38,113800
34,11,Hessenweg,11:39,113900
34,12,Alfred Nobellaan,11:40,114000
34,13,Veemarkt,11:43,114300
34,14,Sartreweg,11:44,114400
34,15,Oorsprongpark,11:47,114700
34,16,Wittevrouwen,11:48,114800
34,17,Stadsschouwburg,11:50,115000
34,18,Janskerkhof,11:51,115100
34,19,Neude,11:53,115300
34,20,CS Jaarbeurszijde,12:02,120200
34,21,Lanslaan,12:07,120700
34,22,Europaplein-Noord,12:08,120800
34,23,Kanaleneiland-Zuid,12:10,121000
34,24,P+R Westraven,12:13,121300
34,25,Blokhoeve-Noord,12:14,121400
34,26,Herman Heijermanshove,12:15,121500
34,27,Galecopperdijk,12:16,121600
34,28,Guido Gezellehove,12:18,121800
34,29,Gerbrandypark,12:19,121900
34,30,Rembrandthage,12:20,122000
34,31,Middenweide,12:22,122200
34,32,Landmansweide,12:23,122300
34,33,Antilopeweide,12:24,122400
34,34,De Baten,12:26,122600
34,35,Barnsteendrift,12:27,122700
34,36,Noordstedeweg,12:28,122800
34,37,Nieuwegein City,12:31,123100
35,1,Station Bilthoven,11:36,113600
35,2,Leyenseweg,11:38,113800
35,3,2e Brandenburgerweg,11:39,113900
35,4,Konijnenlaan,11:40,114000
35,5,Duivenlaan,11:41,114100
35,6,Poolsterlaan,11:42,114200
35,7,Zonneplein,11:43,114300
35,8,Groenekanseweg,11:45,114500
35,9,Dr. Letteplein,11:46,114600
35,10,Looydijk,11:48,114800
35,11,Hessenweg,11:49,114900
35,12,Alfred Nobellaan,11:50,115000
35,13,Veemarkt,11:53,115300
35,14,Sartreweg,11:54,115400
35,15,Oorsprongpark,11:57,115700
35,16,Wittevrouwen,11:58,115800
35,17,Stadsschouwburg,12:00,120000
35,18,Janskerkhof,12:01,120100
35,19,Neude,12:03,120300
35,20,CS Jaarbeurszijde,12:12,121200
35,21,Lanslaan,12:17,121700
35,22,Europaplein-Noord,12:18,121800
35,23,Kanaleneiland-Zuid,12:20,122000
35,24,P+R Westraven,12:23,122300
35,25,Blokhoeve-Noord,12:24,122400
35,26,Herman Heijermanshove,12:25,122500
35,27,Galecopperdijk,12:26,122600
35,28,Guido Gezellehove,12:28,122800
35,29,Gerbrandypark,12:29,122900
35,30,Rembrandthage,12:30,123000
35,31,Middenweide,12:32,123200
35,32,Landmansweide,12:33,123300
35,33,Antilopeweide,12:34,123400
35,34,De Baten,12:36,123600
35,35,Barnsteendrift,12:37,123700
35,36,Noordstedeweg,12:38,123800
35,37,Nieuwegein City,12:41,124100
36,1,Station Bilthoven,11:46,114600
36,2,Leyenseweg,11:48,114800
36,3,2e Brandenburgerweg,11:49,114900
36,4,Konijnenlaan,11:50,115000
36,5,Duivenlaan,11:51,115100
36,6,Poolsterlaan,11:52,115200
36,7,Zonneplein,11:53,115300
36,8,Groenekanseweg,11:55,115500
36,9,Dr. Letteplein,11:56,115600
36,10,Looydijk,11:58,115800
36,11,Hessenweg,11:59,115900
36,12,Alfred Nobellaan,12:00,120000
36,13,Veemarkt,12:03,120300
36,14,Sartreweg,12:04,120400
36,15,Oorsprongpark,12:07,120700
36,16,Wittevrouwen,12:08,120800
36,17,Stadsschouwburg,12:10,121000
36,18,Janskerkhof,12:11,121100
36,19,Neude,12:13,121300
36,20,CS Jaarbeurszijde,12:22,122200
36,21,Lanslaan,12:27,122700
36,22,Europaplein-Noord,12:28,122800
36,23,Kanaleneiland-Zuid,12:30,123000
36,24,P+R Westraven,12:33,123300
36,25,Blokhoeve-Noord,12:34,123400
36,26,Herman Heijermanshove,12:35,123500
36,27,Galecopperdijk,12:36,123600
36,28,Guido Gezellehove,12:38,123800
36,29,Gerbrandypark,12:39,123900
36,30,Rembrandthage,12:40,124000
36,31,Middenweide,12:42,124200
36,32,Landmansweide,12:43,124300
36,33,Antilopeweide,12:44,124400
36,34,De Baten,12:46,124600
36,35,Barnsteendrift,12:47,124700
36,36,Noordstedeweg,12:48,124800
36,37,Nieuwegein City,12:51,125100
37,1,Station Bilthoven,11:56,115600
37,2,Leyenseweg,11:58,115800
37,3,2e Brandenburgerweg,11:59,115900
37,4,Konijnenlaan,12:00,120000
37,5,Duivenlaan,12:01,120100
37,6,Poolsterlaan,12:02,120200
37,7,Zonneplein,12:03,120300
37,8,Groenekanseweg,12:05,120500
37,9,Dr. Letteplein,12:06,120600
37,10,Looydijk,12:08,120800
37,11,Hessenweg,12:09,120900
37,12,Alfred Nobellaan,12:10,121000
37,13,Veemarkt,12:13,121300
37,14,Sartreweg,12:14,121400
37,15,Oorsprongpark,12:17,121700
37,16,Wittevrouwen,12:18,121800
37,17,Stadsschouwburg,12:20,122000
37,18,Janskerkhof,12:21,122100
37,19,Neude,12:23,122300
37,20,CS Jaarbeurszijde,12:32,123200
37,21,Lanslaan,12:37,123700
37,22,Europaplein-Noord,12:38,123800
37,23,Kanaleneiland-Zuid,12:40,124000
37,24,P+R Westraven,12:43,124300
37,25,Blokhoeve-Noord,12:44,124400
37,26,Herman Heijermanshove,12:45,124500
37,27,Galecopperdijk,12:46,124600
37,28,Guido Gezellehove,12:48,124800
37,29,Gerbrandypark,12:49,124900
37,30,Rembrandthage,12:50,125000
37,31,Middenweide,12:52,125200
37,32,Landmansweide,12:53,125300
37,33,Antilopeweide,12:54,125400
37,34,De Baten,12:56,125600
37,35,Barnsteendrift,12:57,125700
37,36,Noordstedeweg,12:58,125800
37,37,Nieuwegein City,13:01,130100
38,1,Station Bilthoven,12:06,120600
38,2,Leyenseweg,12:08,120800
38,3,2e Brandenburgerweg,12:09,120900
38,4,Konijnenlaan,12:10,121000
38,5,Duivenlaan,12:11,121100
38,6,Poolsterlaan,12:12,121200
38,7,Zonneplein,12:13,121300
38,8,Groenekanseweg,12:15,121500
38,9,Dr. Letteplein,12:16,121600
38,10,Looydijk,12:18,121800
38,11,Hessenweg,12:19,121900
38,12,Alfred Nobellaan,12:20,122000
38,13,Veemarkt,12:23,122300
38,14,Sartreweg,12:24,122400
38,15,Oorsprongpark,12:27,122700
38,16,Wittevrouwen,12:28,122800
38,17,Stadsschouwburg,12:30,123000
38,18,Janskerkhof,12:31,123100
38,19,Neude,12:33,123300
38,20,CS Jaarbeurszijde,12:42,124200
38,21,Lanslaan,12:47,124700
38,22,Europaplein-Noord,12:48,124800
38,23,Kanaleneiland-Zuid,12:50,125000
38,24,P+R Westraven,12:53,125300
38,25,Blokhoeve-Noord,12:54,125400
38,26,Herman Heijermanshove,12:55,125500
38,27,Galecopperdijk,12:56,125600
38,28,Guido Gezellehove,12:58,125800
38,29,Gerbrandypark,12:59,125900
38,30,Rembrandthage,13:00,130000
38,31,Middenweide,13:02,130200
38,32,Landmansweide,13:03,130300
38,33,Antilopeweide,13:04,130400
38,34,De Baten,13:06,130600
38,35,Barnsteendrift,13:07,130700
38,36,Noordstedeweg,13:08,130800
38,37,Nieuwegein City,13:11,131100
39,1,Station Bilthoven,12:16,121600
39,2,Leyenseweg,12:18,121800
39,3,2e Brandenburgerweg,12:19,121900
39,4,Konijnenlaan,12:20,122000
39,5,Duivenlaan,12:21,122100
39,6,Poolsterlaan,12:22,122200
39,7,Zonneplein,12:23,122300
39,8,Groenekanseweg,12:25,122500
39,9,Dr. Letteplein,12:26,122600
39,10,Looydijk,12:28,122800
39,11,Hessenweg,12:29,122900
39,12,Alfred Nobellaan,12:30,123000
39,13,Veemarkt,12:33,123300
39,14,Sartreweg,12:34,123400
39,15,Oorsprongpark,12:37,123700
39,16,Wittevrouwen,12:38,123800
39,17,Stadsschouwburg,12:40,124000
39,18,Janskerkhof,12:41,124100
39,19,Neude,12:43,124300
39,20,CS Jaarbeurszijde,12:52,125200
39,21,Lanslaan,12:57,125700
39,22,Europaplein-Noord,12:58,125800
39,23,Kanaleneiland-Zuid,13:00,130000
39,24,P+R Westraven,13:03,130300
39,25,Blokhoeve-Noord,13:04,130400
39,26,Herman Heijermanshove,13:05,130500
39,27,Galecopperdijk,13:06,130600
39,28,Guido Gezellehove,13:08,130800
39,29,Gerbrandypark,13:09,130900
39,30,Rembrandthage,13:10,131000
39,31,Middenweide,13:12,131200
39,32,Landmansweide,13:13,131300
39,33,Antilopeweide,13:14,131400
39,34,De Baten,13:16,131600
39,35,Barnsteendrift,13:17,131700
39,36,Noordstedeweg,13:18,131800
39,37,Nieuwegein City,13:21,132100
40,1,Station Bilthoven,12:26,122600
40,2,Leyenseweg,12:28,122800
40,3,2e Brandenburgerweg,12:29,122900
40,4,Konijnenlaan,12:30,123000
40,5,Duivenlaan,12:31,123100
40,6,Poolsterlaan,12:32,123200
40,7,Zonneplein,12:33,123300
40,8,Groenekanseweg,12:35,123500
40,9,Dr. Letteplein,12:36,123600
40,10,Looydijk,12:38,123800
40,11,Hessenweg,12:39,123900
40,12,Alfred Nobellaan,12:40,124000
40,13,Veemarkt,12:43,124300
40,14,Sartreweg,12:44,124400
40,15,Oorsprongpark,12:47,124700
40,16,Wittevrouwen,12:48,124800
40,17,Stadsschouwburg,12:50,125000
40,18,Janskerkhof,12:51,125100
40,19,Neude,12:53,125300
40,20,CS Jaarbeurszijde,13:02,130200
40,21,Lanslaan,13:07,130700
40,22,Europaplein-Noord,13:08,130800
40,23,Kanaleneiland-Zuid,13:10,131000
40,24,P+R Westraven,13:13,131300
40,25,Blokhoeve-Noord,13:14,131400
40,26,Herman Heijermanshove,13:15,131500
40,27,Galecopperdijk,13:16,131600
40,28,Guido Gezellehove,13:18,131800
40,29,Gerbrandypark,13:19,131900
40,30,Rembrandthage,13:20,132000
40,31,Middenweide,13:22,132200
40,32,Landmansweide,13:23,132300
40,33,Antilopeweide,13:24,132400
40,34,De Baten,13:26,132600
40,35,Barnsteendrift,13:28,132800
40,36,Noordstedeweg,13:29,132900
40,37,Nieuwegein City,13:32,133200
41,1,Station Bilthoven,12:36,123600
41,2,Leyenseweg,12:38,123800
41,3,2e Brandenburgerweg,12:39,123900
41,4,Konijnenlaan,12:40,124000
41,5,Duivenlaan,12:41,124100
41,6,Poolsterlaan,12:42,124200
41,7,Zonneplein,12:43,124300
41,8,Groenekanseweg,12:45,124500
41,9,Dr. Letteplein,12:46,124600
41,10,Looydijk,12:48,124800
41,11,Hessenweg,12:49,124900
41,12,Alfred Nobellaan,12:50,125000
41,13,Veemarkt,12:53,125300
41,14,Sartreweg,12:54,125400
41,15,Oorsprongpark,12:57,125700
41,16,Wittevrouwen,12:58,125800
41,17,Stadsschouwburg,13:00,130000
41,18,Janskerkhof,13:01,130100
41,19,Neude,13:03,130300
41,20,CS Jaarbeurszijde,13:12,131200
41,21,Lanslaan,13:17,131700
41,22,Europaplein-Noord,13:18,131800
41,23,Kanaleneiland-Zuid,13:20,132000
41,24,P+R Westraven,13:23,132300
41,25,Blokhoeve-Noord,13:25,132500
41,26,Herman Heijermanshove,13:26,132600
41,27,Galecopperdijk,13:27,132700
41,28,Guido Gezellehove,13:29,132900
41,29,Gerbrandypark,13:30,133000
41,30,Rembrandthage,13:31,133100
41,31,Middenweide,13:33,133300
41,32,Landmansweide,13:34,133400
41,33,Antilopeweide,13:35,133500
41,34,De Baten,13:37,133700
41,35,Barnsteendrift,13:39,133900
41,36,Noordstedeweg,13:40,134000
41,37,Nieuwegein City,13:43,134300
42,1,Station Bilthoven,12:46,124600
42,2,Leyenseweg,12:48,124800
42,3,2e Brandenburgerweg,12:49,124900
42,4,Konijnenlaan,12:50,125000
42,5,Duivenlaan,12:51,125100
42,6,Poolsterlaan,12:52,125200
42,7,Zonneplein,12:53,125300
42,8,Groenekanseweg,12:55,125500
42,9,Dr. Letteplein,12:56,125600
42,10,Looydijk,12:58,125800
42,11,Hessenweg,12:59,125900
42,12,Alfred Nobellaan,13:00,130000
42,13,Veemarkt,13:03,130300
42,14,Sartreweg,13:04,130400
42,15,Oorsprongpark,13:07,130700
42,16,Wittevrouwen,13:08,130800
42,17,Stadsschouwburg,13:10,131000
42,18,Janskerkhof,13:11,131100
42,19,Neude,13:13,131300
42,20,CS Jaarbeurszijde,13:22,132200
42,21,Lanslaan,13:27,132700
42,22,Europaplein-Noord,13:28,132800
42,23,Kanaleneiland-Zuid,13:30,133000
42,24,P+R Westraven,13:33,133300
42,25,Blokhoeve-Noord,13:35,133500
42,26,Herman Heijermanshove,13:36,133600
42,27,Galecopperdijk,13:37,133700
42,28,Guido Gezellehove,13:39,133900
42,29,Gerbrandypark,13:40,134000
42,30,Rembrandthage,13:41,134100
42,31,Middenweide,13:43,134300
42,32,Landmansweide,13:44,134400
42,33,Antilopeweide,13:45,134500
42,34,De Baten,13:47,134700
42,35,Barnsteendrift,13:49,134900
42,36,Noordstedeweg,13:50,135000
42,37,Nieuwegein City,13:53,135300
43,1,Station Bilthoven,12:56,125600
43,2,Leyenseweg,12:58,125800
43,3,2e Brandenburgerweg,12:59,125900
43,4,Konijnenlaan,13:00,130000
43,5,Duivenlaan,13:01,130100
43,6,Poolsterlaan,13:02,130200
43,7,Zonneplein,13:03,130300
43,8,Groenekanseweg,13:05,130500
43,9,Dr. Letteplein,13:06,130600
43,10,Looydijk,13:08,130800
43,11,Hessenweg,13:09,130900
43,12,Alfred Nobellaan,13:10,131000
43,13,Veemarkt,13:13,131300
43,14,Sartreweg,13:14,131400
43,15,Oorsprongpark,13:17,131700
43,16,Wittevrouwen,13:18,131800
43,17,Stadsschouwburg,13:20,132000
43,18,Janskerkhof,13:21,132100
43,19,Neude,13:23,132300
43,20,CS Jaarbeurszijde,13:32,133200
43,21,Lanslaan,13:37,133700
43,22,Europaplein-Noord,13:38,133800
43,23,Kanaleneiland-Zuid,13:40,134000
43,24,P+R Westraven,13:43,134300
43,25,Blokhoeve-Noord,13:45,134500
43,26,Herman Heijermanshove,13:46,134600
43,27,Galecopperdijk,13:47,134700
43,28,Guido Gezellehove,13:49,134900
43,29,Gerbrandypark,13:50,135000
43,30,Rembrandthage,13:51,135100
43,31,Middenweide,13:53,135300
43,32,Landmansweide,13:54,135400
43,33,Antilopeweide,13:55,135500
43,34,De Baten,13:57,135700
43,35,Barnsteendrift,13:59,135900
43,36,Noordstedeweg,14:00,140000
43,37,Nieuwegein City,14:03,140300
44,1,Station Bilthoven,13:06,130600
44,2,Leyenseweg,13:08,130800
44,3,2e Brandenburgerweg,13:09,130900
44,4,Konijnenlaan,13:10,131000
44,5,Duivenlaan,13:11,131100
44,6,Poolsterlaan,13:12,131200
44,7,Zonneplein,13:13,131300
44,8,Groenekanseweg,13:15,131500
44,9,Dr. Letteplein,13:16,131600
44,10,Looydijk,13:18,131800
44,11,Hessenweg,13:19,131900
44,12,Alfred Nobellaan,13:20,132000
44,13,Veemarkt,13:23,132300
44,14,Sartreweg,13:24,132400
44,15,Oorsprongpark,13:27,132700
44,16,Wittevrouwen,13:28,132800
44,17,Stadsschouwburg,13:30,133000
44,18,Janskerkhof,13:31,133100
44,19,Neude,13:33,133300
44,20,CS Jaarbeurszijde,13:42,134200
44,21,Lanslaan,13:47,134700
44,22,Europaplein-Noord,13:48,134800
44,23,Kanaleneiland-Zuid,13:50,135000
44,24,P+R Westraven,13:53,135300
44,25,Blokhoeve-Noord,13:55,135500
44,26,Herman Heijermanshove,13:56,135600
44,27,Galecopperdijk,13:57,135700
44,28,Guido Gezellehove,13:59,135900
44,29,Gerbrandypark,14:00,140000
44,30,Rembrandthage,14:01,140100
44,31,Middenweide,14:03,140300
44,32,Landmansweide,14:04,140400
44,33,Antilopeweide,14:05,140500
44,34,De Baten,14:07,140700
44,35,Barnsteendrift,14:09,140900
44,36,Noordstedeweg,14:10,141000
44,37,Nieuwegein City,14:13,141300
45,1,Station Bilthoven,13:16,131600
45,2,Leyenseweg,13:18,131800
45,3,2e Brandenburgerweg,13:19,131900
45,4,Konijnenlaan,13:20,132000
45,5,Duivenlaan,13:21,132100
45,6,Poolsterlaan,13:22,132200
45,7,Zonneplein,13:23,132300
45,8,Groenekanseweg,13:25,132500
45,9,Dr. Letteplein,13:26,132600
45,10,Looydijk,13:28,132800
45,11,Hessenweg,13:29,132900
45,12,Alfred Nobellaan,13:30,133000
45,13,Veemarkt,13:33,133300
45,14,Sartreweg,13:34,133400
45,15,Oorsprongpark,13:37,133700
45,16,Wittevrouwen,13:38,133800
45,17,Stadsschouwburg,13:40,134000
45,18,Janskerkhof,13:41,134100
45,19,Neude,13:43,134300
45,20,CS Jaarbeurszijde,13:52,135200
45,21,Lanslaan,13:57,135700
45,22,Europaplein-Noord,13:58,135800
45,23,Kanaleneiland-Zuid,14:00,140000
45,24,P+R Westraven,14:03,140300
45,25,Blokhoeve-Noord,14:05,140500
45,26,Herman Heijermanshove,14:06,140600
45,27,Galecopperdijk,14:07,140700
45,28,Guido Gezellehove,14:09,140900
45,29,Gerbrandypark,14:10,141000
45,30,Rembrandthage,14:11,141100
45,31,Middenweide,14:13,141300
45,32,Landmansweide,14:14,141400
45,33,Antilopeweide,14:15,141500
45,34,De Baten,14:17,141700
45,35,Barnsteendrift,14:19,141900
45,36,Noordstedeweg,14:20,142000
45,37,Nieuwegein City,14:23,142300
46,1,Station Bilthoven,13:26,132600
46,2,Leyenseweg,13:28,132800
46,3,2e Brandenburgerweg,13:29,132900
46,4,Konijnenlaan,13:30,133000
46,5,Duivenlaan,13:31,133100
46,6,Poolsterlaan,13:32,133200
46,7,Zonneplein,13:33,133300
46,8,Groenekanseweg,13:35,133500
46,9,Dr. Letteplein,13:36,133600
46,10,Looydijk,13:38,133800
46,11,Hessenweg,13:39,133900
46,12,Alfred Nobellaan,13:40,134000
46,13,Veemarkt,13:43,134300
46,14,Sartreweg,13:44,134400
46,15,Oorsprongpark,13:47,134700
46,16,Wittevrouwen,13:48,134800
46,17,Stadsschouwburg,13:50,135000
46,18,Janskerkhof,13:51,135100
46,19,Neude,13:53,135300
46,20,CS Jaarbeurszijde,14:02,140200
46,21,Lanslaan,14:07,140700
46,22,Europaplein-Noord,14:08,140800
46,23,Kanaleneiland-Zuid,14:10,141000
46,24,P+R Westraven,14:13,141300
46,25,Blokhoeve-Noord,14:15,141500
46,26,Herman Heijermanshove,14:16,141600
46,27,Galecopperdijk,14:17,141700
46,28,Guido Gezellehove,14:19,141900
46,29,Gerbrandypark,14:20,142000
46,30,Rembrandthage,14:21,142100
46,31,Middenweide,14:23,142300
46,32,Landmansweide,14:24,142400
46,33,Antilopeweide,14:25,142500
46,34,De Baten,14:27,142700
46,35,Barnsteendrift,14:29,142900
46,36,Noordstedeweg,14:30,143000
46,37,Nieuwegein City,14:33,143300
47,1,Station Bilthoven,13:36,133600
47,2,Leyenseweg,13:38,133800
47,3,2e Brandenburgerweg,13:39,133900
47,4,Konijnenlaan,13:40,134000
47,5,Duivenlaan,13:41,134100
47,6,Poolsterlaan,13:42,134200
47,7,Zonneplein,13:43,134300
47,8,Groenekanseweg,13:45,134500
47,9,Dr. Letteplein,13:46,134600
47,10,Looydijk,13:48,134800
47,11,Hessenweg,13:49,134900
47,12,Alfred Nobellaan,13:50,135000
47,13,Veemarkt,13:53,135300
47,14,Sartreweg,13:54,135400
47,15,Oorsprongpark,13:57,135700
47,16,Wittevrouwen,13:58,135800
47,17,Stadsschouwburg,14:00,140000
47,18,Janskerkhof,14:01,140100
47,19,Neude,14:03,140300
47,20,CS Jaarbeurszijde,14:12,141200
47,21,Lanslaan,14:17,141700
47,22,Europaplein-Noord,14:18,141800
47,23,Kanaleneiland-Zuid,14:20,142000
47,24,P+R Westraven,14:23,142300
47,25,Blokhoeve-Noord,14:25,142500
47,26,Herman Heijermanshove,14:26,142600
47,27,Galecopperdijk,14:27,142700
47,28,Guido Gezellehove,14:29,142900
47,29,Gerbrandypark,14:30,143000
47,30,Rembrandthage,14:31,143100
47,31,Middenweide,14:33,143300
47,32,Landmansweide,14:34,143400
47,33,Antilopeweide,14:35,143500
47,34,De Baten,14:37,143700
47,35,Barnsteendrift,14:39,143900
47,36,Noordstedeweg,14:40,144000
47,37,Nieuwegein City,14:43,144300
48,1,Station Bilthoven,13:46,134600
48,2,Leyenseweg,13:48,134800
48,3,2e Brandenburgerweg,13:49,134900
48,4,Konijnenlaan,13:50,135000
48,5,Duivenlaan,13:51,135100
48,6,Poolsterlaan,13:52,135200
48,7,Zonneplein,13:53,135300
48,8,Groenekanseweg,13:55,135500
48,9,Dr. Letteplein,13:56,135600
48,10,Looydijk,13:58,135800
48,11,Hessenweg,13:59,135900
48,12,Alfred Nobellaan,14:00,140000
48,13,Veemarkt,14:03,140300
48,14,Sartreweg,14:04,140400
48,15,Oorsprongpark,14:07,140700
48,16,Wittevrouwen,14:08,140800
48,17,Stadsschouwburg,14:10,141000
48,18,Janskerkhof,14:11,141100
48,19,Neude,14:13,141300
48,20,CS Jaarbeurszijde,14:22,142200
48,21,Lanslaan,14:27,142700
48,22,Europaplein-Noord,14:28,142800
48,23,Kanaleneiland-Zuid,14:30,143000
48,24,P+R Westraven,14:33,143300
48,25,Blokhoeve-Noord,14:35,143500
48,26,Herman Heijermanshove,14:36,143600
48,27,Galecopperdijk,14:37,143700
48,28,Guido Gezellehove,14:39,143900
48,29,Gerbrandypark,14:40,144000
48,30,Rembrandthage,14:41,144100
48,31,Middenweide,14:43,144300
48,32,Landmansweide,14:44,144400
48,33,Antilopeweide,14:45,144500
48,34,De Baten,14:47,144700
48,35,Barnsteendrift,14:49,144900
48,36,Noordstedeweg,14:50,145000
48,37,Nieuwegein City,14:53,145300
49,1,Station Bilthoven,13:56,135600
49,2,Leyenseweg,13:58,135800
49,3,2e Brandenburgerweg,13:59,135900
49,4,Konijnenlaan,14:00,140000
49,5,Duivenlaan,14:01,140100
49,6,Poolsterlaan,14:02,140200
49,7,Zonneplein,14:03,140300
49,8,Groenekanseweg,14:05,140500
49,9,Dr. Letteplein,14:06,140600
49,10,Looydijk,14:08,140800
49,11,Hessenweg,14:09,140900
49,12,Alfred Nobellaan,14:10,141000
49,13,Veemarkt,14:13,141300
49,14,Sartreweg,14:14,141400
49,15,Oorsprongpark,14:17,141700
49,16,Wittevrouwen,14:18,141800
49,17,Stadsschouwburg,14:20,142000
49,18,Janskerkhof,14:21,142100
49,19,Neude,14:23,142300
49,20,CS Jaarbeurszijde,14:32,143200
49,21,Lanslaan,14:37,143700
49,22,Europaplein-Noord,14:38,143800
49,23,Kanaleneiland-Zuid,14:40,144000
49,24,P+R Westraven,14:43,144300
49,25,Blokhoeve-Noord,14:45,144500
49,26,Herman Heijermanshove,14:46,144600
49,27,Galecopperdijk,14:47,144700
49,28,Guido Gezellehove,14:49,144900
49,29,Gerbrandypark,14:50,145000
49,30,Rembrandthage,14:51,145100
49,31,Middenweide,14:53,145300
49,32,Landmansweide,14:54,145400
49,33,Antilopeweide,14:55,145500
49,34,De Baten,14:57,145700
49,35,Barnsteendrift,14:59,145900
49,36,Noordstedeweg,15:00,150000
49,37,Nieuwegein City,15:03,150300
50,1,Station Bilthoven,14:06,140600
50,2,Leyenseweg,14:08,140800
50,3,2e Brandenburgerweg,14:09,140900
50,4,Konijnenlaan,14:10,141000
50,5,Duivenlaan,14:11,141100
50,6,Poolsterlaan,14:12,141200
50,7,Zonneplein,14:13,141300
50,8,Groenekanseweg,14:15,141500
50,9,Dr. Letteplein,14:16,141600
50,10,Looydijk,14:18,141800
50,11,Hessenweg,14:19,141900
50,12,Alfred Nobellaan,14:20,142000
50,13,Veemarkt,14:23,142300
50,14,Sartreweg,14:24,142400
50,15,Oorsprongpark,14:27,142700
50,16,Wittevrouwen,14:28,142800
50,17,Stadsschouwburg,14:30,143000
50,18,Janskerkhof,14:31,143100
50,19,Neude,14:33,143300
50,20,CS Jaarbeurszijde,14:42,144200
50,21,Lanslaan,14:47,144700
50,22,Europaplein-Noord,14:48,144800
50,23,Kanaleneiland-Zuid,14:50,145000
50,24,P+R Westraven,14:53,145300
50,25,Blokhoeve-Noord,14:55,145500
50,26,Herman Heijermanshove,14:56,145600
50,27,Galecopperdijk,14:57,145700
50,28,Guido Gezellehove,14:59,145900
50,29,Gerbrandypark,15:00,150000
50,30,Rembrandthage,15:01,150100
50,31,Middenweide,15:03,150300
50,32,Landmansweide,15:04,150400
50,33,Antilopeweide,15:05,150500
50,34,De Baten,15:07,150700
50,35,Barnsteendrift,15:09,150900
50,36,Noordstedeweg,15:10,151000
50,37,Nieuwegein City,15:13,151300
51,1,Station Bilthoven,14:16,141600
51,2,Leyenseweg,14:18,141800
51,3,2e Brandenburgerweg,14:19,141900
51,4,Konijnenlaan,14:20,142000
51,5,Duivenlaan,14:21,142100
51,6,Poolsterlaan,14:22,142200
51,7,Zonneplein,14:23,142300
51,8,Groenekanseweg,14:25,142500
51,9,Dr. Letteplein,14:26,142600
51,10,Looydijk,14:28,142800
51,11,Hessenweg,14:29,142900
51,12,Alfred Nobellaan,14:30,143000
51,13,Veemarkt,14:33,143300
51,14,Sartreweg,14:34,143400
51,15,Oorsprongpark,14:37,143700
51,16,Wittevrouwen,14:38,143800
51,17,Stadsschouwburg,14:40,144000
51,18,Janskerkhof,14:41,144100
51,19,Neude,14:43,144300
51,20,CS Jaarbeurszijde,14:52,145200
51,21,Lanslaan,14:57,145700
51,22,Europaplein-Noord,14:58,145800
51,23,Kanaleneiland-Zuid,15:00,150000
51,24,P+R Westraven,15:03,150300
51,25,Blokhoeve-Noord,15:05,150500
51,26,Herman Heijermanshove,15:06,150600
51,27,Galecopperdijk,15:07,150700
51,28,Guido Gezellehove,15:09,150900
51,29,Gerbrandypark,15:10,151000
51,30,Rembrandthage,15:11,151100
51,31,Middenweide,15:13,151300
51,32,Landmansweide,15:14,151400
51,33,Antilopeweide,15:15,151500
51,34,De Baten,15:17,151700
51,35,Barnsteendrift,15:19,151900
51,36,Noordstedeweg,15:20,152000
51,37,Nieuwegein City,15:23,152300
52,1,Station Bilthoven,14:26,142600
52,2,Leyenseweg,14:28,142800
52,3,2e Brandenburgerweg,14:29,142900
52,4,Konijnenlaan,14:30,143000
52,5,Duivenlaan,14:31,143100
52,6,Poolsterlaan,14:32,143200
52,7,Zonneplein,14:33,143300
52,8,Groenekanseweg,14:35,143500
52,9,Dr. Letteplein,14:36,143600
52,10,Looydijk,14:38,143800
52,11,Hessenweg,14:39,143900
52,12,Alfred Nobellaan,14:40,144000
52,13,Veemarkt,14:43,144300
52,14,Sartreweg,14:44,144400
52,15,Oorsprongpark,14:47,144700
52,16,Wittevrouwen,14:48,144800
52,17,Stadsschouwburg,14:50,145000
52,18,Janskerkhof,14:51,145100
52,19,Neude,14:53,145300
52,20,CS Jaarbeurszijde,15:02,150200
52,21,Lanslaan,15:07,150700
52,22,Europaplein-Noord,15:08,150800
52,23,Kanaleneiland-Zuid,15:10,151000
52,24,P+R Westraven,15:13,151300
52,25,Blokhoeve-Noord,15:15,151500
52,26,Herman Heijermanshove,15:16,151600
52,27,Galecopperdijk,15:17,151700
52,28,Guido Gezellehove,15:19,151900
52,29,Gerbrandypark,15:20,152000
52,30,Rembrandthage,15:21,152100
52,31,Middenweide,15:23,152300
52,32,Landmansweide,15:24,152400
52,33,Antilopeweide,15:25,152500
52,34,De Baten,15:27,152700
52,35,Barnsteendrift,15:29,152900
52,36,Noordstedeweg,15:30,153000
52,37,Nieuwegein City,15:33,153300
53,1,Station Bilthoven,14:36,143600
53,2,Leyenseweg,14:38,143800
53,3,2e Brandenburgerweg,14:39,143900
53,4,Konijnenlaan,14:40,144000
53,5,Duivenlaan,14:41,144100
53,6,Poolsterlaan,14:42,144200
53,7,Zonneplein,14:43,144300
53,8,Groenekanseweg,14:45,144500
53,9,Dr. Letteplein,14:46,144600
53,10,Looydijk,14:48,144800
53,11,Hessenweg,14:49,144900
53,12,Alfred Nobellaan,14:50,145000
53,13,Veemarkt,14:53,145300
53,14,Sartreweg,14:54,145400
53,15,Oorsprongpark,14:57,145700
53,16,Wittevrouwen,14:58,145800
53,17,Stadsschouwburg,15:00,150000
53,18,Janskerkhof,15:01,150100
53,19,Neude,15:03,150300
53,20,CS Jaarbeurszijde,15:12,151200
53,21,Lanslaan,15:17,151700
53,22,Europaplein-Noord,15:18,151800
53,23,Kanaleneiland-Zuid,15:20,152000
53,24,P+R Westraven,15:23,152300
53,25,Blokhoeve-Noord,15:25,152500
53,26,Herman Heijermanshove,15:26,152600
53,27,Galecopperdijk,15:27,152700
53,28,Guido Gezellehove,15:29,152900
53,29,Gerbrandypark,15:30,153000
53,30,Rembrandthage,15:31,153100
53,31,Middenweide,15:33,153300
53,32,Landmansweide,15:34,153400
53,33,Antilopeweide,15:35,153500
53,34,De Baten,15:37,153700
53,35,Barnsteendrift,15:39,153900
53,36,Noordstedeweg,15:40,154000
53,37,Nieuwegein City,15:43,154300
54,1,Station Bilthoven,14:46,144600
54,2,Leyenseweg,14:48,144800
54,3,2e Brandenburgerweg,14:49,144900
54,4,Konijnenlaan,14:50,145000
54,5,Duivenlaan,14:51,145100
54,6,Poolsterlaan,14:52,145200
54,7,Zonneplein,14:53,145300
54,8,Groenekanseweg,14:55,145500
54,9,Dr. Letteplein,14:56,145600
54,10,Looydijk,14:58,145800
54,11,Hessenweg,14:59,145900
54,12,Alfred Nobellaan,15:00,150000
54,13,Veemarkt,15:03,150300
54,14,Sartreweg,15:04,150400
54,15,Oorsprongpark,15:07,150700
54,16,Wittevrouwen,15:08,150800
54,17,Stadsschouwburg,15:10,151000
54,18,Janskerkhof,15:11,151100
54,19,Neude,15:13,151300
54,20,CS Jaarbeurszijde,15:22,152200
54,21,Lanslaan,15:27,152700
54,22,Europaplein-Noord,15:28,152800
54,23,Kanaleneiland-Zuid,15:30,153000
54,24,P+R Westraven,15:33,153300
54,25,Blokhoeve-Noord,15:35,153500
54,26,Herman Heijermanshove,15:36,153600
54,27,Galecopperdijk,15:37,153700
54,28,Guido Gezellehove,15:39,153900
54,29,Gerbrandypark,15:40,154000
54,30,Rembrandthage,15:41,154100
54,31,Middenweide,15:43,154300
54,32,Landmansweide,15:44,154400
54,33,Antilopeweide,15:45,154500
54,34,De Baten,15:47,154700
54,35,Barnsteendrift,15:49,154900
54,36,Noordstedeweg,15:50,155000
54,37,Nieuwegein City,15:53,155300
55,1,Station Bilthoven,14:56,145600
55,2,Leyenseweg,14:58,145800
55,3,2e Brandenburgerweg,14:59,145900
55,4,Konijnenlaan,15:00,150000
55,5,Duivenlaan,15:01,150100
55,6,Poolsterlaan,15:02,150200
55,7,Zonneplein,15:03,150300
55,8,Groenekanseweg,15:05,150500
55,9,Dr. Letteplein,15:06,150600
55,10,Looydijk,15:08,150800
55,11,Hessenweg,15:09,150900
55,12,Alfred Nobellaan,15:10,151000
55,13,Veemarkt,15:13,151300
55,14,Sartreweg,15:14,151400
55,15,Oorsprongpark,15:17,151700
55,16,Wittevrouwen,15:18,151800
55,17,Stadsschouwburg,15:20,152000
55,18,Janskerkhof,15:21,152100
55,19,Neude,15:23,152300
55,20,CS Jaarbeurszijde,15:32,153200
55,21,Lanslaan,15:37,153700
55,22,Europaplein-Noord,15:38,153800
55,23,Kanaleneiland-Zuid,15:40,154000
55,24,P+R Westraven,15:43,154300
55,25,Blokhoeve-Noord,15:45,154500
55,26,Herman Heijermanshove,15:46,154600
55,27,Galecopperdijk,15:47,154700
55,28,Guido Gezellehove,15:49,154900
55,29,Gerbrandypark,15:50,155000
55,30,Rembrandthage,15:51,155100
55,31,Middenweide,15:53,155300
55,32,Landmansweide,15:54,155400
55,33,Antilopeweide,15:55,155500
55,34,De Baten,15:57,155700
55,35,Barnsteendrift,15:59,155900
55,36,Noordstedeweg,16:00,160000
55,37,Nieuwegein City,16:03,160300
56,1,Station Bilthoven,15:06,150600
56,2,Leyenseweg,15:08,150800
56,3,2e Brandenburgerweg,15:09,150900
56,4,Konijnenlaan,15:10,151000
56,5,Duivenlaan,15:11,151100
56,6,Poolsterlaan,15:12,151200
56,7,Zonneplein,15:13,151300
56,8,Groenekanseweg,15:15,151500
56,9,Dr. Letteplein,15:16,151600
56,10,Looydijk,15:18,151800
56,11,Hessenweg,15:19,151900
56,12,Alfred Nobellaan,15:20,152000
56,13,Veemarkt,15:23,152300
56,14,Sartreweg,15:24,152400
56,15,Oorsprongpark,15:27,152700
56,16,Wittevrouwen,15:28,152800
56,17,Stadsschouwburg,15:30,153000
56,18,Janskerkhof,15:31,153100
56,19,Neude,15:33,153300
56,20,CS Jaarbeurszijde,15:42,154200
56,21,Lanslaan,15:47,154700
56,22,Europaplein-Noord,15:48,154800
56,23,Kanaleneiland-Zuid,15:50,155000
56,24,P+R Westraven,15:53,155300
56,25,Blokhoeve-Noord,15:55,155500
56,26,Herman Heijermanshove,15:56,155600
56,27,Galecopperdijk,15:57,155700
56,28,Guido Gezellehove,15:59,155900
56,29,Gerbrandypark,16:00,160000
56,30,Rembrandthage,16:01,160100
56,31,Middenweide,16:03,160300
56,32,Landmansweide,16:04,160400
56,33,Antilopeweide,16:05,160500
56,34,De Baten,16:07,160700
56,35,Barnsteendrift,16:09,160900
56,36,Noordstedeweg,16:10,161000
56,37,Nieuwegein City,16:13,161300
57,1,Station Bilthoven,15:16,151600
57,2,Leyenseweg,15:18,151800
57,3,2e Brandenburgerweg,15:19,151900
57,4,Konijnenlaan,15:20,152000
57,5,Duivenlaan,15:21,152100
57,6,Poolsterlaan,15:22,152200
57,7,Zonneplein,15:23,152300
57,8,Groenekanseweg,15:25,152500
57,9,Dr. Letteplein,15:26,152600
57,10,Looydijk,15:28,152800
57,11,Hessenweg,15:29,152900
57,12,Alfred Nobellaan,15:30,153000
57,13,Veemarkt,15:33,153300
57,14,Sartreweg,15:34,153400
57,15,Oorsprongpark,15:37,153700
57,16,Wittevrouwen,15:38,153800
57,17,Stadsschouwburg,15:40,154000
57,18,Janskerkhof,15:41,154100
57,19,Neude,15:43,154300
57,20,CS Jaarbeurszijde,15:52,155200
57,21,Lanslaan,15:57,155700
57,22,Europaplein-Noord,15:58,155800
57,23,Kanaleneiland-Zuid,16:00,160000
57,24,P+R Westraven,16:03,160300
57,25,Blokhoeve-Noord,16:05,160500
57,26,Herman Heijermanshove,16:06,160600
57,27,Galecopperdijk,16:07,160700
57,28,Guido Gezellehove,16:09,160900
57,29,Gerbrandypark,16:10,161000
57,30,Rembrandthage,16:11,161100
57,31,Middenweide,16:13,161300
57,32,Landmansweide,16:14,161400
57,33,Antilopeweide,16:15,161500
57,34,De Baten,16:17,161700
57,35,Barnsteendrift,16:19,161900
57,36,Noordstedeweg,16:20,162000
57,37,Nieuwegein City,16:23,162300
58,1,Station Bilthoven,15:26,152600
58,2,Leyenseweg,15:28,152800
58,3,2e Brandenburgerweg,15:29,152900
58,4,Konijnenlaan,15:30,153000
58,5,Duivenlaan,15:31,153100
58,6,Poolsterlaan,15:32,153200
58,7,Zonneplein,15:33,153300
58,8,Groenekanseweg,15:35,153500
58,9,Dr. Letteplein,15:36,153600
58,10,Looydijk,15:38,153800
58,11,Hessenweg,15:39,153900
58,12,Alfred Nobellaan,15:40,154000
58,13,Veemarkt,15:43,154300
58,14,Sartreweg,15:44,154400
58,15,Oorsprongpark,15:47,154700
58,16,Wittevrouwen,15:48,154800
58,17,Stadsschouwburg,15:50,155000
58,18,Janskerkhof,15:51,155100
58,19,Neude,15:53,155300
58,20,CS Jaarbeurszijde,16:02,160200
58,21,Lanslaan,16:07,160700
58,22,Europaplein-Noord,16:08,160800
58,23,Kanaleneiland-Zuid,16:10,161000
58,24,P+R Westraven,16:13,161300
58,25,Blokhoeve-Noord,16:15,161500
58,26,Herman Heijermanshove,16:16,161600
58,27,Galecopperdijk,16:17,161700
58,28,Guido Gezellehove,16:19,161900
58,29,Gerbrandypark,16:20,162000
58,30,Rembrandthage,16:21,162100
58,31,Middenweide,16:23,162300
58,32,Landmansweide,16:24,162400
58,33,Antilopeweide,16:25,162500
58,34,De Baten,16:27,162700
58,35,Barnsteendrift,16:29,162900
58,36,Noordstedeweg,16:30,163000
58,37,Nieuwegein City,16:33,163300
59,1,Station Bilthoven,15:35,153500
59,2,Leyenseweg,15:37,153700
59,3,2e Brandenburgerweg,15:38,153800
59,4,Konijnenlaan,15:39,153900
59,5,Duivenlaan,15:40,154000
59,6,Poolsterlaan,15:41,154100
59,7,Zonneplein,15:42,154200
59,8,Groenekanseweg,15:44,154400
59,9,Dr. Letteplein,15:45,154500
59,10,Looydijk,15:47,154700
59,11,Hessenweg,15:48,154800
59,12,Alfred Nobellaan,15:49,154900
59,13,Veemarkt,15:52,155200
59,14,Sartreweg,15:53,155300
59,15,Oorsprongpark,15:56,155600
59,16,Wittevrouwen,15:57,155700
59,17,Stadsschouwburg,15:59,155900
59,18,Janskerkhof,16:00,160000
59,19,Neude,16:02,160200
59,20,CS Jaarbeurszijde,16:12,161200
59,21,Lanslaan,16:17,161700
59,22,Europaplein-Noord,16:18,161800
59,23,Kanaleneiland-Zuid,16:20,162000
59,24,P+R Westraven,16:23,162300
59,25,Blokhoeve-Noord,16:25,162500
59,26,Herman Heijermanshove,16:26,162600
59,27,Galecopperdijk,16:27,162700
59,28,Guido Gezellehove,16:29,162900
59,29,Gerbrandypark,16:30,163000
59,30,Rembrandthage,16:31,163100
59,31,Middenweide,16:33,163300
59,32,Landmansweide,16:34,163400
59,33,Antilopeweide,16:35,163500
59,34,De Baten,16:37,163700
59,35,Barnsteendrift,16:39,163900
59,36,Noordstedeweg,16:40,164000
59,37,Nieuwegein City,16:43,164300
60,1,Station Bilthoven,15:45,154500
60,2,Leyenseweg,15:47,154700
60,3,2e Brandenburgerweg,15:48,154800
60,4,Konijnenlaan,15:49,154900
60,5,Duivenlaan,15:50,155000
60,6,Poolsterlaan,15:51,155100
60,7,Zonneplein,15:52,155200
60,8,Groenekanseweg,15:54,155400
60,9,Dr. Letteplein,15:55,155500
60,10,Looydijk,15:57,155700
60,11,Hessenweg,15:58,155800
60,12,Alfred Nobellaan,15:59,155900
60,13,Veemarkt,16:02,160200
60,14,Sartreweg,16:03,160300
60,15,Oorsprongpark,16:06,160600
60,16,Wittevrouwen,16:07,160700
60,17,Stadsschouwburg,16:09,160900
60,18,Janskerkhof,16:10,161000
60,19,Neude,16:12,161200
60,20,CS Jaarbeurszijde,16:22,162200
60,21,Lanslaan,16:27,162700
60,22,Europaplein-Noord,16:28,162800
60,23,Kanaleneiland-Zuid,16:30,163000
60,24,P+R Westraven,16:33,163300
60,25,Blokhoeve-Noord,16:35,163500
60,26,Herman Heijermanshove,16:36,163600
60,27,Galecopperdijk,16:37,163700
60,28,Guido Gezellehove,16:39,163900
60,29,Gerbrandypark,16:40,164000
60,30,Rembrandthage,16:41,164100
60,31,Middenweide,16:43,164300
60,32,Landmansweide,16:44,164400
60,33,Antilopeweide,16:45,164500
60,34,De Baten,16:47,164700
60,35,Barnsteendrift,16:49,164900
60,36,Noordstedeweg,16:50,165000
60,37,Nieuwegein City,16:53,165300
61,1,Station Bilthoven,15:54,155400
61,2,Leyenseweg,15:56,155600
61,3,2e Brandenburgerweg,15:57,155700
61,4,Konijnenlaan,15:58,155800
61,5,Duivenlaan,15:59,155900
61,6,Poolsterlaan,16:00,160000
61,7,Zonneplein,16:01,160100
61,8,Groenekanseweg,16:03,160300
61,9,Dr. Letteplein,16:04,160400
61,10,Looydijk,16:06,160600
61,11,Hessenweg,16:07,160700
61,12,Alfred Nobellaan,16:08,160800
61,13,Veemarkt,16:12,161200
61,14,Sartreweg,16:13,161300
61,15,Oorsprongpark,16:16,161600
61,16,Wittevrouwen,16:17,161700
61,17,Stadsschouwburg,16:19,161900
61,18,Janskerkhof,16:20,162000
61,19,Neude,16:22,162200
61,20,CS Jaarbeurszijde,16:32,163200
61,21,Lanslaan,16:37,163700
61,22,Europaplein-Noord,16:38,163800
61,23,Kanaleneiland-Zuid,16:40,164000
61,24,P+R Westraven,16:43,164300
61,25,Blokhoeve-Noord,16:45,164500
61,26,Herman Heijermanshove,16:46,164600
61,27,Galecopperdijk,16:47,164700
61,28,Guido Gezellehove,16:49,164900
61,29,Gerbrandypark,16:50,165000
61,30,Rembrandthage,16:51,165100
61,31,Middenweide,16:53,165300
61,32,Landmansweide,16:54,165400
61,33,Antilopeweide,16:55,165500
61,34,De Baten,16:57,165700
61,35,Barnsteendrift,16:59,165900
61,36,Noordstedeweg,17:00,170000
61,37,Nieuwegein City,17:03,170300
62,1,Station Bilthoven,16:04,160400
62,2,Leyenseweg,16:06,160600
62,3,2e Brandenburgerweg,16:07,160700
62,4,Konijnenlaan,16:08,160800
62,5,Duivenlaan,16:09,160900
62,6,Poolsterlaan,16:10,161000
62,7,Zonneplein,16:11,161100
62,8,Groenekanseweg,16:13,161300
62,9,Dr. Letteplein,16:14,161400
62,10,Looydijk,16:16,161600
62,11,Hessenweg,16:17,161700
62,12,Alfred Nobellaan,16:18,161800
62,13,Veemarkt,16:22,162200
62,14,Sartreweg,16:23,162300
62,15,Oorsprongpark,16:26,162600
62,16,Wittevrouwen,16:27,162700
62,17,Stadsschouwburg,16:29,162900
62,18,Janskerkhof,16:30,163000
62,19,Neude,16:32,163200
62,20,CS Jaarbeurszijde,16:42,164200
62,21,Lanslaan,16:47,164700
62,22,Europaplein-Noord,16:48,164800
62,23,Kanaleneiland-Zuid,16:50,165000
62,24,P+R Westraven,16:53,165300
62,25,Blokhoeve-Noord,16:55,165500
62,26,Herman Heijermanshove,16:56,165600
62,27,Galecopperdijk,16:57,165700
62,28,Guido Gezellehove,16:59,165900
62,29,Gerbrandypark,17:00,170000
62,30,Rembrandthage,17:01,170100
62,31,Middenweide,17:03,170300
62,32,Landmansweide,17:04,170400
62,33,Antilopeweide,17:05,170500
62,34,De Baten,17:07,170700
62,35,Barnsteendrift,17:09,170900
62,36,Noordstedeweg,17:10,171000
62,37,Nieuwegein City,17:13,171300
63,1,Station Bilthoven,16:14,161400
63,2,Leyenseweg,16:16,161600
63,3,2e Brandenburgerweg,16:17,161700
63,4,Konijnenlaan,16:18,161800
63,5,Duivenlaan,16:19,161900
63,6,Poolsterlaan,16:20,162000
63,7,Zonneplein,16:21,162100
63,8,Groenekanseweg,16:23,162300
63,9,Dr. Letteplein,16:24,162400
63,10,Looydijk,16:26,162600
63,11,Hessenweg,16:27,162700
63,12,Alfred Nobellaan,16:28,162800
63,13,Veemarkt,16:32,163200
63,14,Sartreweg,16:33,163300
63,15,Oorsprongpark,16:36,163600
63,16,Wittevrouwen,16:37,163700
63,17,Stadsschouwburg,16:39,163900
63,18,Janskerkhof,16:40,164000
63,19,Neude,16:42,164200
63,20,CS Jaarbeurszijde,16:52,165200
63,21,Lanslaan,16:57,165700
63,22,Europaplein-Noord,16:58,165800
63,23,Kanaleneiland-Zuid,17:00,170000
63,24,P+R Westraven,17:03,170300
63,25,Blokhoeve-Noord,17:05,170500
63,26,Herman Heijermanshove,17:06,170600
63,27,Galecopperdijk,17:07,170700
63,28,Guido Gezellehove,17:09,170900
63,29,Gerbrandypark,17:10,171000
63,30,Rembrandthage,17:11,171100
63,31,Middenweide,17:13,171300
63,32,Landmansweide,17:14,171400
63,33,Antilopeweide,17:15,171500
63,34,De Baten,17:17,171700
63,35,Barnsteendrift,17:19,171900
63,36,Noordstedeweg,17:20,172000
63,37,Nieuwegein City,17:23,172300
64,1,Station Bilthoven,16:25,162500
64,2,Leyenseweg,16:27,162700
64,3,2e Brandenburgerweg,16:28,162800
64,4,Konijnenlaan,16:29,162900
64,5,Duivenlaan,16:30,163000
64,6,RIVM/1e Brandenburgerw.,16:32,163200
64,7,Dr. Letteplein,16:34,163400
64,8,Looydijk,16:36,163600
64,9,Hessenweg,16:37,163700
64,10,Alfred Nobellaan,16:38,163800
64,11,Veemarkt,16:42,164200
64,12,Sartreweg,16:43,164300
64,13,Oorsprongpark,16:46,164600
64,14,Wittevrouwen,16:47,164700
64,15,Stadsschouwburg,16:49,164900
64,16,Janskerkhof,16:50,165000
64,17,Neude,16:52,165200
64,18,CS Jaarbeurszijde,17:02,170200
64,19,Lanslaan,17:07,170700
64,20,Europaplein-Noord,17:08,170800
64,21,Kanaleneiland-Zuid,17:10,171000
64,22,P+R Westraven,17:13,171300
64,23,Blokhoeve-Noord,17:15,171500
64,24,Herman Heijermanshove,17:16,171600
64,25,Galecopperdijk,17:17,171700
64,26,Guido Gezellehove,17:19,171900
64,27,Gerbrandypark,17:20,172000
64,28,Rembrandthage,17:21,172100
64,29,Middenweide,17:23,172300
64,30,Landmansweide,17:24,172400
64,31,Antilopeweide,17:25,172500
64,32,De Baten,17:27,172700
64,33,Barnsteendrift,17:29,172900
64,34,Noordstedeweg,17:30,173000
64,35,Nieuwegein City,17:33,173300
65,1,Station Bilthoven,16:34,163400
65,2,Leyenseweg,16:36,163600
65,3,2e Brandenburgerweg,16:37,163700
65,4,Konijnenlaan,16:38,163800
65,5,Duivenlaan,16:39,163900
65,6,Poolsterlaan,16:40,164000
65,7,Zonneplein,16:41,164100
65,8,Groenekanseweg,16:43,164300
65,9,Dr. Letteplein,16:44,164400
65,10,Looydijk,16:46,164600
65,11,Hessenweg,16:47,164700
65,12,Alfred Nobellaan,16:48,164800
65,13,Veemarkt,16:52,165200
65,14,Sartreweg,16:53,165300
65,15,Oorsprongpark,16:56,165600
65,16,Wittevrouwen,16:57,165700
65,17,Stadsschouwburg,16:59,165900
65,18,Janskerkhof,17:00,170000
65,19,Neude,17:02,170200
65,20,CS Jaarbeurszijde,17:12,171200
65,21,Lanslaan,17:17,171700
65,22,Europaplein-Noord,17:18,171800
65,23,Kanaleneiland-Zuid,17:20,172000
65,24,P+R Westraven,17:23,172300
65,25,Blokhoeve-Noord,17:25,172500
65,26,Herman Heijermanshove,17:26,172600
65,27,Galecopperdijk,17:27,172700
65,28,Guido Gezellehove,17:29,172900
65,29,Gerbrandypark,17:30,173000
65,30,Rembrandthage,17:31,173100
65,31,Middenweide,17:33,173300
65,32,Landmansweide,17:34,173400
65,33,Antilopeweide,17:35,173500
65,34,De Baten,17:37,173700
65,35,Barnsteendrift,17:38,173800
65,36,Noordstedeweg,17:39,173900
65,37,Nieuwegein City,17:42,174200
66,1,Station Bilthoven,16:45,164500
66,2,Leyenseweg,16:47,164700
66,3,2e Brandenburgerweg,16:48,164800
66,4,Konijnenlaan,16:49,164900
66,5,Duivenlaan,16:50,165000
66,6,RIVM/1e Brandenburgerw.,16:52,165200
66,7,Dr. Letteplein,16:54,165400
66,8,Looydijk,16:56,165600
66,9,Hessenweg,16:57,165700
66,10,Alfred Nobellaan,16:58,165800
66,11,Veemarkt,17:02,170200
66,12,Sartreweg,17:03,170300
66,13,Oorsprongpark,17:06,170600
66,14,Wittevrouwen,17:07,170700
66,15,Stadsschouwburg,17:09,170900
66,16,Janskerkhof,17:10,171000
66,17,Neude,17:12,171200
66,18,CS Jaarbeurszijde,17:22,172200
66,19,Lanslaan,17:27,172700
66,20,Europaplein-Noord,17:28,172800
66,21,Kanaleneiland-Zuid,17:30,173000
66,22,P+R Westraven,17:33,173300
66,23,Blokhoeve-Noord,17:34,173400
66,24,Herman Heijermanshove,17:35,173500
66,25,Galecopperdijk,17:36,173600
66,26,Guido Gezellehove,17:38,173800
66,27,Gerbrandypark,17:39,173900
66,28,Rembrandthage,17:40,174000
66,29,Middenweide,17:42,174200
66,30,Landmansweide,17:43,174300
66,31,Antilopeweide,17:44,174400
66,32,De Baten,17:46,174600
66,33,Barnsteendrift,17:47,174700
66,34,Noordstedeweg,17:48,174800
66,35,Nieuwegein City,17:51,175100
67,1,Station Bilthoven,16:54,165400
67,2,Leyenseweg,16:56,165600
67,3,2e Brandenburgerweg,16:57,165700
67,4,Konijnenlaan,16:58,165800
67,5,Duivenlaan,16:59,165900
67,6,Poolsterlaan,17:00,170000
67,7,Zonneplein,17:01,170100
67,8,Groenekanseweg,17:03,170300
67,9,Dr. Letteplein,17:04,170400
67,10,Looydijk,17:06,170600
67,11,Hessenweg,17:07,170700
67,12,Alfred Nobellaan,17:08,170800
67,13,Veemarkt,17:12,171200
67,14,Sartreweg,17:13,171300
67,15,Oorsprongpark,17:16,171600
67,16,Wittevrouwen,17:17,171700
67,17,Stadsschouwburg,17:19,171900
67,18,Janskerkhof,17:20,172000
67,19,Neude,17:22,172200
67,20,CS Jaarbeurszijde,17:32,173200
67,21,Lanslaan,17:37,173700
67,22,Europaplein-Noord,17:38,173800
67,23,Kanaleneiland-Zuid,17:40,174000
67,24,P+R Westraven,17:43,174300
67,25,Blokhoeve-Noord,17:44,174400
67,26,Herman Heijermanshove,17:45,174500
67,27,Galecopperdijk,17:46,174600
67,28,Guido Gezellehove,17:48,174800
67,29,Gerbrandypark,17:49,174900
67,30,Rembrandthage,17:50,175000
67,31,Middenweide,17:52,175200
67,32,Landmansweide,17:53,175300
67,33,Antilopeweide,17:54,175400
67,34,De Baten,17:56,175600
67,35,Barnsteendrift,17:57,175700
67,36,Noordstedeweg,17:58,175800
67,37,Nieuwegein City,18:01,180100
68,1,Station Bilthoven,17:05,170500
68,2,Leyenseweg,17:07,170700
68,3,2e Brandenburgerweg,17:08,170800
68,4,Konijnenlaan,17:09,170900
68,5,Duivenlaan,17:10,171000
68,6,RIVM/1e Brandenburgerw.,17:12,171200
68,7,Dr. Letteplein,17:14,171400
68,8,Looydijk,17:16,171600
68,9,Hessenweg,17:17,171700
68,10,Alfred Nobellaan,17:18,171800
68,11,Veemarkt,17:22,172200
68,12,Sartreweg,17:23,172300
68,13,Oorsprongpark,17:26,172600
68,14,Wittevrouwen,17:27,172700
68,15,Stadsschouwburg,17:29,172900
68,16,Janskerkhof,17:30,173000
68,17,Neude,17:32,173200
68,18,CS Jaarbeurszijde,17:42,174200
68,19,Lanslaan,17:47,174700
68,20,Europaplein-Noord,17:48,174800
68,21,Kanaleneiland-Zuid,17:50,175000
68,22,P+R Westraven,17:53,175300
68,23,Blokhoeve-Noord,17:54,175400
68,24,Herman Heijermanshove,17:55,175500
68,25,Galecopperdijk,17:56,175600
68,26,Guido Gezellehove,17:58,175800
68,27,Gerbrandypark,17:59,175900
68,28,Rembrandthage,18:00,180000
68,29,Middenweide,18:02,180200
68,30,Landmansweide,18:03,180300
68,31,Antilopeweide,18:04,180400
68,32,De Baten,18:06,180600
68,33,Barnsteendrift,18:07,180700
68,34,Noordstedeweg,18:08,180800
68,35,Nieuwegein City,18:11,181100
69,1,Station Bilthoven,17:14,171400
69,2,Leyenseweg,17:16,171600
69,3,2e Brandenburgerweg,17:17,171700
69,4,Konijnenlaan,17:18,171800
69,5,Duivenlaan,17:19,171900
69,6,Poolsterlaan,17:20,172000
69,7,Zonneplein,17:21,172100
69,8,Groenekanseweg,17:23,172300
69,9,Dr. Letteplein,17:24,172400
69,10,Looydijk,17:26,172600
69,11,Hessenweg,17:27,172700
69,12,Alfred Nobellaan,17:28,172800
69,13,Veemarkt,17:32,173200
69,14,Sartreweg,17:33,173300
69,15,Oorsprongpark,17:36,173600
69,16,Wittevrouwen,17:37,173700
69,17,Stadsschouwburg,17:39,173900
69,18,Janskerkhof,17:40,174000
69,19,Neude,17:42,174200
69,20,CS Jaarbeurszijde,17:52,175200
69,21,Lanslaan,17:57,175700
69,22,Europaplein-Noord,17:58,175800
69,23,Kanaleneiland-Zuid,18:00,180000
69,24,P+R Westraven,18:03,180300
69,25,Blokhoeve-Noord,18:04,180400
69,26,Herman Heijermanshove,18:05,180500
69,27,Galecopperdijk,18:06,180600
69,28,Guido Gezellehove,18:08,180800
69,29,Gerbrandypark,18:09,180900
69,30,Rembrandthage,18:10,181000
69,31,Middenweide,18:12,181200
69,32,Landmansweide,18:13,181300
69,33,Antilopeweide,18:14,181400
69,34,De Baten,18:16,181600
69,35,Barnsteendrift,18:17,181700
69,36,Noordstedeweg,18:18,181800
69,37,Nieuwegein City,18:21,182100
70,1,Station Bilthoven,17:25,172500
70,2,Leyenseweg,17:27,172700
70,3,2e Brandenburgerweg,17:28,172800
70,4,Konijnenlaan,17:29,172900
70,5,Duivenlaan,17:30,173000
70,6,Poolsterlaan,17:31,173100
70,7,Zonneplein,17:32,173200
70,8,Groenekanseweg,17:34,173400
70,9,Dr. Letteplein,17:35,173500
70,10,Looydijk,17:37,173700
70,11,Hessenweg,17:38,173800
70,12,Alfred Nobellaan,17:39,173900
70,13,Veemarkt,17:43,174300
70,14,Sartreweg,17:44,174400
70,15,Oorsprongpark,17:47,174700
70,16,Wittevrouwen,17:48,174800
70,17,Stadsschouwburg,17:50,175000
70,18,Janskerkhof,17:51,175100
70,19,Neude,17:53,175300
70,20,CS Jaarbeurszijde,18:02,180200
70,21,Lanslaan,18:07,180700
70,22,Europaplein-Noord,18:08,180800
70,23,Kanaleneiland-Zuid,18:10,181000
70,24,P+R Westraven,18:13,181300
70,25,Blokhoeve-Noord,18:14,181400
70,26,Herman Heijermanshove,18:15,181500
70,27,Galecopperdijk,18:16,181600
70,28,Guido Gezellehove,18:18,181800
70,29,Gerbrandypark,18:19,181900
70,30,Rembrandthage,18:20,182000
70,31,Middenweide,18:22,182200
70,32,Landmansweide,18:23,182300
70,33,Antilopeweide,18:24,182400
70,34,De Baten,18:26,182600
70,35,Barnsteendrift,18:27,182700
70,36,Noordstedeweg,18:28,182800
70,37,Nieuwegein City,18:31,183100
71,1,Station Bilthoven,17:35,173500
71,2,Leyenseweg,17:37,173700
71,3,2e Brandenburgerweg,17:38,173800
71,4,Konijnenlaan,17:39,173900
71,5,Duivenlaan,17:40,174000
71,6,Poolsterlaan,17:41,174100
71,7,Zonneplein,17:42,174200
71,8,Groenekanseweg,17:44,174400
71,9,Dr. Letteplein,17:45,174500
71,10,Looydijk,17:47,174700
71,11,Hessenweg,17:48,174800
71,12,Alfred Nobellaan,17:49,174900
71,13,Veemarkt,17:53,175300
71,14,Sartreweg,17:54,175400
71,15,Oorsprongpark,17:57,175700
71,16,Wittevrouwen,17:58,175800
71,17,Stadsschouwburg,18:00,180000
71,18,Janskerkhof,18:01,180100
71,19,Neude,18:03,180300
71,20,CS Jaarbeurszijde,18:12,181200
71,21,Lanslaan,18:17,181700
71,22,Europaplein-Noord,18:18,181800
71,23,Kanaleneiland-Zuid,18:20,182000
71,24,P+R Westraven,18:23,182300
71,25,Blokhoeve-Noord,18:24,182400
71,26,Herman Heijermanshove,18:25,182500
71,27,Galecopperdijk,18:26,182600
71,28,Guido Gezellehove,18:28,182800
71,29,Gerbrandypark,18:29,182900
71,30,Rembrandthage,18:30,183000
71,31,Middenweide,18:32,183200
71,32,Landmansweide,18:33,183300
71,33,Antilopeweide,18:34,183400
71,34,De Baten,18:36,183600
71,35,Barnsteendrift,18:37,183700
71,36,Noordstedeweg,18:38,183800
71,37,Nieuwegein City,18:41,184100
72,1,Station Bilthoven,17:46,174600
72,2,Leyenseweg,17:48,174800
72,3,2e Brandenburgerweg,17:49,174900
72,4,Konijnenlaan,17:50,175000
72,5,Duivenlaan,17:51,175100
72,6,Poolsterlaan,17:52,175200
72,7,Zonneplein,17:53,175300
72,8,Groenekanseweg,17:55,175500
72,9,Dr. Letteplein,17:56,175600
72,10,Looydijk,17:58,175800
72,11,Hessenweg,17:59,175900
72,12,Alfred Nobellaan,18:00,180000
72,13,Veemarkt,18:03,180300
72,14,Sartreweg,18:04,180400
72,15,Oorsprongpark,18:07,180700
72,16,Wittevrouwen,18:08,180800
72,17,Stadsschouwburg,18:10,181000
72,18,Janskerkhof,18:11,181100
72,19,Neude,18:13,181300
72,20,CS Jaarbeurszijde,18:22,182200
72,21,Lanslaan,18:27,182700
72,22,Europaplein-Noord,18:28,182800
72,23,Kanaleneiland-Zuid,18:30,183000
72,24,P+R Westraven,18:33,183300
72,25,Blokhoeve-Noord,18:34,183400
72,26,Herman Heijermanshove,18:35,183500
72,27,Galecopperdijk,18:36,183600
72,28,Guido Gezellehove,18:38,183800
72,29,Gerbrandypark,18:39,183900
72,30,Rembrandthage,18:40,184000
72,31,Middenweide,18:42,184200
72,32,Landmansweide,18:43,184300
72,33,Antilopeweide,18:44,184400
72,34,De Baten,18:46,184600
72,35,Barnsteendrift,18:47,184700
72,36,Noordstedeweg,18:48,184800
72,37,Nieuwegein City,18:51,185100
73,1,Station Bilthoven,17:57,175700
73,2,Leyenseweg,17:59,175900
73,3,2e Brandenburgerweg,18:00,180000
73,4,Konijnenlaan,18:01,180100
73,5,Duivenlaan,18:02,180200
73,6,Poolsterlaan,18:03,180300
73,7,Zonneplein,18:04,180400
73,8,Groenekanseweg,18:06,180600
73,9,Dr. Letteplein,18:07,180700
73,10,Looydijk,18:09,180900
73,11,Hessenweg,18:10,181000
73,12,Alfred Nobellaan,18:11,181100
73,13,Veemarkt,18:14,181400
73,14,Sartreweg,18:15,181500
73,15,Oorsprongpark,18:18,181800
73,16,Wittevrouwen,18:19,181900
73,17,Stadsschouwburg,18:21,182100
73,18,Janskerkhof,18:22,182200
73,19,Neude,18:23,182300
73,20,CS Jaarbeurszijde,18:32,183200
73,21,Lanslaan,18:37,183700
73,22,Europaplein-Noord,18:38,183800
73,23,Kanaleneiland-Zuid,18:40,184000
73,24,P+R Westraven,18:43,184300
73,25,Blokhoeve-Noord,18:44,184400
73,26,Herman Heijermanshove,18:45,184500
73,27,Galecopperdijk,18:46,184600
73,28,Guido Gezellehove,18:48,184800
73,29,Gerbrandypark,18:49,184900
73,30,Rembrandthage,18:50,185000
73,31,Middenweide,18:52,185200
73,32,Landmansweide,18:53,185300
73,33,Antilopeweide,18:54,185400
73,34,De Baten,18:56,185600
73,35,Barnsteendrift,18:57,185700
73,36,Noordstedeweg,18:58,185800
73,37,Nieuwegein City,19:01,190100
74,1,Station Bilthoven,18:07,180700
74,2,Leyenseweg,18:09,180900
74,3,2e Brandenburgerweg,18:10,181000
74,4,Konijnenlaan,18:11,181100
74,5,Duivenlaan,18:12,181200
74,6,Poolsterlaan,18:13,181300
74,7,Zonneplein,18:14,181400
74,8,Groenekanseweg,18:16,181600
74,9,Dr. Letteplein,18:17,181700
74,10,Looydijk,18:19,181900
74,11,Hessenweg,18:20,182000
74,12,Alfred Nobellaan,18:21,182100
74,13,Veemarkt,18:24,182400
74,14,Sartreweg,18:25,182500
74,15,Oorsprongpark,18:28,182800
74,16,Wittevrouwen,18:29,182900
74,17,Stadsschouwburg,18:31,183100
74,18,Janskerkhof,18:32,183200
74,19,Neude,18:33,183300
74,20,CS Jaarbeurszijde,18:42,184200
74,21,Lanslaan,18:47,184700
74,22,Europaplein-Noord,18:48,184800
74,23,Kanaleneiland-Zuid,18:50,185000
74,24,P+R Westraven,18:53,185300
74,25,Blokhoeve-Noord,18:54,185400
74,26,Herman Heijermanshove,18:55,185500
74,27,Galecopperdijk,18:56,185600
74,28,Guido Gezellehove,18:58,185800
74,29,Gerbrandypark,18:59,185900
74,30,Rembrandthage,19:00,190000
74,31,Middenweide,19:02,190200
74,32,Landmansweide,19:03,190300
74,33,Antilopeweide,19:04,190400
74,34,De Baten,19:06,190600
74,35,Barnsteendrift,19:07,190700
74,36,Noordstedeweg,19:08,190800
74,37,Nieuwegein City,19:11,191100
75,1,Station Bilthoven,18:19,181900
75,2,Leyenseweg,18:21,182100
75,3,2e Brandenburgerweg,18:22,182200
75,4,Konijnenlaan,18:23,182300
75,5,Duivenlaan,18:24,182400
75,6,Poolsterlaan,18:25,182500
75,7,Zonneplein,18:26,182600
75,8,Groenekanseweg,18:27,182700
75,9,Dr. Letteplein,18:28,182800
75,10,Looydijk,18:30,183000
75,11,Hessenweg,18:31,183100
75,12,Alfred Nobellaan,18:32,183200
75,13,Veemarkt,18:35,183500
75,14,Sartreweg,18:36,183600
75,15,Oorsprongpark,18:39,183900
75,16,Wittevrouwen,18:40,184000
75,17,Stadsschouwburg,18:42,184200
75,18,Janskerkhof,18:43,184300
75,19,Neude,18:44,184400
75,20,CS Jaarbeurszijde,18:53,185300
75,21,Lanslaan,18:58,185800
75,22,Europaplein-Noord,18:59,185900
75,23,Kanaleneiland-Zuid,19:01,190100
75,24,P+R Westraven,19:04,190400
75,25,Blokhoeve-Noord,19:05,190500
75,26,Herman Heijermanshove,19:06,190600
75,27,Galecopperdijk,19:07,190700
75,28,Guido Gezellehove,19:09,190900
75,29,Gerbrandypark,19:10,191000
75,30,Rembrandthage,19:11,191100
75,31,Middenweide,19:13,191300
75,32,Landmansweide,19:14,191400
75,33,Antilopeweide,19:15,191500
75,34,De Baten,19:17,191700
75,35,Barnsteendrift,19:18,191800
75,36,Noordstedeweg,19:19,191900
75,37,Nieuwegein City,19:22,192200
76,1,Station Bilthoven,18:34,183400
76,2,Leyenseweg,18:36,183600
76,3,2e Brandenburgerweg,18:37,183700
76,4,Konijnenlaan,18:38,183800
76,5,Duivenlaan,18:39,183900
76,6,Poolsterlaan,18:40,184000
76,7,Zonneplein,18:41,184100
76,8,Groenekanseweg,18:42,184200
76,9,Dr. Letteplein,18:43,184300
76,10,Looydijk,18:45,184500
76,11,Hessenweg,18:46,184600
76,12,Alfred Nobellaan,18:47,184700
76,13,Veemarkt,18:50,185000
76,14,Sartreweg,18:51,185100
76,15,Oorsprongpark,18:54,185400
76,16,Wittevrouwen,18:55,185500
76,17,Stadsschouwburg,18:57,185700
76,18,Janskerkhof,18:58,185800
76,19,Neude,18:59,185900
76,20,CS Jaarbeurszijde,19:08,190800
76,21,Lanslaan,19:13,191300
76,22,Europaplein-Noord,19:14,191400
76,23,Kanaleneiland-Zuid,19:16,191600
76,24,P+R Westraven,19:19,191900
76,25,Blokhoeve-Noord,19:20,192000
76,26,Herman Heijermanshove,19:21,192100
76,27,Galecopperdijk,19:22,192200
76,28,Guido Gezellehove,19:24,192400
76,29,Gerbrandypark,19:25,192500
76,30,Rembrandthage,19:26,192600
76,31,Middenweide,19:28,192800
76,32,Landmansweide,19:29,192900
76,33,Antilopeweide,19:30,193000
76,34,De Baten,19:32,193200
76,35,Barnsteendrift,19:33,193300
76,36,Noordstedeweg,19:34,193400
76,37,Nieuwegein City,19:37,193700
77,1,Station Bilthoven,18:49,184900
77,2,Leyenseweg,18:51,185100
77,3,2e Brandenburgerweg,18:52,185200
77,4,Konijnenlaan,18:53,185300
77,5,Duivenlaan,18:54,185400
77,6,Poolsterlaan,18:55,185500
77,7,Zonneplein,18:56,185600
77,8,Groenekanseweg,18:57,185700
77,9,Dr. Letteplein,18:58,185800
77,10,Looydijk,19:00,190000
77,11,Hessenweg,19:01,190100
77,12,Alfred Nobellaan,19:02,190200
77,13,Veemarkt,19:05,190500
77,14,Sartreweg,19:06,190600
77,15,Oorsprongpark,19:09,190900
77,16,Wittevrouwen,19:10,191000
77,17,Stadsschouwburg,19:12,191200
77,18,Janskerkhof,19:13,191300
77,19,Neude,19:14,191400
77,20,CS Jaarbeurszijde,19:23,192300
77,21,Lanslaan,19:28,192800
77,22,Europaplein-Noord,19:29,192900
77,23,Kanaleneiland-Zuid,19:31,193100
77,24,P+R Westraven,19:34,193400
77,25,Blokhoeve-Noord,19:35,193500
77,26,Herman Heijermanshove,19:36,193600
77,27,Galecopperdijk,19:37,193700
77,28,Guido Gezellehove,19:39,193900
77,29,Gerbrandypark,19:40,194000
77,30,Rembrandthage,19:41,194100
77,31,Middenweide,19:43,194300
77,32,Landmansweide,19:44,194400
77,33,Antilopeweide,19:45,194500
77,34,De Baten,19:47,194700
77,35,Barnsteendrift,19:48,194800
77,36,Noordstedeweg,19:49,194900
77,37,Nieuwegein City,19:52,195200
78,1,Station Bilthoven,19:04,190400
78,2,Leyenseweg,19:06,190600
78,3,2e Brandenburgerweg,19:07,190700
78,4,Konijnenlaan,19:08,190800
78,5,Duivenlaan,19:09,190900
78,6,Poolsterlaan,19:10,191000
78,7,Zonneplein,19:11,191100
78,8,Groenekanseweg,19:12,191200
78,9,Dr. Letteplein,19:13,191300
78,10,Looydijk,19:15,191500
78,11,Hessenweg,19:16,191600
78,12,Alfred Nobellaan,19:17,191700
78,13,Veemarkt,19:20,192000
78,14,Sartreweg,19:21,192100
78,15,Oorsprongpark,19:24,192400
78,16,Wittevrouwen,19:25,192500
78,17,Stadsschouwburg,19:27,192700
78,18,Janskerkhof,19:28,192800
78,19,Neude,19:29,192900
78,20,CS Jaarbeurszijde,19:38,193800
78,21,Lanslaan,19:43,194300
78,22,Europaplein-Noord,19:44,194400
78,23,Kanaleneiland-Zuid,19:46,194600
78,24,P+R Westraven,19:49,194900
78,25,Blokhoeve-Noord,19:50,195000
78,26,Herman Heijermanshove,19:51,195100
78,27,Galecopperdijk,19:52,195200
78,28,Guido Gezellehove,19:54,195400
78,29,Gerbrandypark,19:55,195500
78,30,Rembrandthage,19:56,195600
78,31,Middenweide,19:58,195800
78,32,Landmansweide,19:59,195900
78,33,Antilopeweide,20:00,200000
78,34,De Baten,20:02,200200
78,35,Barnsteendrift,20:03,200300
78,36,Noordstedeweg,20:04,200400
78,37,Nieuwegein City,20:07,200700
79,1,Station Bilthoven,19:20,192000
79,2,Leyenseweg,19:22,192200
79,3,2e Brandenburgerweg,19:23,192300
79,4,Konijnenlaan,19:24,192400
79,5,Duivenlaan,19:25,192500
79,6,Poolsterlaan,19:26,192600
79,7,Zonneplein,19:27,192700
79,8,Groenekanseweg,19:28,192800
79,9,Dr. Letteplein,19:29,192900
79,10,Looydijk,19:31,193100
79,11,Hessenweg,19:32,193200
79,12,Alfred Nobellaan,19:33,193300
79,13,Veemarkt,19:36,193600
79,14,Sartreweg,19:37,193700
79,15,Oorsprongpark,19:39,193900
79,16,Wittevrouwen,19:40,194000
79,17,Stadsschouwburg,19:42,194200
79,18,Janskerkhof,19:43,194300
79,19,Neude,19:44,194400
79,20,CS Jaarbeurszijde,19:53,195300
79,21,Lanslaan,19:58,195800
79,22,Europaplein-Noord,19:59,195900
79,23,Kanaleneiland-Zuid,20:01,200100
79,24,P+R Westraven,20:04,200400
79,25,Blokhoeve-Noord,20:05,200500
79,26,Herman Heijermanshove,20:06,200600
79,27,Galecopperdijk,20:07,200700
79,28,Guido Gezellehove,20:09,200900
79,29,Gerbrandypark,20:10,201000
79,30,Rembrandthage,20:11,201100
79,31,Middenweide,20:13,201300
79,32,Landmansweide,20:14,201400
79,33,Antilopeweide,20:15,201500
79,34,De Baten,20:17,201700
79,35,Barnsteendrift,20:18,201800
79,36,Noordstedeweg,20:19,201900
79,37,Nieuwegein City,20:22,202200
80,1,Station Bilthoven,19:36,193600
80,2,Leyenseweg,19:38,193800
80,3,2e Brandenburgerweg,19:38,193800
80,4,Konijnenlaan,19:39,193900
80,5,Duivenlaan,19:40,194000
80,6,Poolsterlaan,19:41,194100
80,7,Zonneplein,19:42,194200
80,8,Groenekanseweg,19:43,194300
80,9,Dr. Letteplein,19:44,194400
80,10,Looydijk,19:46,194600
80,11,Hessenweg,19:47,194700
80,12,Alfred Nobellaan,19:48,194800
80,13,Veemarkt,19:51,195100
80,14,Sartreweg,19:52,195200
80,15,Oorsprongpark,19:54,195400
80,16,Wittevrouwen,19:55,195500
80,17,Stadsschouwburg,19:57,195700
80,18,Janskerkhof,19:58,195800
80,19,Neude,19:59,195900
80,20,CS Jaarbeurszijde,20:08,200800
80,21,Lanslaan,20:13,201300
80,22,Europaplein-Noord,20:14,201400
80,23,Kanaleneiland-Zuid,20:16,201600
80,24,P+R Westraven,20:19,201900
80,25,Blokhoeve-Noord,20:20,202000
80,26,Herman Heijermanshove,20:21,202100
80,27,Galecopperdijk,20:22,202200
80,28,Guido Gezellehove,20:24,202400
80,29,Gerbrandypark,20:25,202500
80,30,Rembrandthage,20:26,202600
80,31,Middenweide,20:28,202800
80,32,Landmansweide,20:29,202900
80,33,Antilopeweide,20:30,203000
80,34,De Baten,20:32,203200
80,35,Barnsteendrift,20:33,203300
80,36,Noordstedeweg,20:34,203400
80,37,Nieuwegein City,20:37,203700
81,1,Station Bilthoven,19:51,195100
81,2,Leyenseweg,19:53,195300
81,3,2e Brandenburgerweg,19:53,195300
81,4,Konijnenlaan,19:54,195400
81,5,Duivenlaan,19:55,195500
81,6,Poolsterlaan,19:56,195600
81,7,Zonneplein,19:57,195700
81,8,Groenekanseweg,19:58,195800
81,9,Dr. Letteplein,19:59,195900
81,10,Looydijk,20:01,200100
81,11,Hessenweg,20:02,200200
81,12,Alfred Nobellaan,20:03,200300
81,13,Veemarkt,20:06,200600
81,14,Sartreweg,20:07,200700
81,15,Oorsprongpark,20:09,200900
81,16,Wittevrouwen,20:10,201000
81,17,Stadsschouwburg,20:12,201200
81,18,Janskerkhof,20:13,201300
81,19,Neude,20:14,201400
81,20,CS Jaarbeurszijde,20:23,202300
81,21,Lanslaan,20:28,202800
81,22,Europaplein-Noord,20:29,202900
81,23,Kanaleneiland-Zuid,20:31,203100
81,24,P+R Westraven,20:34,203400
81,25,Blokhoeve-Noord,20:35,203500
81,26,Herman Heijermanshove,20:36,203600
81,27,Galecopperdijk,20:37,203700
81,28,Guido Gezellehove,20:39,203900
81,29,Gerbrandypark,20:40,204000
81,30,Rembrandthage,20:41,204100
81,31,Middenweide,20:43,204300
81,32,Landmansweide,20:44,204400
81,33,Antilopeweide,20:45,204500
81,34,De Baten,20:47,204700
81,35,Barnsteendrift,20:48,204800
81,36,Noordstedeweg,20:49,204900
81,37,Nieuwegein City,20:52,205200
82,1,Station Bilthoven,20:06,200600
82,2,Leyenseweg,20:08,200800
82,3,2e Brandenburgerweg,20:08,200800
82,4,Konijnenlaan,20:09,200900
82,5,Duivenlaan,20:10,201000
82,6,Poolsterlaan,20:11,201100
82,7,Zonneplein,20:12,201200
82,8,Groenekanseweg,20:13,201300
82,9,Dr. Letteplein,20:14,201400
82,10,Looydijk,20:16,201600
82,11,Hessenweg,20:17,201700
82,12,Alfred Nobellaan,20:18,201800
82,13,Veemarkt,20:21,202100
82,14,Sartreweg,20:22,202200
82,15,Oorsprongpark,20:24,202400
82,16,Wittevrouwen,20:25,202500
82,17,Stadsschouwburg,20:27,202700
82,18,Janskerkhof,20:28,202800
82,19,Neude,20:29,202900
82,20,CS Jaarbeurszijde,20:38,203800
82,21,Lanslaan,20:43,204300
82,22,Europaplein-Noord,20:44,204400
82,23,Kanaleneiland-Zuid,20:46,204600
82,24,P+R Westraven,20:49,204900
82,25,Blokhoeve-Noord,20:50,205000
82,26,Herman Heijermanshove,20:51,205100
82,27,Galecopperdijk,20:52,205200
82,28,Guido Gezellehove,20:54,205400
82,29,Gerbrandypark,20:55,205500
82,30,Rembrandthage,20:56,205600
82,31,Middenweide,20:58,205800
82,32,Landmansweide,20:59,205900
82,33,Antilopeweide,21:00,210000
82,34,De Baten,21:02,210200
82,35,Barnsteendrift,21:03,210300
82,36,Noordstedeweg,21:04,210400
82,37,Nieuwegein City,21:07,210700
83,1,Station Bilthoven,20:21,202100
83,2,Leyenseweg,20:23,202300
83,3,2e Brandenburgerweg,20:23,202300
83,4,Konijnenlaan,20:24,202400
83,5,Duivenlaan,20:25,202500
83,6,Poolsterlaan,20:26,202600
83,7,Zonneplein,20:27,202700
83,8,Groenekanseweg,20:28,202800
83,9,Dr. Letteplein,20:29,202900
83,10,Looydijk,20:31,203100
83,11,Hessenweg,20:32,203200
83,12,Alfred Nobellaan,20:33,203300
83,13,Veemarkt,20:36,203600
83,14,Sartreweg,20:37,203700
83,15,Oorsprongpark,20:39,203900
83,16,Wittevrouwen,20:40,204000
83,17,Stadsschouwburg,20:42,204200
83,18,Janskerkhof,20:43,204300
83,19,Neude,20:44,204400
83,20,CS Jaarbeurszijde,20:53,205300
83,21,Lanslaan,20:58,205800
83,22,Europaplein-Noord,20:59,205900
83,23,Kanaleneiland-Zuid,21:01,210100
83,24,P+R Westraven,21:04,210400
83,25,Blokhoeve-Noord,21:05,210500
83,26,Herman Heijermanshove,21:06,210600
83,27,Galecopperdijk,21:07,210700
83,28,Guido Gezellehove,21:09,210900
83,29,Gerbrandypark,21:10,211000
83,30,Rembrandthage,21:11,211100
83,31,Middenweide,21:13,211300
83,32,Landmansweide,21:14,211400
83,33,Antilopeweide,21:15,211500
83,34,De Baten,21:17,211700
83,35,Barnsteendrift,21:18,211800
83,36,Noordstedeweg,21:19,211900
83,37,Nieuwegein City,21:22,212200
84,1,Station Bilthoven,20:36,203600
84,2,Leyenseweg,20:38,203800
84,3,2e Brandenburgerweg,20:38,203800
84,4,Konijnenlaan,20:39,203900
84,5,Duivenlaan,20:40,204000
84,6,Poolsterlaan,20:41,204100
84,7,Zonneplein,20:42,204200
84,8,Groenekanseweg,20:43,204300
84,9,Dr. Letteplein,20:44,204400
84,10,Looydijk,20:46,204600
84,11,Hessenweg,20:47,204700
84,12,Alfred Nobellaan,20:48,204800
84,13,Veemarkt,20:51,205100
84,14,Sartreweg,20:52,205200
84,15,Oorsprongpark,20:54,205400
84,16,Wittevrouwen,20:55,205500
84,17,Stadsschouwburg,20:57,205700
84,18,Janskerkhof,20:58,205800
84,19,Neude,20:59,205900
84,20,CS Jaarbeurszijde,21:08,210800
84,21,Lanslaan,21:13,211300
84,22,Europaplein-Noord,21:14,211400
84,23,Kanaleneiland-Zuid,21:16,211600
84,24,P+R Westraven,21:19,211900
84,25,Blokhoeve-Noord,21:20,212000
84,26,Herman Heijermanshove,21:21,212100
84,27,Galecopperdijk,21:22,212200
84,28,Guido Gezellehove,21:24,212400
84,29,Gerbrandypark,21:25,212500
84,30,Rembrandthage,21:26,212600
84,31,Middenweide,21:28,212800
84,32,Landmansweide,21:29,212900
84,33,Antilopeweide,21:30,213000
84,34,De Baten,21:32,213200
84,35,Barnsteendrift,21:33,213300
84,36,Noordstedeweg,21:34,213400
84,37,Nieuwegein City,21:37,213700
85,1,Station Bilthoven,20:51,205100
85,2,Leyenseweg,20:53,205300
85,3,2e Brandenburgerweg,20:53,205300
85,4,Konijnenlaan,20:54,205400
85,5,Duivenlaan,20:55,205500
85,6,Poolsterlaan,20:56,205600
85,7,Zonneplein,20:57,205700
85,8,Groenekanseweg,20:58,205800
85,9,Dr. Letteplein,20:59,205900
85,10,Looydijk,21:01,210100
85,11,Hessenweg,21:02,210200
85,12,Alfred Nobellaan,21:03,210300
85,13,Veemarkt,21:06,210600
85,14,Sartreweg,21:07,210700
85,15,Oorsprongpark,21:09,210900
85,16,Wittevrouwen,21:10,211000
85,17,Stadsschouwburg,21:12,211200
85,18,Janskerkhof,21:13,211300
85,19,Neude,21:14,211400
85,20,CS Jaarbeurszijde,21:23,212300
85,21,Lanslaan,21:28,212800
85,22,Europaplein-Noord,21:29,212900
85,23,Kanaleneiland-Zuid,21:31,213100
85,24,P+R Westraven,21:34,213400
85,25,Blokhoeve-Noord,21:35,213500
85,26,Herman Heijermanshove,21:36,213600
85,27,Galecopperdijk,21:37,213700
85,28,Guido Gezellehove,21:39,213900
85,29,Gerbrandypark,21:40,214000
85,30,Rembrandthage,21:41,214100
85,31,Middenweide,21:43,214300
85,32,Landmansweide,21:44,214400
85,33,Antilopeweide,21:45,214500
85,34,De Baten,21:47,214700
85,35,Barnsteendrift,21:48,214800
85,36,Noordstedeweg,21:49,214900
85,37,Nieuwegein City,21:52,215200
86,1,Station Bilthoven,21:06,210600
86,2,Leyenseweg,21:08,210800
86,3,2e Brandenburgerweg,21:08,210800
86,4,Konijnenlaan,21:09,210900
86,5,Duivenlaan,21:10,211000
86,6,Poolsterlaan,21:11,211100
86,7,Zonneplein,21:12,211200
86,8,Groenekanseweg,21:13,211300
86,9,Dr. Letteplein,21:14,211400
86,10,Looydijk,21:16,211600
86,11,Hessenweg,21:17,211700
86,12,Alfred Nobellaan,21:18,211800
86,13,Veemarkt,21:21,212100
86,14,Sartreweg,21:22,212200
86,15,Oorsprongpark,21:24,212400
86,16,Wittevrouwen,21:25,212500
86,17,Stadsschouwburg,21:27,212700
86,18,Janskerkhof,21:28,212800
86,19,Neude,21:29,212900
86,20,CS Jaarbeurszijde,21:38,213800
86,21,Lanslaan,21:43,214300
86,22,Europaplein-Noord,21:44,214400
86,23,Kanaleneiland-Zuid,21:46,214600
86,24,P+R Westraven,21:48,214800
86,25,Blokhoeve-Noord,21:49,214900
86,26,Herman Heijermanshove,21:50,215000
86,27,Galecopperdijk,21:51,215100
86,28,Guido Gezellehove,21:53,215300
86,29,Gerbrandypark,21:54,215400
86,30,Rembrandthage,21:55,215500
86,31,Middenweide,21:57,215700
86,32,Landmansweide,21:58,215800
86,33,Antilopeweide,21:59,215900
86,34,De Baten,22:01,220100
86,35,Barnsteendrift,22:02,220200
86,36,Noordstedeweg,22:03,220300
86,37,Nieuwegein City,22:06,220600
87,1,Station Bilthoven,21:21,212100
87,2,Leyenseweg,21:23,212300
87,3,2e Brandenburgerweg,21:23,212300
87,4,Konijnenlaan,21:24,212400
87,5,Duivenlaan,21:25,212500
87,6,Poolsterlaan,21:26,212600
87,7,Zonneplein,21:27,212700
87,8,Groenekanseweg,21:28,212800
87,9,Dr. Letteplein,21:29,212900
87,10,Looydijk,21:31,213100
87,11,Hessenweg,21:32,213200
87,12,Alfred Nobellaan,21:33,213300
87,13,Veemarkt,21:36,213600
87,14,Sartreweg,21:37,213700
87,15,Oorsprongpark,21:39,213900
87,16,Wittevrouwen,21:40,214000
87,17,Stadsschouwburg,21:42,214200
87,18,Janskerkhof,21:43,214300
87,19,Neude,21:44,214400
87,20,CS Jaarbeurszijde,21:53,215300
87,21,Lanslaan,21:57,215700
87,22,Europaplein-Noord,21:58,215800
87,23,Kanaleneiland-Zuid,22:00,220000
87,24,P+R Westraven,22:02,220200
87,25,Blokhoeve-Noord,22:03,220300
87,26,Herman Heijermanshove,22:04,220400
87,27,Galecopperdijk,22:05,220500
87,28,Guido Gezellehove,22:07,220700
87,29,Gerbrandypark,22:08,220800
87,30,Rembrandthage,22:09,220900
87,31,Middenweide,22:11,221100
87,32,Landmansweide,22:12,221200
87,33,Antilopeweide,22:13,221300
87,34,De Baten,22:15,221500
87,35,Barnsteendrift,22:16,221600
87,36,Noordstedeweg,22:17,221700
87,37,Nieuwegein City,22:20,222000
88,1,Station Bilthoven,21:38,213800
88,2,Leyenseweg,21:40,214000
88,3,2e Brandenburgerweg,21:40,214000
88,4,Konijnenlaan,21:41,214100
88,5,Duivenlaan,21:42,214200
88,6,Poolsterlaan,21:43,214300
88,7,Zonneplein,21:44,214400
88,8,Groenekanseweg,21:45,214500
88,9,Dr. Letteplein,21:46,214600
88,10,Looydijk,21:48,214800
88,11,Hessenweg,21:49,214900
88,12,Alfred Nobellaan,21:50,215000
88,13,Veemarkt,21:52,215200
88,14,Sartreweg,21:53,215300
88,15,Oorsprongpark,21:55,215500
88,16,Wittevrouwen,21:56,215600
88,17,Stadsschouwburg,21:57,215700
88,18,Janskerkhof,21:58,215800
88,19,Neude,21:59,215900
88,20,CS Jaarbeurszijde,22:08,220800
88,21,Lanslaan,22:12,221200
88,22,Europaplein-Noord,22:13,221300
88,23,Kanaleneiland-Zuid,22:15,221500
88,24,P+R Westraven,22:17,221700
88,25,Blokhoeve-Noord,22:18,221800
88,26,Herman Heijermanshove,22:19,221900
88,27,Galecopperdijk,22:20,222000
88,28,Guido Gezellehove,22:22,222200
88,29,Gerbrandypark,22:23,222300
88,30,Rembrandthage,22:24,222400
88,31,Middenweide,22:26,222600
88,32,Landmansweide,22:27,222700
88,33,Antilopeweide,22:28,222800
88,34,De Baten,22:30,223000
88,35,Barnsteendrift,22:31,223100
88,36,Noordstedeweg,22:32,223200
88,37,Nieuwegein City,22:35,223500
89,1,Station Bilthoven,21:53,215300
89,2,Leyenseweg,21:55,215500
89,3,2e Brandenburgerweg,21:55,215500
89,4,Konijnenlaan,21:56,215600
89,5,Duivenlaan,21:57,215700
89,6,Poolsterlaan,21:58,215800
89,7,Zonneplein,21:59,215900
89,8,Groenekanseweg,22:00,220000
89,9,Dr. Letteplein,22:01,220100
89,10,Looydijk,22:03,220300
89,11,Hessenweg,22:04,220400
89,12,Alfred Nobellaan,22:05,220500
89,13,Veemarkt,22:07,220700
89,14,Sartreweg,22:08,220800
89,15,Oorsprongpark,22:10,221000
89,16,Wittevrouwen,22:11,221100
89,17,Stadsschouwburg,22:12,221200
89,18,Janskerkhof,22:13,221300
89,19,Neude,22:14,221400
89,20,CS Jaarbeurszijde,22:23,222300
89,21,Lanslaan,22:27,222700
89,22,Europaplein-Noord,22:28,222800
89,23,Kanaleneiland-Zuid,22:30,223000
89,24,P+R Westraven,22:32,223200
89,25,Blokhoeve-Noord,22:33,223300
89,26,Herman Heijermanshove,22:34,223400
89,27,Galecopperdijk,22:35,223500
89,28,Guido Gezellehove,22:37,223700
89,29,Gerbrandypark,22:38,223800
89,30,Rembrandthage,22:39,223900
89,31,Middenweide,22:41,224100
89,32,Landmansweide,22:42,224200
89,33,Antilopeweide,22:43,224300
89,34,De Baten,22:45,224500
89,35,Barnsteendrift,22:46,224600
89,36,Noordstedeweg,22:47,224700
89,37,Nieuwegein City,22:50,225000
90,1,Station Bilthoven,22:08,220800
90,2,Leyenseweg,22:10,221000
90,3,2e Brandenburgerweg,22:10,221000
90,4,Konijnenlaan,22:11,221100
90,5,Duivenlaan,22:12,221200
90,6,Poolsterlaan,22:13,221300
90,7,Zonneplein,22:14,221400
90,8,Groenekanseweg,22:15,221500
90,9,Dr. Letteplein,22:16,221600
90,10,Looydijk,22:18,221800
90,11,Hessenweg,22:19,221900
90,12,Alfred Nobellaan,22:20,222000
90,13,Veemarkt,22:22,222200
90,14,Sartreweg,22:23,222300
90,15,Oorsprongpark,22:25,222500
90,16,Wittevrouwen,22:26,222600
90,17,Stadsschouwburg,22:27,222700
90,18,Janskerkhof,22:28,222800
90,19,Neude,22:29,222900
90,20,CS Jaarbeurszijde,22:38,223800
90,21,Lanslaan,22:42,224200
90,22,Europaplein-Noord,22:43,224300
90,23,Kanaleneiland-Zuid,22:45,224500
90,24,P+R Westraven,22:47,224700
90,25,Blokhoeve-Noord,22:48,224800
90,26,Herman Heijermanshove,22:49,224900
90,27,Galecopperdijk,22:50,225000
90,28,Guido Gezellehove,22:52,225200
90,29,Gerbrandypark,22:53,225300
90,30,Rembrandthage,22:54,225400
90,31,Middenweide,22:56,225600
90,32,Landmansweide,22:57,225700
90,33,Antilopeweide,22:58,225800
90,34,De Baten,23:00,230000
90,35,Barnsteendrift,23:01,230100
90,36,Noordstedeweg,23:02,230200
90,37,Nieuwegein City,23:05,230500
91,1,Station Bilthoven,22:23,222300
91,2,Leyenseweg,22:25,222500
91,3,2e Brandenburgerweg,22:25,222500
91,4,Konijnenlaan,22:26,222600
91,5,Duivenlaan,22:27,222700
91,6,Poolsterlaan,22:28,222800
91,7,Zonneplein,22:29,222900
91,8,Groenekanseweg,22:30,223000
91,9,Dr. Letteplein,22:31,223100
91,10,Looydijk,22:33,223300
91,11,Hessenweg,22:34,223400
91,12,Alfred Nobellaan,22:35,223500
91,13,Veemarkt,22:37,223700
91,14,Sartreweg,22:38,223800
91,15,Oorsprongpark,22:40,224000
91,16,Wittevrouwen,22:41,224100
91,17,Stadsschouwburg,22:42,224200
91,18,Janskerkhof,22:43,224300
91,19,Neude,22:44,224400
91,20,CS Jaarbeurszijde,22:53,225300
91,21,Lanslaan,22:57,225700
91,22,Europaplein-Noord,22:58,225800
91,23,Kanaleneiland-Zuid,23:00,230000
91,24,P+R Westraven,23:02,230200
91,25,Blokhoeve-Noord,23:03,230300
91,26,Herman Heijermanshove,23:04,230400
91,27,Galecopperdijk,23:05,230500
91,28,Guido Gezellehove,23:07,230700
91,29,Gerbrandypark,23:08,230800
91,30,Rembrandthage,23:09,230900
91,31,Middenweide,23:11,231100
91,32,Landmansweide,23:12,231200
91,33,Antilopeweide,23:13,231300
91,34,De Baten,23:15,231500
91,35,Barnsteendrift,23:16,231600
91,36,Noordstedeweg,23:17,231700
91,37,Nieuwegein City,23:20,232000
92,1,Station Bilthoven,22:38,223800
92,2,Leyenseweg,22:40,224000
92,3,2e Brandenburgerweg,22:40,224000
92,4,Konijnenlaan,22:41,224100
92,5,Duivenlaan,22:42,224200
92,6,Poolsterlaan,22:43,224300
92,7,Zonneplein,22:44,224400
92,8,Groenekanseweg,22:45,224500
92,9,Dr. Letteplein,22:46,224600
92,10,Looydijk,22:48,224800
92,11,Hessenweg,22:49,224900
92,12,Alfred Nobellaan,22:50,225000
92,13,Veemarkt,22:52,225200
92,14,Sartreweg,22:53,225300
92,15,Oorsprongpark,22:55,225500
92,16,Wittevrouwen,22:56,225600
92,17,Stadsschouwburg,22:57,225700
92,18,Janskerkhof,22:58,225800
92,19,Neude,22:59,225900
92,20,CS Jaarbeurszijde,23:08,230800
92,21,Lanslaan,23:12,231200
92,22,Europaplein-Noord,23:13,231300
92,23,Kanaleneiland-Zuid,23:15,231500
92,24,P+R Westraven,23:17,231700
92,25,Blokhoeve-Noord,23:18,231800
92,26,Herman Heijermanshove,23:19,231900
92,27,Galecopperdijk,23:20,232000
92,28,Guido Gezellehove,23:21,232100
92,29,Gerbrandypark,23:22,232200
92,30,Rembrandthage,23:23,232300
92,31,Middenweide,23:25,232500
92,32,Landmansweide,23:26,232600
92,33,Antilopeweide,23:27,232700
92,34,De Baten,23:29,232900
92,35,Barnsteendrift,23:30,233000
92,36,Noordstedeweg,23:31,233100
92,37,Nieuwegein City,23:34,233400
93,1,Station Bilthoven,22:53,225300
93,2,Leyenseweg,22:55,225500
93,3,2e Brandenburgerweg,22:55,225500
93,4,Konijnenlaan,22:56,225600
93,5,Duivenlaan,22:57,225700
93,6,Poolsterlaan,22:58,225800
93,7,Zonneplein,22:59,225900
93,8,Groenekanseweg,23:00,230000
93,9,Dr. Letteplein,23:01,230100
93,10,Looydijk,23:03,230300
93,11,Hessenweg,23:04,230400
93,12,Alfred Nobellaan,23:05,230500
93,13,Veemarkt,23:07,230700
93,14,Sartreweg,23:08,230800
93,15,Oorsprongpark,23:10,231000
93,16,Wittevrouwen,23:11,231100
93,17,Stadsschouwburg,23:12,231200
93,18,Janskerkhof,23:13,231300
93,19,Neude,23:14,231400
93,20,CS Jaarbeurszijde,23:23,232300
93,21,Lanslaan,23:27,232700
93,22,Europaplein-Noord,23:28,232800
93,23,Kanaleneiland-Zuid,23:29,232900
93,24,P+R Westraven,23:31,233100
93,25,Blokhoeve-Noord,23:32,233200
93,26,Herman Heijermanshove,23:33,233300
93,27,Galecopperdijk,23:34,233400
93,28,Guido Gezellehove,23:35,233500
93,29,Gerbrandypark,23:36,233600
93,30,Rembrandthage,23:37,233700
93,31,Middenweide,23:39,233900
93,32,Landmansweide,23:40,234000
93,33,Antilopeweide,23:41,234100
93,34,De Baten,23:43,234300
93,35,Barnsteendrift,23:44,234400
93,36,Noordstedeweg,23:45,234500
93,37,Nieuwegein City,23:48,234800
94,1,Station Bilthoven,23:08,230800
94,2,Leyenseweg,23:10,231000
94,3,2e Brandenburgerweg,23:10,231000
94,4,Konijnenlaan,23:11,231100
94,5,Duivenlaan,23:12,231200
94,6,Poolsterlaan,23:13,231300
94,7,Zonneplein,23:14,231400
94,8,Groenekanseweg,23:15,231500
94,9,Dr. Letteplein,23:16,231600
94,10,Looydijk,23:18,231800
94,11,Hessenweg,23:19,231900
94,12,Alfred Nobellaan,23:20,232000
94,13,Veemarkt,23:22,232200
94,14,Sartreweg,23:23,232300
94,15,Oorsprongpark,23:25,232500
94,16,Wittevrouwen,23:26,232600
94,17,Stadsschouwburg,23:27,232700
94,18,Janskerkhof,23:28,232800
94,19,Neude,23:29,232900
94,20,CS Jaarbeurszijde,23:38,233800
94,21,Lanslaan,23:42,234200
94,22,Europaplein-Noord,23:43,234300
94,23,Kanaleneiland-Zuid,23:44,234400
94,24,P+R Westraven,23:46,234600
94,25,Blokhoeve-Noord,23:47,234700
94,26,Herman Heijermanshove,23:48,234800
94,27,Galecopperdijk,23:49,234900
94,28,Guido Gezellehove,23:50,235000
94,29,Gerbrandypark,23:51,235100
94,30,Rembrandthage,23:52,235200
94,31,Middenweide,23:54,235400
94,32,Landmansweide,23:55,235500
94,33,Antilopeweide,23:56,235600
94,34,De Baten,23:58,235800
94,35,Barnsteendrift,23:59,235900
94,36,Noordstedeweg,00:00*,240000
94,37,Nieuwegein City,00:03*,240300
95,1,Station Bilthoven,23:23,232300
95,2,Leyenseweg,23:25,232500
95,3,2e Brandenburgerweg,23:25,232500
95,4,Konijnenlaan,23:26,232600
95,5,Duivenlaan,23:27,232700
95,6,Poolsterlaan,23:28,232800
95,7,Zonneplein,23:29,232900
95,8,Groenekanseweg,23:30,233000
95,9,Dr. Letteplein,23:31,233100
95,10,Looydijk,23:33,233300
95,11,Hessenweg,23:34,233400
95,12,Alfred Nobellaan,23:35,233500
95,13,Veemarkt,23:37,233700
95,14,Sartreweg,23:38,233800
95,15,Oorsprongpark,23:40,234000
95,16,Wittevrouwen,23:41,234100
95,17,Stadsschouwburg,23:42,234200
95,18,Janskerkhof,23:43,234300
95,19,Neude,23:44,234400
95,20,CS Jaarbeurszijde,23:53,235300
95,21,Lanslaan,23:57,235700
95,22,Europaplein-Noord,23:58,235800
95,23,Kanaleneiland-Zuid,23:59,235900
95,24,P+R Westraven,00:01*,240100
95,25,Blokhoeve-Noord,00:02*,240200
95,26,Herman Heijermanshove,00:03*,240300
95,27,Galecopperdijk,00:04*,240400
95,28,Guido Gezellehove,00:05*,240500
95,29,Gerbrandypark,00:06*,240600
95,30,Rembrandthage,00:07*,240700
95,31,Middenweide,00:09*,240900
95,32,Landmansweide,00:10*,241000
95,33,Antilopeweide,00:11*,241100
95,34,De Baten,00:13*,241300
95,35,Barnsteendrift,00:14*,241400
95,36,Noordstedeweg,00:15*,241500
95,37,Nieuwegein City,00:18*,241800
96,1,Station Bilthoven,23:38,233800
96,2,Leyenseweg,23:40,234000
96,3,2e Brandenburgerweg,23:40,234000
96,4,Konijnenlaan,23:41,234100
96,5,Duivenlaan,23:42,234200
96,6,Poolsterlaan,23:43,234300
96,7,Zonneplein,23:44,234400
96,8,Groenekanseweg,23:45,234500
96,9,Dr. Letteplein,23:46,234600
96,10,Looydijk,23:48,234800
96,11,Hessenweg,23:49,234900
96,12,Alfred Nobellaan,23:50,235000
96,13,Veemarkt,23:52,235200
96,14,Sartreweg,23:53,235300
96,15,Oorsprongpark,23:55,235500
96,16,Wittevrouwen,23:56,235600
96,17,Stadsschouwburg,23:57,235700
96,18,Janskerkhof,23:58,235800
96,19,Neude,23:59,235900
96,20,CS Jaarbeurszijde,00:08*,240800
96,21,Lanslaan,00:12*,241200
96,22,Europaplein-Noord,00:13*,241300
96,23,Kanaleneiland-Zuid,00:14*,241400
96,24,P+R Westraven,00:16*,241600
96,25,Blokhoeve-Noord,00:17*,241700
96,26,Herman Heijermanshove,00:18*,241800
96,27,Galecopperdijk,00:19*,241900
96,28,Guido Gezellehove,00:20*,242000
96,29,Gerbrandypark,00:21*,242100
96,30,Rembrandthage,00:22*,242200
96,31,Middenweide,00:24*,242400
96,32,Landmansweide,00:25*,242500
96,33,Antilopeweide,00:26*,242600
96,34,De Baten,00:28*,242800
96,35,Barnsteendrift,00:29*,242900
96,36,Noordstedeweg,00:30*,243000
96,37,Nieuwegein City,00:33*,243300
97,1,Station Bilthoven,23:54,235400
97,2,Leyenseweg,23:56,235600
97,3,2e Brandenburgerweg,23:56,235600
97,4,Konijnenlaan,23:57,235700
97,5,Duivenlaan,23:58,235800
97,6,Poolsterlaan,23:59,235900
97,7,Zonneplein,00:00*,240000
97,8,Groenekanseweg,00:01*,240100
97,9,Dr. Letteplein,00:02*,240200
97,10,Looydijk,00:04*,240400
97,11,Hessenweg,00:05*,240500
97,12,Alfred Nobellaan,00:06*,240600
97,13,Veemarkt,00:08*,240800
97,14,Sartreweg,00:09*,240900
97,15,Oorsprongpark,00:11*,241100
97,16,Wittevrouwen,00:12*,241200
97,17,Stadsschouwburg,00:13*,241300
97,18,Janskerkhof,00:14*,241400
97,19,Neude,00:15*,241500
97,20,CS Jaarbeurszijde,00:24*,242400
97,21,Lanslaan,00:28*,242800
97,22,Europaplein-Noord,00:29*,242900
97,23,Kanaleneiland-Zuid,00:30*,243000
97,24,P+R Westraven,00:32*,243200
97,25,Blokhoeve-Noord,00:33*,243300
97,26,Herman Heijermanshove,00:34*,243400
97,27,Galecopperdijk,00:35*,243500
97,28,Guido Gezellehove,00:36*,243600
97,29,Gerbrandypark,00:37*,243700
97,30,Rembrandthage,00:38*,243800
97,31,Middenweide,00:40*,244000
97,32,Landmansweide,00:41*,244100
97,33,Antilopeweide,00:42*,244200
97,34,De Baten,00:44*,244400
97,35,Barnsteendrift,00:45*,244500
97,36,Noordstedeweg,00:46*,244600
97,37,Nieuwegein City,00:49*,244900
98,1,Station Bilthoven,00:09*,240900
98,2,Leyenseweg,00:11*,241100
98,3,2e Brandenburgerweg,00:11*,241100
98,4,Konijnenlaan,00:12*,241200
98,5,Duivenlaan,00:13*,241300
98,6,Poolsterlaan,00:14*,241400
98,7,Zonneplein,00:15*,241500
98,8,Groenekanseweg,00:16*,241600
98,9,Dr. Letteplein,00:17*,241700
98,10,Looydijk,00:19*,241900
98,11,Hessenweg,00:20*,242000
98,12,Alfred Nobellaan,00:21*,242100
98,13,Veemarkt,00:23*,242300
98,14,Sartreweg,00:24*,242400
98,15,Oorsprongpark,00:26*,242600
98,16,Wittevrouwen,00:27*,242700
98,17,Stadsschouwburg,00:28*,242800
98,18,Janskerkhof,00:29*,242900
98,19,Neude,00:30*,243000
98,20,CS Jaarbeurszijde,00:39*,243900
98,21,Lanslaan,00:43*,244300
98,22,Europaplein-Noord,00:44*,244400
98,23,Kanaleneiland-Zuid,00:45*,244500
98,24,P+R Westraven,00:47*,244700
98,25,Blokhoeve-Noord,00:48*,244800
98,26,Herman Heijermanshove,00:49*,244900
98,27,Galecopperdijk,00:50*,245000
98,28,Guido Gezellehove,00:51*,245100
98,29,Gerbrandypark,00:52*,245200
98,30,Rembrandthage,00:53*,245300
98,31,Middenweide,00:55*,245500
98,32,Landmansweide,00:56*,245600
98,33,Antilopeweide,00:57*,245700
98,34,De Baten,00:59*,245900
98,35,Barnsteendrift,01:00*,250000
98,36,Noordstedeweg,01:01*,250100
98,37,Nieuwegein City,01:04*,250400
99,1,Station Bilthoven,00:27*,242700
99,2,Leyenseweg,00:29*,242900
99,3,2e Brandenburgerweg,00:29*,242900
99,4,Konijnenlaan,00:30*,243000
99,5,Duivenlaan,00:31*,243100
99,6,Poolsterlaan,00:32*,243200
99,7,Zonneplein,00:33*,243300
99,8,Groenekanseweg,00:34*,243400
99,9,Dr. Letteplein,00:35*,243500
99,10,Looydijk,00:37*,243700
99,11,Hessenweg,00:38*,243800
99,12,Alfred Nobellaan,00:39*,243900
99,13,Veemarkt,00:41*,244100
99,14,Sartreweg,00:42*,244200
99,15,Oorsprongpark,00:44*,244400
99,16,Wittevrouwen,00:45*,244500
99,17,Stadsschouwburg,00:46*,244600
99,18,Janskerkhof,00:47*,244700
99,19,Neude,00:48*,244800
99,20,CS Jaarbeurszijde,01:00*,250000
99,21,Lanslaan,01:04*,250400
99,22,Europaplein-Noord,01:05*,250500
99,23,Kanaleneiland-Zuid,01:06*,250600
99,24,P+R Westraven,01:08*,250800
99,25,Blokhoeve-Noord,01:09*,250900
99,26,Herman Heijermanshove,01:10*,251000
99,27,Galecopperdijk,01:11*,251100
99,28,Guido Gezellehove,01:12*,251200
99,29,Gerbrandypark,01:13*,251300
99,30,Rembrandthage,01:14*,251400
99,31,Middenweide,01:16*,251600
99,32,Landmansweide,01:17*,251700
99,33,Antilopeweide,01:18*,251800
99,34,De Baten,01:20*,252000
99,35,Barnsteendrift,01:21*,252100
99,36,Noordstedeweg,01:22*,252200
99,37,Nieuwegein City,01:25*,252500
