trip_index,stop_sequence,stop_name,time,timestamp
1,1,Station Maarssen,05:38,053800
1,2,Kamelenspoor,05:39,053900
1,3,Zebraspoor,05:39,053900
1,4,Vogelweg-Zwanenkamp,05:40,054000
1,5,Spechten-Zwanenkamp,05:40,054000
1,6,Spechten-Valkenkamp,05:41,054100
1,7,Pauwen-Reigerskamp,05:42,054200
1,8,Duiven-Fazantenkamp,05:43,054300
1,9,Bloem-Boomstede,05:44,054400
1,10,Zonnebaan,05:45,054500
1,11,Savannahweg,05:47,054700
1,12,Otto Hahnweg,05:48,054800
1,13,Rijpwetering,05:51,055100
1,14,Soestw./Antonius Zkh,05:52,055200
1,15,Jan Wolkerssingel,05:54,055400
1,16,Station Leidsche Rijn,05:56,055600
1,17,Thomas à Kempisplantsoen,05:58,055800
1,18,Majellapark,05:59,055900
1,19,Hasebroekstraat,06:01,060100
1,20,Moskeeplein,06:03,060300
1,21,CS Jaarbeurszijde,06:05,060500
1,22,CS Jaarbeurszijde,06:08,060800
1,23,Neude,06:12,061200
1,24,Janskerkhof,06:13,061300
1,25,Stadsschouwburg,06:14,061400
1,26,Wittevrouwen,06:16,061600
1,27,Oorsprongpark,06:17,061700
1,28,KNMI,06:20,062000
1,29,Jordanlaan,06:23,062300
1,30,Winkelcentrum Vollenhove,06:25,062500
1,31,Gunninglaan,06:26,062600
1,32,L-Flat,06:27,062700
1,33,De Dreef/Panweg,06:28,062800
1,34,Nepveulaan,06:30,063000
1,35,Schaerweydelaan,06:31,063100
1,36,Steynlaan,06:33,063300
1,37,Busstation,06:35,063500
2,1,Station Maarssen,05:53,055300
2,2,Kamelenspoor,05:54,055400
2,3,Zebraspoor,05:54,055400
2,4,Vogelweg-Zwanenkamp,05:55,055500
2,5,Spechten-Zwanenkamp,05:55,055500
2,6,Spechten-Valkenkamp,05:56,055600
2,7,Pauwen-Reigerskamp,05:57,055700
2,8,Duiven-Fazantenkamp,05:58,055800
2,9,Bloem-Boomstede,05:59,055900
2,10,Zonnebaan,06:00,060000
2,11,Savannahweg,06:02,060200
2,12,Otto Hahnweg,06:03,060300
2,13,Rijpwetering,06:06,060600
2,14,Soestw./Antonius Zkh,06:07,060700
2,15,Jan Wolkerssingel,06:09,060900
2,16,Station Leidsche Rijn,06:11,061100
2,17,Thomas à Kempisplantsoen,06:13,061300
2,18,Majellapark,06:14,061400
2,19,Hasebroekstraat,06:16,061600
2,20,Moskeeplein,06:18,061800
2,21,CS Jaarbeurszijde,06:20,062000
2,22,CS Jaarbeurszijde,06:23,062300
2,23,Neude,06:27,062700
2,24,Janskerkhof,06:28,062800
2,25,Stadsschouwburg,06:29,062900
2,26,Wittevrouwen,06:31,063100
2,27,Oorsprongpark,06:32,063200
2,28,KNMI,06:35,063500
2,29,Jordanlaan,06:38,063800
2,30,Winkelcentrum Vollenhove,06:40,064000
2,31,Gunninglaan,06:41,064100
2,32,L-Flat,06:42,064200
2,33,De Dreef/Panweg,06:43,064300
2,34,Nepveulaan,06:45,064500
2,35,Schaerweydelaan,06:46,064600
2,36,Steynlaan,06:48,064800
2,37,Busstation,06:50,065000
3,1,Station Maarssen,06:08,060800
3,2,Kamelenspoor,06:09,060900
3,3,Zebraspoor,06:09,060900
3,4,Vogelweg-Zwanenkamp,06:10,061000
3,5,Spechten-Zwanenkamp,06:10,061000
3,6,Spechten-Valkenkamp,06:11,061100
3,7,Pauwen-Reigerskamp,06:12,061200
3,8,Duiven-Fazantenkamp,06:13,061300
3,9,Bloem-Boomstede,06:14,061400
3,10,Zonnebaan,06:15,061500
3,11,Savannahweg,06:17,061700
3,12,Otto Hahnweg,06:18,061800
3,13,Rijpwetering,06:21,062100
3,14,Soestw./Antonius Zkh,06:22,062200
3,15,Jan Wolkerssingel,06:24,062400
3,16,Station Leidsche Rijn,06:26,062600
3,17,Thomas à Kempisplantsoen,06:28,062800
3,18,Majellapark,06:29,062900
3,19,Hasebroekstraat,06:31,063100
3,20,Moskeeplein,06:33,063300
3,21,CS Jaarbeurszijde,06:35,063500
3,22,CS Jaarbeurszijde,06:38,063800
3,23,Neude,06:42,064200
3,24,Janskerkhof,06:43,064300
3,25,Stadsschouwburg,06:44,064400
3,26,Wittevrouwen,06:46,064600
3,27,Oorsprongpark,06:47,064700
3,28,KNMI,06:50,065000
3,29,Jordanlaan,06:53,065300
3,30,Winkelcentrum Vollenhove,06:55,065500
3,31,Gunninglaan,06:56,065600
3,32,L-Flat,06:57,065700
3,33,De Dreef/Panweg,06:58,065800
3,34,Nepveulaan,07:00,070000
3,35,Schaerweydelaan,07:01,070100
3,36,Steynlaan,07:03,070300
3,37,Busstation,07:05,070500
4,1,Station Maarssen,06:23,062300
4,2,Kamelenspoor,06:24,062400
4,3,Zebraspoor,06:24,062400
4,4,Vogelweg-Zwanenkamp,06:25,062500
4,5,Spechten-Zwanenkamp,06:25,062500
4,6,Spechten-Valkenkamp,06:26,062600
4,7,Pauwen-Reigerskamp,06:27,062700
4,8,Duiven-Fazantenkamp,06:28,062800
4,9,Bloem-Boomstede,06:29,062900
4,10,Zonnebaan,06:30,063000
4,11,Savannahweg,06:32,063200
4,12,Otto Hahnweg,06:33,063300
4,13,Rijpwetering,06:36,063600
4,14,Soestw./Antonius Zkh,06:37,063700
4,15,Jan Wolkerssingel,06:39,063900
4,16,Station Leidsche Rijn,06:41,064100
4,17,Thomas à Kempisplantsoen,06:43,064300
4,18,Majellapark,06:44,064400
4,19,Hasebroekstraat,06:46,064600
4,20,Moskeeplein,06:48,064800
4,21,CS Jaarbeurszijde,06:50,065000
4,22,CS Jaarbeurszijde,06:53,065300
4,23,Neude,06:57,065700
4,24,Janskerkhof,06:58,065800
4,25,Stadsschouwburg,06:59,065900
4,26,Wittevrouwen,07:01,070100
4,27,Oorsprongpark,07:02,070200
4,28,KNMI,07:05,070500
4,29,Jordanlaan,07:08,070800
4,30,Winkelcentrum Vollenhove,07:10,071000
4,31,Gunninglaan,07:11,071100
4,32,L-Flat,07:12,071200
4,33,De Dreef/Panweg,07:13,071300
4,34,Nepveulaan,07:15,071500
4,35,Schaerweydelaan,07:17,071700
4,36,Steynlaan,07:19,071900
4,37,Busstation,07:21,072100
5,1,Station Maarssen,06:38,063800
5,2,Kamelenspoor,06:39,063900
5,3,Zebraspoor,06:39,063900
5,4,Vogelweg-Zwanenkamp,06:40,064000
5,5,Spechten-Zwanenkamp,06:40,064000
5,6,Spechten-Valkenkamp,06:41,064100
5,7,Pauwen-Reigerskamp,06:42,064200
5,8,Duiven-Fazantenkamp,06:43,064300
5,9,Bloem-Boomstede,06:44,064400
5,10,Zonnebaan,06:45,064500
5,11,Savannahweg,06:47,064700
5,12,Otto Hahnweg,06:48,064800
5,13,Rijpwetering,06:51,065100
5,14,Soestw./Antonius Zkh,06:52,065200
5,15,Jan Wolkerssingel,06:54,065400
5,16,Station Leidsche Rijn,06:56,065600
5,17,Thomas à Kempisplantsoen,06:58,065800
5,18,Majellapark,06:59,065900
5,19,Hasebroekstraat,07:01,070100
5,20,Moskeeplein,07:03,070300
5,21,CS Jaarbeurszijde,07:05,070500
5,22,CS Jaarbeurszijde,07:08,070800
5,23,Neude,07:12,071200
5,24,Janskerkhof,07:13,071300
5,25,Stadsschouwburg,07:14,071400
5,26,Wittevrouwen,07:16,071600
5,27,Oorsprongpark,07:17,071700
5,28,KNMI,07:20,072000
5,29,Jordanlaan,07:23,072300
5,30,Winkelcentrum Vollenhove,07:25,072500
5,31,Gunninglaan,07:26,072600
5,32,L-Flat,07:27,072700
5,33,De Dreef/Panweg,07:28,072800
5,34,Nepveulaan,07:30,073000
5,35,Schaerweydelaan,07:32,073200
5,36,Steynlaan,07:34,073400
5,37,Busstation,07:36,073600
6,1,Station Maarssen,06:48,064800
6,2,Kamelenspoor,06:49,064900
6,3,Zebraspoor,06:49,064900
6,4,Vogelweg-Zwanenkamp,06:50,065000
6,5,Spechten-Zwanenkamp,06:50,065000
6,6,Spechten-Valkenkamp,06:51,065100
6,7,Pauwen-Reigerskamp,06:52,065200
6,8,Duiven-Fazantenkamp,06:53,065300
6,9,Bloem-Boomstede,06:54,065400
6,10,Zonnebaan,06:55,065500
6,11,Savannahweg,06:57,065700
6,12,Otto Hahnweg,06:58,065800
6,13,Rijpwetering,07:01,070100
6,14,Soestw./Antonius Zkh,07:02,070200
6,15,Jan Wolkerssingel,07:04,070400
6,16,Station Leidsche Rijn,07:06,070600
6,17,Thomas à Kempisplantsoen,07:08,070800
6,18,Majellapark,07:09,070900
6,19,Hasebroekstraat,07:11,071100
6,20,Moskeeplein,07:13,071300
6,21,CS Jaarbeurszijde,07:15,071500
6,22,CS Jaarbeurszijde,07:19,071900
6,23,Neude,07:24,072400
6,24,Janskerkhof,07:25,072500
6,25,Stadsschouwburg,07:26,072600
6,26,Wittevrouwen,07:28,072800
6,27,Oorsprongpark,07:29,072900
6,28,KNMI,07:32,073200
6,29,Jordanlaan,07:35,073500
6,30,Winkelcentrum Vollenhove,07:37,073700
6,31,Gunninglaan,07:38,073800
6,32,L-Flat,07:39,073900
6,33,De Dreef/Panweg,07:40,074000
6,34,Nepveulaan,07:42,074200
6,35,Schaerweydelaan,07:44,074400
6,36,Steynlaan,07:46,074600
6,37,Busstation,07:48,074800
7,1,Station Maarssen,06:58,065800
7,2,Kamelenspoor,06:59,065900
7,3,Zebraspoor,06:59,065900
7,4,Vogelweg-Zwanenkamp,07:00,070000
7,5,Spechten-Zwanenkamp,07:00,070000
7,6,Spechten-Valkenkamp,07:01,070100
7,7,Pauwen-Reigerskamp,07:02,070200
7,8,Duiven-Fazantenkamp,07:03,070300
7,9,Bloem-Boomstede,07:04,070400
7,10,Zonnebaan,07:05,070500
7,11,Savannahweg,07:07,070700
7,12,Otto Hahnweg,07:08,070800
7,13,Rijpwetering,07:12,071200
7,14,Soestw./Antonius Zkh,07:13,071300
7,15,Jan Wolkerssingel,07:16,071600
7,16,Station Leidsche Rijn,07:18,071800
7,17,Thomas à Kempisplantsoen,07:20,072000
7,18,Majellapark,07:21,072100
7,19,Hasebroekstraat,07:23,072300
7,20,Moskeeplein,07:25,072500
7,21,CS Jaarbeurszijde,07:27,072700
7,22,CS Jaarbeurszijde,07:31,073100
7,23,Neude,07:36,073600
7,24,Janskerkhof,07:38,073800
7,25,Stadsschouwburg,07:39,073900
7,26,Wittevrouwen,07:41,074100
7,27,Oorsprongpark,07:42,074200
7,28,KNMI,07:46,074600
7,29,Jordanlaan,07:49,074900
7,30,Winkelcentrum Vollenhove,07:51,075100
7,31,Gunninglaan,07:52,075200
7,32,L-Flat,07:53,075300
7,33,De Dreef/Panweg,07:54,075400
7,34,Nepveulaan,07:56,075600
7,35,Schaerweydelaan,07:58,075800
7,36,Steynlaan,08:00,080000
7,37,Busstation,08:02,080200
8,1,Station Maarssen,07:08,070800
8,2,Kamelenspoor,07:09,070900
8,3,Zebraspoor,07:09,070900
8,4,Vogelweg-Zwanenkamp,07:10,071000
8,5,Spechten-Zwanenkamp,07:11,071100
8,6,Spechten-Valkenkamp,07:12,071200
8,7,Pauwen-Reigerskamp,07:13,071300
8,8,Duiven-Fazantenkamp,07:14,071400
8,9,Bloem-Boomstede,07:15,071500
8,10,Zonnebaan,07:16,071600
8,11,Savannahweg,07:18,071800
8,12,Otto Hahnweg,07:19,071900
8,13,Rijpwetering,07:23,072300
8,14,Soestw./Antonius Zkh,07:24,072400
8,15,Jan Wolkerssingel,07:27,072700
8,16,Station Leidsche Rijn,07:29,072900
8,17,Thomas à Kempisplantsoen,07:31,073100
8,18,Majellapark,07:32,073200
8,19,Hasebroekstraat,07:34,073400
8,20,Moskeeplein,07:36,073600
8,21,CS Jaarbeurszijde,07:38,073800
8,22,CS Jaarbeurszijde,07:42,074200
8,23,Neude,07:47,074700
8,24,Janskerkhof,07:49,074900
8,25,Stadsschouwburg,07:50,075000
8,26,Wittevrouwen,07:52,075200
8,27,Oorsprongpark,07:53,075300
8,28,KNMI,07:57,075700
8,29,Jordanlaan,08:00,080000
8,30,Winkelcentrum Vollenhove,08:02,080200
8,31,Gunninglaan,08:03,080300
8,32,L-Flat,08:04,080400
8,33,De Dreef/Panweg,08:05,080500
8,34,Nepveulaan,08:07,080700
8,35,Schaerweydelaan,08:09,080900
8,36,Steynlaan,08:11,081100
8,37,Busstation,08:13,081300
9,1,Station Maarssen,07:18,071800
9,2,Kamelenspoor,07:19,071900
9,3,Zebraspoor,07:19,071900
9,4,Vogelweg-Zwanenkamp,07:20,072000
9,5,Spechten-Zwanenkamp,07:21,072100
9,6,Spechten-Valkenkamp,07:22,072200
9,7,Pauwen-Reigerskamp,07:23,072300
9,8,Duiven-Fazantenkamp,07:24,072400
9,9,Bloem-Boomstede,07:25,072500
9,10,Zonnebaan,07:26,072600
9,11,Savannahweg,07:28,072800
9,12,Otto Hahnweg,07:29,072900
9,13,Rijpwetering,07:33,073300
9,14,Soestw./Antonius Zkh,07:34,073400
9,15,Jan Wolkerssingel,07:37,073700
9,16,Station Leidsche Rijn,07:39,073900
9,17,Thomas à Kempisplantsoen,07:41,074100
9,18,Majellapark,07:42,074200
9,19,Hasebroekstraat,07:44,074400
9,20,Moskeeplein,07:46,074600
9,21,CS Jaarbeurszijde,07:48,074800
9,22,CS Jaarbeurszijde,07:52,075200
9,23,Neude,07:57,075700
9,24,Janskerkhof,07:59,075900
9,25,Stadsschouwburg,08:00,080000
9,26,Wittevrouwen,08:02,080200
9,27,Oorsprongpark,08:03,080300
9,28,KNMI,08:07,080700
9,29,Jordanlaan,08:10,081000
9,30,Winkelcentrum Vollenhove,08:12,081200
9,31,Gunninglaan,08:13,081300
9,32,L-Flat,08:14,081400
9,33,De Dreef/Panweg,08:15,081500
9,34,Nepveulaan,08:17,081700
9,35,Schaerweydelaan,08:19,081900
9,36,Steynlaan,08:21,082100
9,37,Busstation,08:23,082300
10,1,Station Maarssen,07:28,072800
10,2,Kamelenspoor,07:29,072900
10,3,Zebraspoor,07:29,072900
10,4,Vogelweg-Zwanenkamp,07:30,073000
10,5,Spechten-Zwanenkamp,07:31,073100
10,6,Spechten-Valkenkamp,07:32,073200
10,7,Pauwen-Reigerskamp,07:33,073300
10,8,Duiven-Fazantenkamp,07:34,073400
10,9,Bloem-Boomstede,07:35,073500
10,10,Zonnebaan,07:36,073600
10,11,Savannahweg,07:38,073800
10,12,Otto Hahnweg,07:39,073900
10,13,Rijpwetering,07:43,074300
10,14,Soestw./Antonius Zkh,07:44,074400
10,15,Jan Wolkerssingel,07:47,074700
10,16,Station Leidsche Rijn,07:49,074900
10,17,Thomas à Kempisplantsoen,07:51,075100
10,18,Majellapark,07:52,075200
10,19,Hasebroekstraat,07:54,075400
10,20,Moskeeplein,07:56,075600
10,21,CS Jaarbeurszijde,07:58,075800
10,22,CS Jaarbeurszijde,08:02,080200
10,23,Neude,08:07,080700
10,24,Janskerkhof,08:09,080900
10,25,Stadsschouwburg,08:10,081000
10,26,Wittevrouwen,08:12,081200
10,27,Oorsprongpark,08:13,081300
10,28,KNMI,08:17,081700
10,29,Jordanlaan,08:20,082000
10,30,Winkelcentrum Vollenhove,08:22,082200
10,31,Gunninglaan,08:23,082300
10,32,L-Flat,08:24,082400
10,33,De Dreef/Panweg,08:25,082500
10,34,Nepveulaan,08:27,082700
10,35,Schaerweydelaan,08:29,082900
10,36,Steynlaan,08:31,083100
10,37,Busstation,08:33,083300
11,1,Station Maarssen,07:38,073800
11,2,Kamelenspoor,07:39,073900
11,3,Zebraspoor,07:39,073900
11,4,Vogelweg-Zwanenkamp,07:40,074000
11,5,Spechten-Zwanenkamp,07:41,074100
11,6,Spechten-Valkenkamp,07:42,074200
11,7,Pauwen-Reigerskamp,07:43,074300
11,8,Duiven-Fazantenkamp,07:44,074400
11,9,Bloem-Boomstede,07:45,074500
11,10,Zonnebaan,07:46,074600
11,11,Savannahweg,07:48,074800
11,12,Otto Hahnweg,07:49,074900
11,13,Rijpwetering,07:53,075300
11,14,Soestw./Antonius Zkh,07:54,075400
11,15,Jan Wolkerssingel,07:57,075700
11,16,Station Leidsche Rijn,07:59,075900
11,17,Thomas à Kempisplantsoen,08:01,080100
11,18,Majellapark,08:02,080200
11,19,Hasebroekstraat,08:04,080400
11,20,Moskeeplein,08:06,080600
11,21,CS Jaarbeurszijde,08:08,080800
11,22,CS Jaarbeurszijde,08:12,081200
11,23,Neude,08:17,081700
11,24,Janskerkhof,08:19,081900
11,25,Stadsschouwburg,08:20,082000
11,26,Wittevrouwen,08:22,082200
11,27,Oorsprongpark,08:23,082300
11,28,KNMI,08:27,082700
11,29,Jordanlaan,08:30,083000
11,30,Winkelcentrum Vollenhove,08:32,083200
11,31,Gunninglaan,08:33,083300
11,32,L-Flat,08:34,083400
11,33,De Dreef/Panweg,08:35,083500
11,34,Nepveulaan,08:37,083700
11,35,Schaerweydelaan,08:39,083900
11,36,Steynlaan,08:41,084100
11,37,Busstation,08:43,084300
12,1,Station Maarssen,07:48,074800
12,2,Kamelenspoor,07:49,074900
12,3,Zebraspoor,07:49,074900
12,4,Vogelweg-Zwanenkamp,07:50,075000
12,5,Spechten-Zwanenkamp,07:51,075100
12,6,Spechten-Valkenkamp,07:52,075200
12,7,Pauwen-Reigerskamp,07:53,075300
12,8,Duiven-Fazantenkamp,07:54,075400
12,9,Bloem-Boomstede,07:55,075500
12,10,Zonnebaan,07:56,075600
12,11,Savannahweg,07:58,075800
12,12,Otto Hahnweg,07:59,075900
12,13,Rijpwetering,08:03,080300
12,14,Soestw./Antonius Zkh,08:04,080400
12,15,Jan Wolkerssingel,08:07,080700
12,16,Station Leidsche Rijn,08:09,080900
12,17,Thomas à Kempisplantsoen,08:11,081100
12,18,Majellapark,08:12,081200
12,19,Hasebroekstraat,08:14,081400
12,20,Moskeeplein,08:16,081600
12,21,CS Jaarbeurszijde,08:18,081800
12,22,CS Jaarbeurszijde,08:22,082200
12,23,Neude,08:27,082700
12,24,Janskerkhof,08:29,082900
12,25,Stadsschouwburg,08:30,083000
12,26,Wittevrouwen,08:32,083200
12,27,Oorsprongpark,08:33,083300
12,28,KNMI,08:37,083700
12,29,Jordanlaan,08:40,084000
12,30,Winkelcentrum Vollenhove,08:42,084200
12,31,Gunninglaan,08:43,084300
12,32,L-Flat,08:44,084400
12,33,De Dreef/Panweg,08:45,084500
12,34,Nepveulaan,08:47,084700
12,35,Schaerweydelaan,08:49,084900
12,36,Steynlaan,08:51,085100
12,37,Busstation,08:53,085300
13,1,Station Maarssen,07:58,075800
13,2,Kamelenspoor,07:59,075900
13,3,Zebraspoor,07:59,075900
13,4,Vogelweg-Zwanenkamp,08:00,080000
13,5,Spechten-Zwanenkamp,08:01,080100
13,6,Spechten-Valkenkamp,08:02,080200
13,7,Pauwen-Reigerskamp,08:03,080300
13,8,Duiven-Fazantenkamp,08:04,080400
13,9,Bloem-Boomstede,08:05,080500
13,10,Zonnebaan,08:06,080600
13,11,Savannahweg,08:08,080800
13,12,Otto Hahnweg,08:09,080900
13,13,Rijpwetering,08:13,081300
13,14,Soestw./Antonius Zkh,08:14,081400
13,15,Jan Wolkerssingel,08:17,081700
13,16,Station Leidsche Rijn,08:19,081900
13,17,Thomas à Kempisplantsoen,08:21,082100
13,18,Majellapark,08:22,082200
13,19,Hasebroekstraat,08:24,082400
13,20,Moskeeplein,08:26,082600
13,21,CS Jaarbeurszijde,08:28,082800
13,22,CS Jaarbeurszijde,08:32,083200
13,23,Neude,08:37,083700
13,24,Janskerkhof,08:38,083800
13,25,Stadsschouwburg,08:39,083900
13,26,Wittevrouwen,08:41,084100
13,27,Oorsprongpark,08:42,084200
13,28,KNMI,08:45,084500
13,29,Jordanlaan,08:48,084800
13,30,Winkelcentrum Vollenhove,08:50,085000
13,31,Gunninglaan,08:51,085100
13,32,L-Flat,08:52,085200
13,33,De Dreef/Panweg,08:53,085300
13,34,Nepveulaan,08:55,085500
13,35,Schaerweydelaan,08:57,085700
13,36,Steynlaan,08:59,085900
13,37,Busstation,09:01,090100
14,1,Station Maarssen,08:08,080800
14,2,Kamelenspoor,08:09,080900
14,3,Zebraspoor,08:09,080900
14,4,Vogelweg-Zwanenkamp,08:10,081000
14,5,Spechten-Zwanenkamp,08:11,081100
14,6,Spechten-Valkenkamp,08:12,081200
14,7,Pauwen-Reigerskamp,08:13,081300
14,8,Duiven-Fazantenkamp,08:14,081400
14,9,Bloem-Boomstede,08:15,081500
14,10,Zonnebaan,08:16,081600
14,11,Savannahweg,08:18,081800
14,12,Otto Hahnweg,08:19,081900
14,13,Rijpwetering,08:23,082300
14,14,Soestw./Antonius Zkh,08:24,082400
14,15,Jan Wolkerssingel,08:27,082700
14,16,Station Leidsche Rijn,08:29,082900
14,17,Thomas à Kempisplantsoen,08:31,083100
14,18,Majellapark,08:32,083200
14,19,Hasebroekstraat,08:34,083400
14,20,Moskeeplein,08:36,083600
14,21,CS Jaarbeurszijde,08:38,083800
14,22,CS Jaarbeurszijde,08:42,084200
14,23,Neude,08:47,084700
14,24,Janskerkhof,08:48,084800
14,25,Stadsschouwburg,08:49,084900
14,26,Wittevrouwen,08:51,085100
14,27,Oorsprongpark,08:52,085200
14,28,KNMI,08:55,085500
14,29,Jordanlaan,08:58,085800
14,30,Winkelcentrum Vollenhove,09:00,090000
14,31,Gunninglaan,09:01,090100
14,32,L-Flat,09:02,090200
14,33,De Dreef/Panweg,09:03,090300
14,34,Nepveulaan,09:05,090500
14,35,Schaerweydelaan,09:07,090700
14,36,Steynlaan,09:09,090900
14,37,Busstation,09:11,091100
15,1,Station Maarssen,08:18,081800
15,2,Kamelenspoor,08:19,081900
15,3,Zebraspoor,08:19,081900
15,4,Vogelweg-Zwanenkamp,08:20,082000
15,5,Spechten-Zwanenkamp,08:21,082100
15,6,Spechten-Valkenkamp,08:22,082200
15,7,Pauwen-Reigerskamp,08:23,082300
15,8,Duiven-Fazantenkamp,08:24,082400
15,9,Bloem-Boomstede,08:25,082500
15,10,Zonnebaan,08:26,082600
15,11,Savannahweg,08:28,082800
15,12,Otto Hahnweg,08:29,082900
15,13,Rijpwetering,08:33,083300
15,14,Soestw./Antonius Zkh,08:34,083400
15,15,Jan Wolkerssingel,08:37,083700
15,16,Station Leidsche Rijn,08:39,083900
15,17,Thomas à Kempisplantsoen,08:41,084100
15,18,Majellapark,08:42,084200
15,19,Hasebroekstraat,08:44,084400
15,20,Moskeeplein,08:46,084600
15,21,CS Jaarbeurszijde,08:48,084800
15,22,CS Jaarbeurszijde,08:52,085200
15,23,Neude,08:57,085700
15,24,Janskerkhof,08:58,085800
15,25,Stadsschouwburg,08:59,085900
15,26,Wittevrouwen,09:01,090100
15,27,Oorsprongpark,09:02,090200
15,28,KNMI,09:05,090500
15,29,Jordanlaan,09:08,090800
15,30,Winkelcentrum Vollenhove,09:10,091000
15,31,Gunninglaan,09:11,091100
15,32,L-Flat,09:12,091200
15,33,De Dreef/Panweg,09:13,091300
15,34,Nepveulaan,09:15,091500
15,35,Schaerweydelaan,09:17,091700
15,36,Steynlaan,09:19,091900
15,37,Busstation,09:21,092100
16,1,Station Maarssen,08:28,082800
16,2,Kamelenspoor,08:29,082900
16,3,Zebraspoor,08:29,082900
16,4,Vogelweg-Zwanenkamp,08:30,083000
16,5,Spechten-Zwanenkamp,08:31,083100
16,6,Spechten-Valkenkamp,08:32,083200
16,7,Pauwen-Reigerskamp,08:33,083300
16,8,Duiven-Fazantenkamp,08:34,083400
16,9,Bloem-Boomstede,08:35,083500
16,10,Zonnebaan,08:36,083600
16,11,Savannahweg,08:38,083800
16,12,Otto Hahnweg,08:39,083900
16,13,Rijpwetering,08:43,084300
16,14,Soestw./Antonius Zkh,08:44,084400
16,15,Jan Wolkerssingel,08:47,084700
16,16,Station Leidsche Rijn,08:49,084900
16,17,Thomas à Kempisplantsoen,08:51,085100
16,18,Majellapark,08:52,085200
16,19,Hasebroekstraat,08:54,085400
16,20,Moskeeplein,08:56,085600
16,21,CS Jaarbeurszijde,08:58,085800
16,22,CS Jaarbeurszijde,09:01,090100
16,23,Neude,09:06,090600
16,24,Janskerkhof,09:07,090700
16,25,Stadsschouwburg,09:08,090800
16,26,Wittevrouwen,09:10,091000
16,27,Oorsprongpark,09:11,091100
16,28,KNMI,09:14,091400
16,29,Jordanlaan,09:17,091700
16,30,Winkelcentrum Vollenhove,09:19,091900
16,31,Gunninglaan,09:20,092000
16,32,L-Flat,09:21,092100
16,33,De Dreef/Panweg,09:22,092200
16,34,Nepveulaan,09:24,092400
16,35,Schaerweydelaan,09:26,092600
16,36,Steynlaan,09:28,092800
16,37,Busstation,09:30,093000
17,1,Station Maarssen,08:38,083800
17,2,Kamelenspoor,08:39,083900
17,3,Zebraspoor,08:39,083900
17,4,Vogelweg-Zwanenkamp,08:40,084000
17,5,Spechten-Zwanenkamp,08:41,084100
17,6,Spechten-Valkenkamp,08:42,084200
17,7,Pauwen-Reigerskamp,08:43,084300
17,8,Duiven-Fazantenkamp,08:44,084400
17,9,Bloem-Boomstede,08:45,084500
17,10,Zonnebaan,08:46,084600
17,11,Savannahweg,08:48,084800
17,12,Otto Hahnweg,08:49,084900
17,13,Rijpwetering,08:52,085200
17,14,Soestw./Antonius Zkh,08:53,085300
17,15,Jan Wolkerssingel,08:56,085600
17,16,Station Leidsche Rijn,08:58,085800
17,17,Thomas à Kempisplantsoen,09:00,090000
17,18,Majellapark,09:01,090100
17,19,Hasebroekstraat,09:03,090300
17,20,Moskeeplein,09:05,090500
17,21,CS Jaarbeurszijde,09:07,090700
17,22,CS Jaarbeurszijde,09:10,091000
17,23,Neude,09:15,091500
17,24,Janskerkhof,09:16,091600
17,25,Stadsschouwburg,09:17,091700
17,26,Wittevrouwen,09:19,091900
17,27,Oorsprongpark,09:20,092000
17,28,KNMI,09:23,092300
17,29,Jordanlaan,09:26,092600
17,30,Winkelcentrum Vollenhove,09:28,092800
17,31,Gunninglaan,09:29,092900
17,32,L-Flat,09:30,093000
17,33,De Dreef/Panweg,09:31,093100
17,34,Nepveulaan,09:33,093300
17,35,Schaerweydelaan,09:35,093500
17,36,Steynlaan,09:37,093700
17,37,Busstation,09:39,093900
18,1,Station Maarssen,08:48,084800
18,2,Kamelenspoor,08:49,084900
18,3,Zebraspoor,08:49,084900
18,4,Vogelweg-Zwanenkamp,08:50,085000
18,5,Spechten-Zwanenkamp,08:51,085100
18,6,Spechten-Valkenkamp,08:52,085200
18,7,Pauwen-Reigerskamp,08:53,085300
18,8,Duiven-Fazantenkamp,08:54,085400
18,9,Bloem-Boomstede,08:55,085500
18,10,Zonnebaan,08:56,085600
18,11,Savannahweg,08:58,085800
18,12,Otto Hahnweg,08:59,085900
18,13,Rijpwetering,09:02,090200
18,14,Soestw./Antonius Zkh,09:03,090300
18,15,Jan Wolkerssingel,09:06,090600
18,16,Station Leidsche Rijn,09:08,090800
18,17,Thomas à Kempisplantsoen,09:10,091000
18,18,Majellapark,09:11,091100
18,19,Hasebroekstraat,09:13,091300
18,20,Moskeeplein,09:15,091500
18,21,CS Jaarbeurszijde,09:17,091700
18,22,CS Jaarbeurszijde,09:20,092000
18,23,Neude,09:25,092500
18,24,Janskerkhof,09:26,092600
18,25,Stadsschouwburg,09:27,092700
18,26,Wittevrouwen,09:29,092900
18,27,Oorsprongpark,09:30,093000
18,28,KNMI,09:33,093300
18,29,Jordanlaan,09:36,093600
18,30,Winkelcentrum Vollenhove,09:38,093800
18,31,Gunninglaan,09:39,093900
18,32,L-Flat,09:40,094000
18,33,De Dreef/Panweg,09:41,094100
18,34,Nepveulaan,09:43,094300
18,35,Schaerweydelaan,09:45,094500
18,36,Steynlaan,09:47,094700
18,37,Busstation,09:49,094900
19,1,Station Maarssen,08:58,085800
19,2,Kamelenspoor,08:59,085900
19,3,Zebraspoor,08:59,085900
19,4,Vogelweg-Zwanenkamp,09:00,090000
19,5,Spechten-Zwanenkamp,09:01,090100
19,6,Spechten-Valkenkamp,09:02,090200
19,7,Pauwen-Reigerskamp,09:03,090300
19,8,Duiven-Fazantenkamp,09:04,090400
19,9,Bloem-Boomstede,09:05,090500
19,10,Zonnebaan,09:06,090600
19,11,Savannahweg,09:08,090800
19,12,Otto Hahnweg,09:09,090900
19,13,Rijpwetering,09:12,091200
19,14,Soestw./Antonius Zkh,09:13,091300
19,15,Jan Wolkerssingel,09:16,091600
19,16,Station Leidsche Rijn,09:18,091800
19,17,Thomas à Kempisplantsoen,09:20,092000
19,18,Majellapark,09:21,092100
19,19,Hasebroekstraat,09:23,092300
19,20,Moskeeplein,09:25,092500
19,21,CS Jaarbeurszijde,09:27,092700
19,22,CS Jaarbeurszijde,09:30,093000
19,23,Neude,09:35,093500
19,24,Janskerkhof,09:36,093600
19,25,Stadsschouwburg,09:37,093700
19,26,Wittevrouwen,09:39,093900
19,27,Oorsprongpark,09:40,094000
19,28,KNMI,09:43,094300
19,29,Jordanlaan,09:46,094600
19,30,Winkelcentrum Vollenhove,09:48,094800
19,31,Gunninglaan,09:49,094900
19,32,L-Flat,09:50,095000
19,33,De Dreef/Panweg,09:51,095100
19,34,Nepveulaan,09:53,095300
19,35,Schaerweydelaan,09:55,095500
19,36,Steynlaan,09:57,095700
19,37,Busstation,09:59,095900
20,1,Station Maarssen,09:08,090800
20,2,Kamelenspoor,09:09,090900
20,3,Zebraspoor,09:09,090900
20,4,Vogelweg-Zwanenkamp,09:10,091000
20,5,Spechten-Zwanenkamp,09:11,091100
20,6,Spechten-Valkenkamp,09:12,091200
20,7,Pauwen-Reigerskamp,09:13,091300
20,8,Duiven-Fazantenkamp,09:14,091400
20,9,Bloem-Boomstede,09:15,091500
20,10,Zonnebaan,09:16,091600
20,11,Savannahweg,09:18,091800
20,12,Otto Hahnweg,09:19,091900
20,13,Rijpwetering,09:22,092200
20,14,Soestw./Antonius Zkh,09:23,092300
20,15,Jan Wolkerssingel,09:26,092600
20,16,Station Leidsche Rijn,09:28,092800
20,17,Thomas à Kempisplantsoen,09:30,093000
20,18,Majellapark,09:31,093100
20,19,Hasebroekstraat,09:33,093300
20,20,Moskeeplein,09:35,093500
20,21,CS Jaarbeurszijde,09:37,093700
20,22,CS Jaarbeurszijde,09:40,094000
20,23,Neude,09:45,094500
20,24,Janskerkhof,09:46,094600
20,25,Stadsschouwburg,09:47,094700
20,26,Wittevrouwen,09:49,094900
20,27,Oorsprongpark,09:50,095000
20,28,KNMI,09:53,095300
20,29,Jordanlaan,09:56,095600
20,30,Winkelcentrum Vollenhove,09:58,095800
20,31,Gunninglaan,09:59,095900
20,32,L-Flat,10:00,100000
20,33,De Dreef/Panweg,10:01,100100
20,34,Nepveulaan,10:03,100300
20,35,Schaerweydelaan,10:05,100500
20,36,Steynlaan,10:07,100700
20,37,Busstation,10:09,100900
21,1,Station Maarssen,09:18,091800
21,2,Kamelenspoor,09:19,091900
21,3,Zebraspoor,09:19,091900
21,4,Vogelweg-Zwanenkamp,09:20,092000
21,5,Spechten-Zwanenkamp,09:21,092100
21,6,Spechten-Valkenkamp,09:22,092200
21,7,Pauwen-Reigerskamp,09:23,092300
21,8,Duiven-Fazantenkamp,09:24,092400
21,9,Bloem-Boomstede,09:25,092500
21,10,Zonnebaan,09:26,092600
21,11,Savannahweg,09:28,092800
21,12,Otto Hahnweg,09:29,092900
21,13,Rijpwetering,09:32,093200
21,14,Soestw./Antonius Zkh,09:33,093300
21,15,Jan Wolkerssingel,09:36,093600
21,16,Station Leidsche Rijn,09:38,093800
21,17,Thomas à Kempisplantsoen,09:40,094000
21,18,Majellapark,09:41,094100
21,19,Hasebroekstraat,09:43,094300
21,20,Moskeeplein,09:45,094500
21,21,CS Jaarbeurszijde,09:47,094700
21,22,CS Jaarbeurszijde,09:50,095000
21,23,Neude,09:55,095500
21,24,Janskerkhof,09:56,095600
21,25,Stadsschouwburg,09:57,095700
21,26,Wittevrouwen,09:59,095900
21,27,Oorsprongpark,10:00,100000
21,28,KNMI,10:03,100300
21,29,Jordanlaan,10:06,100600
21,30,Winkelcentrum Vollenhove,10:08,100800
21,31,Gunninglaan,10:09,100900
21,32,L-Flat,10:10,101000
21,33,De Dreef/Panweg,10:11,101100
21,34,Nepveulaan,10:13,101300
21,35,Schaerweydelaan,10:15,101500
21,36,Steynlaan,10:17,101700
21,37,Busstation,10:19,101900
22,1,Station Maarssen,09:28,092800
22,2,Kamelenspoor,09:29,092900
22,3,Zebraspoor,09:29,092900
22,4,Vogelweg-Zwanenkamp,09:30,093000
22,5,Spechten-Zwanenkamp,09:31,093100
22,6,Spechten-Valkenkamp,09:32,093200
22,7,Pauwen-Reigerskamp,09:33,093300
22,8,Duiven-Fazantenkamp,09:34,093400
22,9,Bloem-Boomstede,09:35,093500
22,10,Zonnebaan,09:36,093600
22,11,Savannahweg,09:38,093800
22,12,Otto Hahnweg,09:39,093900
22,13,Rijpwetering,09:42,094200
22,14,Soestw./Antonius Zkh,09:43,094300
22,15,Jan Wolkerssingel,09:46,094600
22,16,Station Leidsche Rijn,09:48,094800
22,17,Thomas à Kempisplantsoen,09:50,095000
22,18,Majellapark,09:51,095100
22,19,Hasebroekstraat,09:53,095300
22,20,Moskeeplein,09:55,095500
22,21,CS Jaarbeurszijde,09:57,095700
22,22,CS Jaarbeurszijde,10:00,100000
22,23,Neude,10:05,100500
22,24,Janskerkhof,10:06,100600
22,25,Stadsschouwburg,10:07,100700
22,26,Wittevrouwen,10:09,100900
22,27,Oorsprongpark,10:10,101000
22,28,KNMI,10:13,101300
22,29,Jordanlaan,10:16,101600
22,30,Winkelcentrum Vollenhove,10:18,101800
22,31,Gunninglaan,10:19,101900
22,32,L-Flat,10:20,102000
22,33,De Dreef/Panweg,10:21,102100
22,34,Nepveulaan,10:23,102300
22,35,Schaerweydelaan,10:25,102500
22,36,Steynlaan,10:27,102700
22,37,Busstation,10:29,102900
23,1,Station Maarssen,09:38,093800
23,2,Kamelenspoor,09:39,093900
23,3,Zebraspoor,09:39,093900
23,4,Vogelweg-Zwanenkamp,09:40,094000
23,5,Spechten-Zwanenkamp,09:41,094100
23,6,Spechten-Valkenkamp,09:42,094200
23,7,Pauwen-Reigerskamp,09:43,094300
23,8,Duiven-Fazantenkamp,09:44,094400
23,9,Bloem-Boomstede,09:45,094500
23,10,Zonnebaan,09:46,094600
23,11,Savannahweg,09:48,094800
23,12,Otto Hahnweg,09:49,094900
23,13,Rijpwetering,09:52,095200
23,14,Soestw./Antonius Zkh,09:53,095300
23,15,Jan Wolkerssingel,09:56,095600
23,16,Station Leidsche Rijn,09:58,095800
23,17,Thomas à Kempisplantsoen,10:00,100000
23,18,Majellapark,10:01,100100
23,19,Hasebroekstraat,10:03,100300
23,20,Moskeeplein,10:05,100500
23,21,CS Jaarbeurszijde,10:07,100700
23,22,CS Jaarbeurszijde,10:10,101000
23,23,Neude,10:15,101500
23,24,Janskerkhof,10:16,101600
23,25,Stadsschouwburg,10:17,101700
23,26,Wittevrouwen,10:19,101900
23,27,Oorsprongpark,10:20,102000
23,28,KNMI,10:23,102300
23,29,Jordanlaan,10:26,102600
23,30,Winkelcentrum Vollenhove,10:28,102800
23,31,Gunninglaan,10:29,102900
23,32,L-Flat,10:30,103000
23,33,De Dreef/Panweg,10:31,103100
23,34,Nepveulaan,10:33,103300
23,35,Schaerweydelaan,10:35,103500
23,36,Steynlaan,10:37,103700
23,37,Busstation,10:39,103900
24,1,Station Maarssen,09:48,094800
24,2,Kamelenspoor,09:49,094900
24,3,Zebraspoor,09:49,094900
24,4,Vogelweg-Zwanenkamp,09:50,095000
24,5,Spechten-Zwanenkamp,09:51,095100
24,6,Spechten-Valkenkamp,09:52,095200
24,7,Pauwen-Reigerskamp,09:53,095300
24,8,Duiven-Fazantenkamp,09:54,095400
24,9,Bloem-Boomstede,09:55,095500
24,10,Zonnebaan,09:56,095600
24,11,Savannahweg,09:58,095800
24,12,Otto Hahnweg,09:59,095900
24,13,Rijpwetering,10:02,100200
24,14,Soestw./Antonius Zkh,10:03,100300
24,15,Jan Wolkerssingel,10:06,100600
24,16,Station Leidsche Rijn,10:08,100800
24,17,Thomas à Kempisplantsoen,10:10,101000
24,18,Majellapark,10:11,101100
24,19,Hasebroekstraat,10:13,101300
24,20,Moskeeplein,10:15,101500
24,21,CS Jaarbeurszijde,10:17,101700
24,22,CS Jaarbeurszijde,10:20,102000
24,23,Neude,10:25,102500
24,24,Janskerkhof,10:26,102600
24,25,Stadsschouwburg,10:27,102700
24,26,Wittevrouwen,10:29,102900
24,27,Oorsprongpark,10:30,103000
24,28,KNMI,10:33,103300
24,29,Jordanlaan,10:36,103600
24,30,Winkelcentrum Vollenhove,10:38,103800
24,31,Gunninglaan,10:39,103900
24,32,L-Flat,10:40,104000
24,33,De Dreef/Panweg,10:41,104100
24,34,Nepveulaan,10:43,104300
24,35,Schaerweydelaan,10:45,104500
24,36,Steynlaan,10:47,104700
24,37,Busstation,10:49,104900
25,1,Station Maarssen,09:58,095800
25,2,Kamelenspoor,09:59,095900
25,3,Zebraspoor,09:59,095900
25,4,Vogelweg-Zwanenkamp,10:00,100000
25,5,Spechten-Zwanenkamp,10:01,100100
25,6,Spechten-Valkenkamp,10:02,100200
25,7,Pauwen-Reigerskamp,10:03,100300
25,8,Duiven-Fazantenkamp,10:04,100400
25,9,Bloem-Boomstede,10:05,100500
25,10,Zonnebaan,10:06,100600
25,11,Savannahweg,10:08,100800
25,12,Otto Hahnweg,10:09,100900
25,13,Rijpwetering,10:12,101200
25,14,Soestw./Antonius Zkh,10:13,101300
25,15,Jan Wolkerssingel,10:16,101600
25,16,Station Leidsche Rijn,10:18,101800
25,17,Thomas à Kempisplantsoen,10:20,102000
25,18,Majellapark,10:21,102100
25,19,Hasebroekstraat,10:23,102300
25,20,Moskeeplein,10:25,102500
25,21,CS Jaarbeurszijde,10:27,102700
25,22,CS Jaarbeurszijde,10:30,103000
25,23,Neude,10:35,103500
25,24,Janskerkhof,10:36,103600
25,25,Stadsschouwburg,10:37,103700
25,26,Wittevrouwen,10:39,103900
25,27,Oorsprongpark,10:40,104000
25,28,KNMI,10:43,104300
25,29,Jordanlaan,10:46,104600
25,30,Winkelcentrum Vollenhove,10:48,104800
25,31,Gunninglaan,10:49,104900
25,32,L-Flat,10:50,105000
25,33,De Dreef/Panweg,10:51,105100
25,34,Nepveulaan,10:53,105300
25,35,Schaerweydelaan,10:55,105500
25,36,Steynlaan,10:57,105700
25,37,Busstation,10:59,105900
26,1,Station Maarssen,10:08,100800
26,2,Kamelenspoor,10:09,100900
26,3,Zebraspoor,10:09,100900
26,4,Vogelweg-Zwanenkamp,10:10,101000
26,5,Spechten-Zwanenkamp,10:11,101100
26,6,Spechten-Valkenkamp,10:12,101200
26,7,Pauwen-Reigerskamp,10:13,101300
26,8,Duiven-Fazantenkamp,10:14,101400
26,9,Bloem-Boomstede,10:15,101500
26,10,Zonnebaan,10:16,101600
26,11,Savannahweg,10:18,101800
26,12,Otto Hahnweg,10:19,101900
26,13,Rijpwetering,10:22,102200
26,14,Soestw./Antonius Zkh,10:23,102300
26,15,Jan Wolkerssingel,10:26,102600
26,16,Station Leidsche Rijn,10:28,102800
26,17,Thomas à Kempisplantsoen,10:30,103000
26,18,Majellapark,10:31,103100
26,19,Hasebroekstraat,10:33,103300
26,20,Moskeeplein,10:35,103500
26,21,CS Jaarbeurszijde,10:37,103700
26,22,CS Jaarbeurszijde,10:40,104000
26,23,Neude,10:45,104500
26,24,Janskerkhof,10:46,104600
26,25,Stadsschouwburg,10:47,104700
26,26,Wittevrouwen,10:49,104900
26,27,Oorsprongpark,10:50,105000
26,28,KNMI,10:53,105300
26,29,Jordanlaan,10:56,105600
26,30,Winkelcentrum Vollenhove,10:58,105800
26,31,Gunninglaan,10:59,105900
26,32,L-Flat,11:00,110000
26,33,De Dreef/Panweg,11:01,110100
26,34,Nepveulaan,11:03,110300
26,35,Schaerweydelaan,11:05,110500
26,36,Steynlaan,11:07,110700
26,37,Busstation,11:09,110900
27,1,Station Maarssen,10:18,101800
27,2,Kamelenspoor,10:19,101900
27,3,Zebraspoor,10:19,101900
27,4,Vogelweg-Zwanenkamp,10:20,102000
27,5,Spechten-Zwanenkamp,10:21,102100
27,6,Spechten-Valkenkamp,10:22,102200
27,7,Pauwen-Reigerskamp,10:23,102300
27,8,Duiven-Fazantenkamp,10:24,102400
27,9,Bloem-Boomstede,10:25,102500
27,10,Zonnebaan,10:26,102600
27,11,Savannahweg,10:28,102800
27,12,Otto Hahnweg,10:29,102900
27,13,Rijpwetering,10:32,103200
27,14,Soestw./Antonius Zkh,10:33,103300
27,15,Jan Wolkerssingel,10:36,103600
27,16,Station Leidsche Rijn,10:38,103800
27,17,Thomas à Kempisplantsoen,10:40,104000
27,18,Majellapark,10:41,104100
27,19,Hasebroekstraat,10:43,104300
27,20,Moskeeplein,10:45,104500
27,21,CS Jaarbeurszijde,10:47,104700
27,22,CS Jaarbeurszijde,10:50,105000
27,23,Neude,10:55,105500
27,24,Janskerkhof,10:56,105600
27,25,Stadsschouwburg,10:57,105700
27,26,Wittevrouwen,10:59,105900
27,27,Oorsprongpark,11:00,110000
27,28,KNMI,11:03,110300
27,29,Jordanlaan,11:06,110600
27,30,Winkelcentrum Vollenhove,11:08,110800
27,31,Gunninglaan,11:09,110900
27,32,L-Flat,11:10,111000
27,33,De Dreef/Panweg,11:11,111100
27,34,Nepveulaan,11:13,111300
27,35,Schaerweydelaan,11:15,111500
27,36,Steynlaan,11:17,111700
27,37,Busstation,11:19,111900
28,1,Station Maarssen,10:28,102800
28,2,Kamelenspoor,10:29,102900
28,3,Zebraspoor,10:29,102900
28,4,Vogelweg-Zwanenkamp,10:30,103000
28,5,Spechten-Zwanenkamp,10:31,103100
28,6,Spechten-Valkenkamp,10:32,103200
28,7,Pauwen-Reigerskamp,10:33,103300
28,8,Duiven-Fazantenkamp,10:34,103400
28,9,Bloem-Boomstede,10:35,103500
28,10,Zonnebaan,10:36,103600
28,11,Savannahweg,10:38,103800
28,12,Otto Hahnweg,10:39,103900
28,13,Rijpwetering,10:42,104200
28,14,Soestw./Antonius Zkh,10:43,104300
28,15,Jan Wolkerssingel,10:46,104600
28,16,Station Leidsche Rijn,10:48,104800
28,17,Thomas à Kempisplantsoen,10:50,105000
28,18,Majellapark,10:51,105100
28,19,Hasebroekstraat,10:53,105300
28,20,Moskeeplein,10:55,105500
28,21,CS Jaarbeurszijde,10:57,105700
28,22,CS Jaarbeurszijde,11:00,110000
28,23,Neude,11:05,110500
28,24,Janskerkhof,11:06,110600
28,25,Stadsschouwburg,11:07,110700
28,26,Wittevrouwen,11:09,110900
28,27,Oorsprongpark,11:10,111000
28,28,KNMI,11:13,111300
28,29,Jordanlaan,11:16,111600
28,30,Winkelcentrum Vollenhove,11:18,111800
28,31,Gunninglaan,11:19,111900
28,32,L-Flat,11:20,112000
28,33,De Dreef/Panweg,11:21,112100
28,34,Nepveulaan,11:23,112300
28,35,Schaerweydelaan,11:25,112500
28,36,Steynlaan,11:27,112700
28,37,Busstation,11:29,112900
29,1,Station Maarssen,10:38,103800
29,2,Kamelenspoor,10:39,103900
29,3,Zebraspoor,10:39,103900
29,4,Vogelweg-Zwanenkamp,10:40,104000
29,5,Spechten-Zwanenkamp,10:41,104100
29,6,Spechten-Valkenkamp,10:42,104200
29,7,Pauwen-Reigerskamp,10:43,104300
29,8,Duiven-Fazantenkamp,10:44,104400
29,9,Bloem-Boomstede,10:45,104500
29,10,Zonnebaan,10:46,104600
29,11,Savannahweg,10:48,104800
29,12,Otto Hahnweg,10:49,104900
29,13,Rijpwetering,10:52,105200
29,14,Soestw./Antonius Zkh,10:53,105300
29,15,Jan Wolkerssingel,10:56,105600
29,16,Station Leidsche Rijn,10:58,105800
29,17,Thomas à Kempisplantsoen,11:00,110000
29,18,Majellapark,11:01,110100
29,19,Hasebroekstraat,11:03,110300
29,20,Moskeeplein,11:05,110500
29,21,CS Jaarbeurszijde,11:07,110700
29,22,CS Jaarbeurszijde,11:10,111000
29,23,Neude,11:15,111500
29,24,Janskerkhof,11:16,111600
29,25,Stadsschouwburg,11:17,111700
29,26,Wittevrouwen,11:19,111900
29,27,Oorsprongpark,11:20,112000
29,28,KNMI,11:23,112300
29,29,Jordanlaan,11:26,112600
29,30,Winkelcentrum Vollenhove,11:28,112800
29,31,Gunninglaan,11:29,112900
29,32,L-Flat,11:30,113000
29,33,De Dreef/Panweg,11:31,113100
29,34,Nepveulaan,11:33,113300
29,35,Schaerweydelaan,11:35,113500
29,36,Steynlaan,11:37,113700
29,37,Busstation,11:39,113900
30,1,Station Maarssen,10:48,104800
30,2,Kamelenspoor,10:49,104900
30,3,Zebraspoor,10:49,104900
30,4,Vogelweg-Zwanenkamp,10:50,105000
30,5,Spechten-Zwanenkamp,10:51,105100
30,6,Spechten-Valkenkamp,10:52,105200
30,7,Pauwen-Reigerskamp,10:53,105300
30,8,Duiven-Fazantenkamp,10:54,105400
30,9,Bloem-Boomstede,10:55,105500
30,10,Zonnebaan,10:56,105600
30,11,Savannahweg,10:58,105800
30,12,Otto Hahnweg,10:59,105900
30,13,Rijpwetering,11:02,110200
30,14,Soestw./Antonius Zkh,11:03,110300
30,15,Jan Wolkerssingel,11:06,110600
30,16,Station Leidsche Rijn,11:08,110800
30,17,Thomas à Kempisplantsoen,11:10,111000
30,18,Majellapark,11:11,111100
30,19,Hasebroekstraat,11:13,111300
30,20,Moskeeplein,11:15,111500
30,21,CS Jaarbeurszijde,11:17,111700
30,22,CS Jaarbeurszijde,11:20,112000
30,23,Neude,11:25,112500
30,24,Janskerkhof,11:26,112600
30,25,Stadsschouwburg,11:27,112700
30,26,Wittevrouwen,11:29,112900
30,27,Oorsprongpark,11:30,113000
30,28,KNMI,11:33,113300
30,29,Jordanlaan,11:36,113600
30,30,Winkelcentrum Vollenhove,11:38,113800
30,31,Gunninglaan,11:39,113900
30,32,L-Flat,11:40,114000
30,33,De Dreef/Panweg,11:41,114100
30,34,Nepveulaan,11:43,114300
30,35,Schaerweydelaan,11:45,114500
30,36,Steynlaan,11:47,114700
30,37,Busstation,11:49,114900
31,1,Station Maarssen,10:58,105800
31,2,Kamelenspoor,10:59,105900
31,3,Zebraspoor,10:59,105900
31,4,Vogelweg-Zwanenkamp,11:00,110000
31,5,Spechten-Zwanenkamp,11:01,110100
31,6,Spechten-Valkenkamp,11:02,110200
31,7,Pauwen-Reigerskamp,11:03,110300
31,8,Duiven-Fazantenkamp,11:04,110400
31,9,Bloem-Boomstede,11:05,110500
31,10,Zonnebaan,11:06,110600
31,11,Savannahweg,11:08,110800
31,12,Otto Hahnweg,11:09,110900
31,13,Rijpwetering,11:12,111200
31,14,Soestw./Antonius Zkh,11:13,111300
31,15,Jan Wolkerssingel,11:16,111600
31,16,Station Leidsche Rijn,11:18,111800
31,17,Thomas à Kempisplantsoen,11:20,112000
31,18,Majellapark,11:21,112100
31,19,Hasebroekstraat,11:23,112300
31,20,Moskeeplein,11:25,112500
31,21,CS Jaarbeurszijde,11:27,112700
31,22,CS Jaarbeurszijde,11:30,113000
31,23,Neude,11:35,113500
31,24,Janskerkhof,11:36,113600
31,25,Stadsschouwburg,11:37,113700
31,26,Wittevrouwen,11:39,113900
31,27,Oorsprongpark,11:40,114000
31,28,KNMI,11:43,114300
31,29,Jordanlaan,11:46,114600
31,30,Winkelcentrum Vollenhove,11:48,114800
31,31,Gunninglaan,11:49,114900
31,32,L-Flat,11:50,115000
31,33,De Dreef/Panweg,11:51,115100
31,34,Nepveulaan,11:53,115300
31,35,Schaerweydelaan,11:55,115500
31,36,Steynlaan,11:57,115700
31,37,Busstation,11:59,115900
32,1,Station Maarssen,11:08,110800
32,2,Kamelenspoor,11:09,110900
32,3,Zebraspoor,11:09,110900
32,4,Vogelweg-Zwanenkamp,11:10,111000
32,5,Spechten-Zwanenkamp,11:11,111100
32,6,Spechten-Valkenkamp,11:12,111200
32,7,Pauwen-Reigerskamp,11:13,111300
32,8,Duiven-Fazantenkamp,11:14,111400
32,9,Bloem-Boomstede,11:15,111500
32,10,Zonnebaan,11:16,111600
32,11,Savannahweg,11:18,111800
32,12,Otto Hahnweg,11:19,111900
32,13,Rijpwetering,11:22,112200
32,14,Soestw./Antonius Zkh,11:23,112300
32,15,Jan Wolkerssingel,11:26,112600
32,16,Station Leidsche Rijn,11:28,112800
32,17,Thomas à Kempisplantsoen,11:30,113000
32,18,Majellapark,11:31,113100
32,19,Hasebroekstraat,11:33,113300
32,20,Moskeeplein,11:35,113500
32,21,CS Jaarbeurszijde,11:37,113700
32,22,CS Jaarbeurszijde,11:40,114000
32,23,Neude,11:45,114500
32,24,Janskerkhof,11:46,114600
32,25,Stadsschouwburg,11:47,114700
32,26,Wittevrouwen,11:49,114900
32,27,Oorsprongpark,11:50,115000
32,28,KNMI,11:53,115300
32,29,Jordanlaan,11:56,115600
32,30,Winkelcentrum Vollenhove,11:58,115800
32,31,Gunninglaan,11:59,115900
32,32,L-Flat,12:00,120000
32,33,De Dreef/Panweg,12:01,120100
32,34,Nepveulaan,12:03,120300
32,35,Schaerweydelaan,12:05,120500
32,36,Steynlaan,12:07,120700
32,37,Busstation,12:09,120900
33,1,Station Maarssen,11:18,111800
33,2,Kamelenspoor,11:19,111900
33,3,Zebraspoor,11:19,111900
33,4,Vogelweg-Zwanenkamp,11:20,112000
33,5,Spechten-Zwanenkamp,11:21,112100
33,6,Spechten-Valkenkamp,11:22,112200
33,7,Pauwen-Reigerskamp,11:23,112300
33,8,Duiven-Fazantenkamp,11:24,112400
33,9,Bloem-Boomstede,11:25,112500
33,10,Zonnebaan,11:26,112600
33,11,Savannahweg,11:28,112800
33,12,Otto Hahnweg,11:29,112900
33,13,Rijpwetering,11:32,113200
33,14,Soestw./Antonius Zkh,11:33,113300
33,15,Jan Wolkerssingel,11:36,113600
33,16,Station Leidsche Rijn,11:38,113800
33,17,Thomas à Kempisplantsoen,11:40,114000
33,18,Majellapark,11:41,114100
33,19,Hasebroekstraat,11:43,114300
33,20,Moskeeplein,11:45,114500
33,21,CS Jaarbeurszijde,11:47,114700
33,22,CS Jaarbeurszijde,11:50,115000
33,23,Neude,11:55,115500
33,24,Janskerkhof,11:56,115600
33,25,Stadsschouwburg,11:57,115700
33,26,Wittevrouwen,11:59,115900
33,27,Oorsprongpark,12:00,120000
33,28,KNMI,12:03,120300
33,29,Jordanlaan,12:06,120600
33,30,Winkelcentrum Vollenhove,12:08,120800
33,31,Gunninglaan,12:09,120900
33,32,L-Flat,12:10,121000
33,33,De Dreef/Panweg,12:11,121100
33,34,Nepveulaan,12:13,121300
33,35,Schaerweydelaan,12:15,121500
33,36,Steynlaan,12:17,121700
33,37,Busstation,12:19,121900
34,1,Station Maarssen,11:28,112800
34,2,Kamelenspoor,11:29,112900
34,3,Zebraspoor,11:29,112900
34,4,Vogelweg-Zwanenkamp,11:30,113000
34,5,Spechten-Zwanenkamp,11:31,113100
34,6,Spechten-Valkenkamp,11:32,113200
34,7,Pauwen-Reigerskamp,11:33,113300
34,8,Duiven-Fazantenkamp,11:34,113400
34,9,Bloem-Boomstede,11:35,113500
34,10,Zonnebaan,11:36,113600
34,11,Savannahweg,11:38,113800
34,12,Otto Hahnweg,11:39,113900
34,13,Rijpwetering,11:42,114200
34,14,Soestw./Antonius Zkh,11:43,114300
34,15,Jan Wolkerssingel,11:46,114600
34,16,Station Leidsche Rijn,11:48,114800
34,17,Thomas à Kempisplantsoen,11:50,115000
34,18,Majellapark,11:51,115100
34,19,Hasebroekstraat,11:53,115300
34,20,Moskeeplein,11:55,115500
34,21,CS Jaarbeurszijde,11:57,115700
34,22,CS Jaarbeurszijde,12:00,120000
34,23,Neude,12:05,120500
34,24,Janskerkhof,12:06,120600
34,25,Stadsschouwburg,12:07,120700
34,26,Wittevrouwen,12:09,120900
34,27,Oorsprongpark,12:10,121000
34,28,KNMI,12:13,121300
34,29,Jordanlaan,12:16,121600
34,30,Winkelcentrum Vollenhove,12:18,121800
34,31,Gunninglaan,12:19,121900
34,32,L-Flat,12:20,122000
34,33,De Dreef/Panweg,12:21,122100
34,34,Nepveulaan,12:23,122300
34,35,Schaerweydelaan,12:25,122500
34,36,Steynlaan,12:27,122700
34,37,Busstation,12:29,122900
35,1,Station Maarssen,11:38,113800
35,2,Kamelenspoor,11:39,113900
35,3,Zebraspoor,11:39,113900
35,4,Vogelweg-Zwanenkamp,11:40,114000
35,5,Spechten-Zwanenkamp,11:41,114100
35,6,Spechten-Valkenkamp,11:42,114200
35,7,Pauwen-Reigerskamp,11:43,114300
35,8,Duiven-Fazantenkamp,11:44,114400
35,9,Bloem-Boomstede,11:45,114500
35,10,Zonnebaan,11:46,114600
35,11,Savannahweg,11:48,114800
35,12,Otto Hahnweg,11:49,114900
35,13,Rijpwetering,11:52,115200
35,14,Soestw./Antonius Zkh,11:53,115300
35,15,Jan Wolkerssingel,11:56,115600
35,16,Station Leidsche Rijn,11:58,115800
35,17,Thomas à Kempisplantsoen,12:00,120000
35,18,Majellapark,12:01,120100
35,19,Hasebroekstraat,12:03,120300
35,20,Moskeeplein,12:05,120500
35,21,CS Jaarbeurszijde,12:07,120700
35,22,CS Jaarbeurszijde,12:10,121000
35,23,Neude,12:15,121500
35,24,Janskerkhof,12:16,121600
35,25,Stadsschouwburg,12:17,121700
35,26,Wittevrouwen,12:19,121900
35,27,Oorsprongpark,12:20,122000
35,28,KNMI,12:23,122300
35,29,Jordanlaan,12:26,122600
35,30,Winkelcentrum Vollenhove,12:28,122800
35,31,Gunninglaan,12:29,122900
35,32,L-Flat,12:30,123000
35,33,De Dreef/Panweg,12:31,123100
35,34,Nepveulaan,12:33,123300
35,35,Schaerweydelaan,12:35,123500
35,36,Steynlaan,12:37,123700
35,37,Busstation,12:39,123900
36,1,Station Maarssen,11:48,114800
36,2,Kamelenspoor,11:49,114900
36,3,Zebraspoor,11:49,114900
36,4,Vogelweg-Zwanenkamp,11:50,115000
36,5,Spechten-Zwanenkamp,11:51,115100
36,6,Spechten-Valkenkamp,11:52,115200
36,7,Pauwen-Reigerskamp,11:53,115300
36,8,Duiven-Fazantenkamp,11:54,115400
36,9,Bloem-Boomstede,11:55,115500
36,10,Zonnebaan,11:56,115600
36,11,Savannahweg,11:58,115800
36,12,Otto Hahnweg,11:59,115900
36,13,Rijpwetering,12:02,120200
36,14,Soestw./Antonius Zkh,12:03,120300
36,15,Jan Wolkerssingel,12:06,120600
36,16,Station Leidsche Rijn,12:08,120800
36,17,Thomas à Kempisplantsoen,12:10,121000
36,18,Majellapark,12:11,121100
36,19,Hasebroekstraat,12:13,121300
36,20,Moskeeplein,12:15,121500
36,21,CS Jaarbeurszijde,12:17,121700
36,22,CS Jaarbeurszijde,12:20,122000
36,23,Neude,12:25,122500
36,24,Janskerkhof,12:26,122600
36,25,Stadsschouwburg,12:27,122700
36,26,Wittevrouwen,12:29,122900
36,27,Oorsprongpark,12:30,123000
36,28,KNMI,12:33,123300
36,29,Jordanlaan,12:36,123600
36,30,Winkelcentrum Vollenhove,12:38,123800
36,31,Gunninglaan,12:39,123900
36,32,L-Flat,12:40,124000
36,33,De Dreef/Panweg,12:41,124100
36,34,Nepveulaan,12:43,124300
36,35,Schaerweydelaan,12:45,124500
36,36,Steynlaan,12:47,124700
36,37,Busstation,12:49,124900
37,1,Station Maarssen,11:58,115800
37,2,Kamelenspoor,11:59,115900
37,3,Zebraspoor,11:59,115900
37,4,Vogelweg-Zwanenkamp,12:00,120000
37,5,Spechten-Zwanenkamp,12:01,120100
37,6,Spechten-Valkenkamp,12:02,120200
37,7,Pauwen-Reigerskamp,12:03,120300
37,8,Duiven-Fazantenkamp,12:04,120400
37,9,Bloem-Boomstede,12:05,120500
37,10,Zonnebaan,12:06,120600
37,11,Savannahweg,12:08,120800
37,12,Otto Hahnweg,12:09,120900
37,13,Rijpwetering,12:12,121200
37,14,Soestw./Antonius Zkh,12:13,121300
37,15,Jan Wolkerssingel,12:16,121600
37,16,Station Leidsche Rijn,12:18,121800
37,17,Thomas à Kempisplantsoen,12:20,122000
37,18,Majellapark,12:21,122100
37,19,Hasebroekstraat,12:23,122300
37,20,Moskeeplein,12:25,122500
37,21,CS Jaarbeurszijde,12:27,122700
37,22,CS Jaarbeurszijde,12:30,123000
37,23,Neude,12:35,123500
37,24,Janskerkhof,12:36,123600
37,25,Stadsschouwburg,12:37,123700
37,26,Wittevrouwen,12:39,123900
37,27,Oorsprongpark,12:40,124000
37,28,KNMI,12:43,124300
37,29,Jordanlaan,12:46,124600
37,30,Winkelcentrum Vollenhove,12:48,124800
37,31,Gunninglaan,12:49,124900
37,32,L-Flat,12:50,125000
37,33,De Dreef/Panweg,12:51,125100
37,34,Nepveulaan,12:53,125300
37,35,Schaerweydelaan,12:55,125500
37,36,Steynlaan,12:57,125700
37,37,Busstation,12:59,125900
38,1,Station Maarssen,12:08,120800
38,2,Kamelenspoor,12:09,120900
38,3,Zebraspoor,12:09,120900
38,4,Vogelweg-Zwanenkamp,12:10,121000
38,5,Spechten-Zwanenkamp,12:11,121100
38,6,Spechten-Valkenkamp,12:12,121200
38,7,Pauwen-Reigerskamp,12:13,121300
38,8,Duiven-Fazantenkamp,12:14,121400
38,9,Bloem-Boomstede,12:15,121500
38,10,Zonnebaan,12:16,121600
38,11,Savannahweg,12:18,121800
38,12,Otto Hahnweg,12:19,121900
38,13,Rijpwetering,12:22,122200
38,14,Soestw./Antonius Zkh,12:23,122300
38,15,Jan Wolkerssingel,12:26,122600
38,16,Station Leidsche Rijn,12:28,122800
38,17,Thomas à Kempisplantsoen,12:30,123000
38,18,Majellapark,12:31,123100
38,19,Hasebroekstraat,12:33,123300
38,20,Moskeeplein,12:35,123500
38,21,CS Jaarbeurszijde,12:37,123700
38,22,CS Jaarbeurszijde,12:41,124100
38,23,Neude,12:46,124600
38,24,Janskerkhof,12:47,124700
38,25,Stadsschouwburg,12:48,124800
38,26,Wittevrouwen,12:50,125000
38,27,Oorsprongpark,12:51,125100
38,28,KNMI,12:54,125400
38,29,Jordanlaan,12:57,125700
38,30,Winkelcentrum Vollenhove,12:59,125900
38,31,Gunninglaan,13:00,130000
38,32,L-Flat,13:01,130100
38,33,De Dreef/Panweg,13:02,130200
38,34,Nepveulaan,13:04,130400
38,35,Schaerweydelaan,13:06,130600
38,36,Steynlaan,13:08,130800
38,37,Busstation,13:10,131000
39,1,Station Maarssen,12:18,121800
39,2,Kamelenspoor,12:19,121900
39,3,Zebraspoor,12:19,121900
39,4,Vogelweg-Zwanenkamp,12:20,122000
39,5,Spechten-Zwanenkamp,12:21,122100
39,6,Spechten-Valkenkamp,12:22,122200
39,7,Pauwen-Reigerskamp,12:23,122300
39,8,Duiven-Fazantenkamp,12:24,122400
39,9,Bloem-Boomstede,12:25,122500
39,10,Zonnebaan,12:26,122600
39,11,Savannahweg,12:28,122800
39,12,Otto Hahnweg,12:29,122900
39,13,Rijpwetering,12:32,123200
39,14,Soestw./Antonius Zkh,12:33,123300
39,15,Jan Wolkerssingel,12:36,123600
39,16,Station Leidsche Rijn,12:38,123800
39,17,Thomas à Kempisplantsoen,12:40,124000
39,18,Majellapark,12:41,124100
39,19,Hasebroekstraat,12:43,124300
39,20,Moskeeplein,12:45,124500
39,21,CS Jaarbeurszijde,12:47,124700
39,22,CS Jaarbeurszijde,12:51,125100
39,23,Neude,12:56,125600
39,24,Janskerkhof,12:57,125700
39,25,Stadsschouwburg,12:58,125800
39,26,Wittevrouwen,13:00,130000
39,27,Oorsprongpark,13:01,130100
39,28,KNMI,13:04,130400
39,29,Jordanlaan,13:07,130700
39,30,Winkelcentrum Vollenhove,13:09,130900
39,31,Gunninglaan,13:10,131000
39,32,L-Flat,13:11,131100
39,33,De Dreef/Panweg,13:12,131200
39,34,Nepveulaan,13:14,131400
39,35,Schaerweydelaan,13:16,131600
39,36,Steynlaan,13:18,131800
39,37,Busstation,13:20,132000
40,1,Station Maarssen,12:28,122800
40,2,Kamelenspoor,12:29,122900
40,3,Zebraspoor,12:29,122900
40,4,Vogelweg-Zwanenkamp,12:30,123000
40,5,Spechten-Zwanenkamp,12:31,123100
40,6,Spechten-Valkenkamp,12:32,123200
40,7,Pauwen-Reigerskamp,12:33,123300
40,8,Duiven-Fazantenkamp,12:34,123400
40,9,Bloem-Boomstede,12:35,123500
40,10,Zonnebaan,12:36,123600
40,11,Savannahweg,12:38,123800
40,12,Otto Hahnweg,12:39,123900
40,13,Rijpwetering,12:43,124300
40,14,Soestw./Antonius Zkh,12:44,124400
40,15,Jan Wolkerssingel,12:47,124700
40,16,Station Leidsche Rijn,12:49,124900
40,17,Thomas à Kempisplantsoen,12:51,125100
40,18,Majellapark,12:52,125200
40,19,Hasebroekstraat,12:54,125400
40,20,Moskeeplein,12:56,125600
40,21,CS Jaarbeurszijde,12:58,125800
40,22,CS Jaarbeurszijde,13:02,130200
40,23,Neude,13:07,130700
40,24,Janskerkhof,13:08,130800
40,25,Stadsschouwburg,13:09,130900
40,26,Wittevrouwen,13:11,131100
40,27,Oorsprongpark,13:12,131200
40,28,KNMI,13:15,131500
40,29,Jordanlaan,13:18,131800
40,30,Winkelcentrum Vollenhove,13:20,132000
40,31,Gunninglaan,13:21,132100
40,32,L-Flat,13:22,132200
40,33,De Dreef/Panweg,13:23,132300
40,34,Nepveulaan,13:25,132500
40,35,Schaerweydelaan,13:27,132700
40,36,Steynlaan,13:29,132900
40,37,Busstation,13:31,133100
41,1,Station Maarssen,12:38,123800
41,2,Kamelenspoor,12:39,123900
41,3,Zebraspoor,12:39,123900
41,4,Vogelweg-Zwanenkamp,12:40,124000
41,5,Spechten-Zwanenkamp,12:41,124100
41,6,Spechten-Valkenkamp,12:42,124200
41,7,Pauwen-Reigerskamp,12:43,124300
41,8,Duiven-Fazantenkamp,12:44,124400
41,9,Bloem-Boomstede,12:45,124500
41,10,Zonnebaan,12:46,124600
41,11,Savannahweg,12:48,124800
41,12,Otto Hahnweg,12:49,124900
41,13,Rijpwetering,12:53,125300
41,14,Soestw./Antonius Zkh,12:54,125400
41,15,Jan Wolkerssingel,12:57,125700
41,16,Station Leidsche Rijn,12:59,125900
41,17,Thomas à Kempisplantsoen,13:01,130100
41,18,Majellapark,13:02,130200
41,19,Hasebroekstraat,13:04,130400
41,20,Moskeeplein,13:06,130600
41,21,CS Jaarbeurszijde,13:08,130800
41,22,CS Jaarbeurszijde,13:12,131200
41,23,Neude,13:17,131700
41,24,Janskerkhof,13:18,131800
41,25,Stadsschouwburg,13:19,131900
41,26,Wittevrouwen,13:21,132100
41,27,Oorsprongpark,13:22,132200
41,28,KNMI,13:25,132500
41,29,Jordanlaan,13:28,132800
41,30,Winkelcentrum Vollenhove,13:30,133000
41,31,Gunninglaan,13:31,133100
41,32,L-Flat,13:32,133200
41,33,De Dreef/Panweg,13:33,133300
41,34,Nepveulaan,13:35,133500
41,35,Schaerweydelaan,13:37,133700
41,36,Steynlaan,13:39,133900
41,37,Busstation,13:41,134100
42,1,Station Maarssen,12:48,124800
42,2,Kamelenspoor,12:49,124900
42,3,Zebraspoor,12:49,124900
42,4,Vogelweg-Zwanenkamp,12:50,125000
42,5,Spechten-Zwanenkamp,12:51,125100
42,6,Spechten-Valkenkamp,12:52,125200
42,7,Pauwen-Reigerskamp,12:53,125300
42,8,Duiven-Fazantenkamp,12:54,125400
42,9,Bloem-Boomstede,12:55,125500
42,10,Zonnebaan,12:56,125600
42,11,Savannahweg,12:58,125800
42,12,Otto Hahnweg,12:59,125900
42,13,Rijpwetering,13:03,130300
42,14,Soestw./Antonius Zkh,13:04,130400
42,15,Jan Wolkerssingel,13:07,130700
42,16,Station Leidsche Rijn,13:09,130900
42,17,Thomas à Kempisplantsoen,13:11,131100
42,18,Majellapark,13:12,131200
42,19,Hasebroekstraat,13:14,131400
42,20,Moskeeplein,13:16,131600
42,21,CS Jaarbeurszijde,13:18,131800
42,22,CS Jaarbeurszijde,13:22,132200
42,23,Neude,13:27,132700
42,24,Janskerkhof,13:28,132800
42,25,Stadsschouwburg,13:29,132900
42,26,Wittevrouwen,13:31,133100
42,27,Oorsprongpark,13:32,133200
42,28,KNMI,13:36,133600
42,29,Jordanlaan,13:39,133900
42,30,Winkelcentrum Vollenhove,13:41,134100
42,31,Gunninglaan,13:42,134200
42,32,L-Flat,13:43,134300
42,33,De Dreef/Panweg,13:44,134400
42,34,Nepveulaan,13:46,134600
42,35,Schaerweydelaan,13:48,134800
42,36,Steynlaan,13:50,135000
42,37,Busstation,13:52,135200
43,1,Station Maarssen,12:58,125800
43,2,Kamelenspoor,12:59,125900
43,3,Zebraspoor,12:59,125900
43,4,Vogelweg-Zwanenkamp,13:00,130000
43,5,Spechten-Zwanenkamp,13:01,130100
43,6,Spechten-Valkenkamp,13:02,130200
43,7,Pauwen-Reigerskamp,13:03,130300
43,8,Duiven-Fazantenkamp,13:04,130400
43,9,Bloem-Boomstede,13:05,130500
43,10,Zonnebaan,13:06,130600
43,11,Savannahweg,13:08,130800
43,12,Otto Hahnweg,13:09,130900
43,13,Rijpwetering,13:13,131300
43,14,Soestw./Antonius Zkh,13:14,131400
43,15,Jan Wolkerssingel,13:17,131700
43,16,Station Leidsche Rijn,13:19,131900
43,17,Thomas à Kempisplantsoen,13:21,132100
43,18,Majellapark,13:22,132200
43,19,Hasebroekstraat,13:24,132400
43,20,Moskeeplein,13:26,132600
43,21,CS Jaarbeurszijde,13:28,132800
43,22,CS Jaarbeurszijde,13:32,133200
43,23,Neude,13:37,133700
43,24,Janskerkhof,13:39,133900
43,25,Stadsschouwburg,13:40,134000
43,26,Wittevrouwen,13:42,134200
43,27,Oorsprongpark,13:43,134300
43,28,KNMI,13:47,134700
43,29,Jordanlaan,13:50,135000
43,30,Winkelcentrum Vollenhove,13:52,135200
43,31,Gunninglaan,13:53,135300
43,32,L-Flat,13:54,135400
43,33,De Dreef/Panweg,13:55,135500
43,34,Nepveulaan,13:57,135700
43,35,Schaerweydelaan,13:59,135900
43,36,Steynlaan,14:01,140100
43,37,Busstation,14:03,140300
44,1,Station Maarssen,13:08,130800
44,2,Kamelenspoor,13:09,130900
44,3,Zebraspoor,13:09,130900
44,4,Vogelweg-Zwanenkamp,13:10,131000
44,5,Spechten-Zwanenkamp,13:11,131100
44,6,Spechten-Valkenkamp,13:12,131200
44,7,Pauwen-Reigerskamp,13:13,131300
44,8,Duiven-Fazantenkamp,13:14,131400
44,9,Bloem-Boomstede,13:15,131500
44,10,Zonnebaan,13:16,131600
44,11,Savannahweg,13:18,131800
44,12,Otto Hahnweg,13:19,131900
44,13,Rijpwetering,13:23,132300
44,14,Soestw./Antonius Zkh,13:24,132400
44,15,Jan Wolkerssingel,13:27,132700
44,16,Station Leidsche Rijn,13:29,132900
44,17,Thomas à Kempisplantsoen,13:31,133100
44,18,Majellapark,13:32,133200
44,19,Hasebroekstraat,13:34,133400
44,20,Moskeeplein,13:36,133600
44,21,CS Jaarbeurszijde,13:38,133800
44,22,CS Jaarbeurszijde,13:42,134200
44,23,Neude,13:47,134700
44,24,Janskerkhof,13:49,134900
44,25,Stadsschouwburg,13:50,135000
44,26,Wittevrouwen,13:52,135200
44,27,Oorsprongpark,13:53,135300
44,28,KNMI,13:57,135700
44,29,Jordanlaan,14:00,140000
44,30,Winkelcentrum Vollenhove,14:02,140200
44,31,Gunninglaan,14:03,140300
44,32,L-Flat,14:04,140400
44,33,De Dreef/Panweg,14:05,140500
44,34,Nepveulaan,14:07,140700
44,35,Schaerweydelaan,14:09,140900
44,36,Steynlaan,14:11,141100
44,37,Busstation,14:13,141300
45,1,Station Maarssen,13:18,131800
45,2,Kamelenspoor,13:19,131900
45,3,Zebraspoor,13:19,131900
45,4,Vogelweg-Zwanenkamp,13:20,132000
45,5,Spechten-Zwanenkamp,13:21,132100
45,6,Spechten-Valkenkamp,13:22,132200
45,7,Pauwen-Reigerskamp,13:23,132300
45,8,Duiven-Fazantenkamp,13:24,132400
45,9,Bloem-Boomstede,13:25,132500
45,10,Zonnebaan,13:26,132600
45,11,Savannahweg,13:28,132800
45,12,Otto Hahnweg,13:29,132900
45,13,Rijpwetering,13:33,133300
45,14,Soestw./Antonius Zkh,13:34,133400
45,15,Jan Wolkerssingel,13:37,133700
45,16,Station Leidsche Rijn,13:39,133900
45,17,Thomas à Kempisplantsoen,13:41,134100
45,18,Majellapark,13:42,134200
45,19,Hasebroekstraat,13:44,134400
45,20,Moskeeplein,13:46,134600
45,21,CS Jaarbeurszijde,13:48,134800
45,22,CS Jaarbeurszijde,13:52,135200
45,23,Neude,13:57,135700
45,24,Janskerkhof,13:59,135900
45,25,Stadsschouwburg,14:00,140000
45,26,Wittevrouwen,14:02,140200
45,27,Oorsprongpark,14:03,140300
45,28,KNMI,14:07,140700
45,29,Jordanlaan,14:10,141000
45,30,Winkelcentrum Vollenhove,14:12,141200
45,31,Gunninglaan,14:13,141300
45,32,L-Flat,14:14,141400
45,33,De Dreef/Panweg,14:15,141500
45,34,Nepveulaan,14:17,141700
45,35,Schaerweydelaan,14:19,141900
45,36,Steynlaan,14:21,142100
45,37,Busstation,14:23,142300
46,1,Station Maarssen,13:28,132800
46,2,Kamelenspoor,13:29,132900
46,3,Zebraspoor,13:29,132900
46,4,Vogelweg-Zwanenkamp,13:30,133000
46,5,Spechten-Zwanenkamp,13:31,133100
46,6,Spechten-Valkenkamp,13:32,133200
46,7,Pauwen-Reigerskamp,13:33,133300
46,8,Duiven-Fazantenkamp,13:34,133400
46,9,Bloem-Boomstede,13:35,133500
46,10,Zonnebaan,13:36,133600
46,11,Savannahweg,13:38,133800
46,12,Otto Hahnweg,13:39,133900
46,13,Rijpwetering,13:43,134300
46,14,Soestw./Antonius Zkh,13:44,134400
46,15,Jan Wolkerssingel,13:47,134700
46,16,Station Leidsche Rijn,13:49,134900
46,17,Thomas à Kempisplantsoen,13:51,135100
46,18,Majellapark,13:52,135200
46,19,Hasebroekstraat,13:54,135400
46,20,Moskeeplein,13:56,135600
46,21,CS Jaarbeurszijde,13:58,135800
46,22,CS Jaarbeurszijde,14:02,140200
46,23,Neude,14:07,140700
46,24,Janskerkhof,14:09,140900
46,25,Stadsschouwburg,14:10,141000
46,26,Wittevrouwen,14:12,141200
46,27,Oorsprongpark,14:13,141300
46,28,KNMI,14:17,141700
46,29,Jordanlaan,14:20,142000
46,30,Winkelcentrum Vollenhove,14:22,142200
46,31,Gunninglaan,14:23,142300
46,32,L-Flat,14:24,142400
46,33,De Dreef/Panweg,14:25,142500
46,34,Nepveulaan,14:27,142700
46,35,Schaerweydelaan,14:29,142900
46,36,Steynlaan,14:31,143100
46,37,Busstation,14:33,143300
47,1,Station Maarssen,13:38,133800
47,2,Kamelenspoor,13:39,133900
47,3,Zebraspoor,13:39,133900
47,4,Vogelweg-Zwanenkamp,13:40,134000
47,5,Spechten-Zwanenkamp,13:41,134100
47,6,Spechten-Valkenkamp,13:42,134200
47,7,Pauwen-Reigerskamp,13:43,134300
47,8,Duiven-Fazantenkamp,13:44,134400
47,9,Bloem-Boomstede,13:45,134500
47,10,Zonnebaan,13:46,134600
47,11,Savannahweg,13:48,134800
47,12,Otto Hahnweg,13:49,134900
47,13,Rijpwetering,13:53,135300
47,14,Soestw./Antonius Zkh,13:54,135400
47,15,Jan Wolkerssingel,13:57,135700
47,16,Station Leidsche Rijn,13:59,135900
47,17,Thomas à Kempisplantsoen,14:01,140100
47,18,Majellapark,14:02,140200
47,19,Hasebroekstraat,14:04,140400
47,20,Moskeeplein,14:06,140600
47,21,CS Jaarbeurszijde,14:08,140800
47,22,CS Jaarbeurszijde,14:12,141200
47,23,Neude,14:17,141700
47,24,Janskerkhof,14:19,141900
47,25,Stadsschouwburg,14:20,142000
47,26,Wittevrouwen,14:22,142200
47,27,Oorsprongpark,14:23,142300
47,28,KNMI,14:27,142700
47,29,Jordanlaan,14:30,143000
47,30,Winkelcentrum Vollenhove,14:32,143200
47,31,Gunninglaan,14:33,143300
47,32,L-Flat,14:34,143400
47,33,De Dreef/Panweg,14:35,143500
47,34,Nepveulaan,14:37,143700
47,35,Schaerweydelaan,14:39,143900
47,36,Steynlaan,14:41,144100
47,37,Busstation,14:43,144300
48,1,Station Maarssen,13:48,134800
48,2,Kamelenspoor,13:49,134900
48,3,Zebraspoor,13:49,134900
48,4,Vogelweg-Zwanenkamp,13:50,135000
48,5,Spechten-Zwanenkamp,13:51,135100
48,6,Spechten-Valkenkamp,13:52,135200
48,7,Pauwen-Reigerskamp,13:53,135300
48,8,Duiven-Fazantenkamp,13:54,135400
48,9,Bloem-Boomstede,13:55,135500
48,10,Zonnebaan,13:56,135600
48,11,Savannahweg,13:58,135800
48,12,Otto Hahnweg,13:59,135900
48,13,Rijpwetering,14:03,140300
48,14,Soestw./Antonius Zkh,14:04,140400
48,15,Jan Wolkerssingel,14:07,140700
48,16,Station Leidsche Rijn,14:09,140900
48,17,Thomas à Kempisplantsoen,14:11,141100
48,18,Majellapark,14:12,141200
48,19,Hasebroekstraat,14:14,141400
48,20,Moskeeplein,14:16,141600
48,21,CS Jaarbeurszijde,14:18,141800
48,22,CS Jaarbeurszijde,14:22,142200
48,23,Neude,14:27,142700
48,24,Janskerkhof,14:29,142900
48,25,Stadsschouwburg,14:30,143000
48,26,Wittevrouwen,14:32,143200
48,27,Oorsprongpark,14:33,143300
48,28,KNMI,14:37,143700
48,29,Jordanlaan,14:40,144000
48,30,Winkelcentrum Vollenhove,14:42,144200
48,31,Gunninglaan,14:43,144300
48,32,L-Flat,14:44,144400
48,33,De Dreef/Panweg,14:45,144500
48,34,Nepveulaan,14:47,144700
48,35,Schaerweydelaan,14:49,144900
48,36,Steynlaan,14:51,145100
48,37,Busstation,14:53,145300
49,1,Station Maarssen,13:58,135800
49,2,Kamelenspoor,13:59,135900
49,3,Zebraspoor,13:59,135900
49,4,Vogelweg-Zwanenkamp,14:00,140000
49,5,Spechten-Zwanenkamp,14:01,140100
49,6,Spechten-Valkenkamp,14:02,140200
49,7,Pauwen-Reigerskamp,14:03,140300
49,8,Duiven-Fazantenkamp,14:04,140400
49,9,Bloem-Boomstede,14:05,140500
49,10,Zonnebaan,14:06,140600
49,11,Savannahweg,14:08,140800
49,12,Otto Hahnweg,14:09,140900
49,13,Rijpwetering,14:13,141300
49,14,Soestw./Antonius Zkh,14:14,141400
49,15,Jan Wolkerssingel,14:17,141700
49,16,Station Leidsche Rijn,14:19,141900
49,17,Thomas à Kempisplantsoen,14:21,142100
49,18,Majellapark,14:22,142200
49,19,Hasebroekstraat,14:24,142400
49,20,Moskeeplein,14:26,142600
49,21,CS Jaarbeurszijde,14:28,142800
49,22,CS Jaarbeurszijde,14:32,143200
49,23,Neude,14:37,143700
49,24,Janskerkhof,14:39,143900
49,25,Stadsschouwburg,14:40,144000
49,26,Wittevrouwen,14:42,144200
49,27,Oorsprongpark,14:43,144300
49,28,KNMI,14:47,144700
49,29,Jordanlaan,14:50,145000
49,30,Winkelcentrum Vollenhove,14:52,145200
49,31,Gunninglaan,14:53,145300
49,32,L-Flat,14:54,145400
49,33,De Dreef/Panweg,14:55,145500
49,34,Nepveulaan,14:57,145700
49,35,Schaerweydelaan,14:59,145900
49,36,Steynlaan,15:01,150100
49,37,Busstation,15:03,150300
50,1,Station Maarssen,14:08,140800
50,2,Kamelenspoor,14:09,140900
50,3,Zebraspoor,14:09,140900
50,4,Vogelweg-Zwanenkamp,14:10,141000
50,5,Spechten-Zwanenkamp,14:11,141100
50,6,Spechten-Valkenkamp,14:12,141200
50,7,Pauwen-Reigerskamp,14:13,141300
50,8,Duiven-Fazantenkamp,14:14,141400
50,9,Bloem-Boomstede,14:15,141500
50,10,Zonnebaan,14:16,141600
50,11,Savannahweg,14:18,141800
50,12,Otto Hahnweg,14:19,141900
50,13,Rijpwetering,14:23,142300
50,14,Soestw./Antonius Zkh,14:24,142400
50,15,Jan Wolkerssingel,14:27,142700
50,16,Station Leidsche Rijn,14:29,142900
50,17,Thomas à Kempisplantsoen,14:31,143100
50,18,Majellapark,14:32,143200
50,19,Hasebroekstraat,14:34,143400
50,20,Moskeeplein,14:36,143600
50,21,CS Jaarbeurszijde,14:38,143800
50,22,CS Jaarbeurszijde,14:42,144200
50,23,Neude,14:47,144700
50,24,Janskerkhof,14:49,144900
50,25,Stadsschouwburg,14:50,145000
50,26,Wittevrouwen,14:52,145200
50,27,Oorsprongpark,14:53,145300
50,28,KNMI,14:57,145700
50,29,Jordanlaan,15:00,150000
50,30,Winkelcentrum Vollenhove,15:02,150200
50,31,Gunninglaan,15:03,150300
50,32,L-Flat,15:04,150400
50,33,De Dreef/Panweg,15:05,150500
50,34,Nepveulaan,15:07,150700
50,35,Schaerweydelaan,15:09,150900
50,36,Steynlaan,15:11,151100
50,37,Busstation,15:13,151300
51,1,Station Maarssen,14:18,141800
51,2,Kamelenspoor,14:19,141900
51,3,Zebraspoor,14:19,141900
51,4,Vogelweg-Zwanenkamp,14:20,142000
51,5,Spechten-Zwanenkamp,14:21,142100
51,6,Spechten-Valkenkamp,14:22,142200
51,7,Pauwen-Reigerskamp,14:23,142300
51,8,Duiven-Fazantenkamp,14:24,142400
51,9,Bloem-Boomstede,14:25,142500
51,10,Zonnebaan,14:26,142600
51,11,Savannahweg,14:28,142800
51,12,Otto Hahnweg,14:29,142900
51,13,Rijpwetering,14:33,143300
51,14,Soestw./Antonius Zkh,14:34,143400
51,15,Jan Wolkerssingel,14:37,143700
51,16,Station Leidsche Rijn,14:39,143900
51,17,Thomas à Kempisplantsoen,14:41,144100
51,18,Majellapark,14:42,144200
51,19,Hasebroekstraat,14:44,144400
51,20,Moskeeplein,14:46,144600
51,21,CS Jaarbeurszijde,14:48,144800
51,22,CS Jaarbeurszijde,14:52,145200
51,23,Neude,14:57,145700
51,24,Janskerkhof,14:59,145900
51,25,Stadsschouwburg,15:00,150000
51,26,Wittevrouwen,15:02,150200
51,27,Oorsprongpark,15:03,150300
51,28,KNMI,15:07,150700
51,29,Jordanlaan,15:10,151000
51,30,Winkelcentrum Vollenhove,15:12,151200
51,31,Gunninglaan,15:13,151300
51,32,L-Flat,15:14,151400
51,33,De Dreef/Panweg,15:15,151500
51,34,Nepveulaan,15:17,151700
51,35,Schaerweydelaan,15:19,151900
51,36,Steynlaan,15:21,152100
51,37,Busstation,15:23,152300
52,1,Station Maarssen,14:28,142800
52,2,Kamelenspoor,14:29,142900
52,3,Zebraspoor,14:29,142900
52,4,Vogelweg-Zwanenkamp,14:30,143000
52,5,Spechten-Zwanenkamp,14:31,143100
52,6,Spechten-Valkenkamp,14:32,143200
52,7,Pauwen-Reigerskamp,14:33,143300
52,8,Duiven-Fazantenkamp,14:34,143400
52,9,Bloem-Boomstede,14:35,143500
52,10,Zonnebaan,14:36,143600
52,11,Savannahweg,14:38,143800
52,12,Otto Hahnweg,14:39,143900
52,13,Rijpwetering,14:43,144300
52,14,Soestw./Antonius Zkh,14:44,144400
52,15,Jan Wolkerssingel,14:47,144700
52,16,Station Leidsche Rijn,14:49,144900
52,17,Thomas à Kempisplantsoen,14:51,145100
52,18,Majellapark,14:52,145200
52,19,Hasebroekstraat,14:54,145400
52,20,Moskeeplein,14:56,145600
52,21,CS Jaarbeurszijde,14:58,145800
52,22,CS Jaarbeurszijde,15:02,150200
52,23,Neude,15:07,150700
52,24,Janskerkhof,15:09,150900
52,25,Stadsschouwburg,15:10,151000
52,26,Wittevrouwen,15:12,151200
52,27,Oorsprongpark,15:13,151300
52,28,KNMI,15:17,151700
52,29,Jordanlaan,15:20,152000
52,30,Winkelcentrum Vollenhove,15:22,152200
52,31,Gunninglaan,15:23,152300
52,32,L-Flat,15:24,152400
52,33,De Dreef/Panweg,15:25,152500
52,34,Nepveulaan,15:27,152700
52,35,Schaerweydelaan,15:29,152900
52,36,Steynlaan,15:31,153100
52,37,Busstation,15:33,153300
53,1,Station Maarssen,14:38,143800
53,2,Kamelenspoor,14:39,143900
53,3,Zebraspoor,14:39,143900
53,4,Vogelweg-Zwanenkamp,14:40,144000
53,5,Spechten-Zwanenkamp,14:41,144100
53,6,Spechten-Valkenkamp,14:42,144200
53,7,Pauwen-Reigerskamp,14:43,144300
53,8,Duiven-Fazantenkamp,14:44,144400
53,9,Bloem-Boomstede,14:45,144500
53,10,Zonnebaan,14:46,144600
53,11,Savannahweg,14:48,144800
53,12,Otto Hahnweg,14:49,144900
53,13,Rijpwetering,14:53,145300
53,14,Soestw./Antonius Zkh,14:54,145400
53,15,Jan Wolkerssingel,14:57,145700
53,16,Station Leidsche Rijn,14:59,145900
53,17,Thomas à Kempisplantsoen,15:01,150100
53,18,Majellapark,15:02,150200
53,19,Hasebroekstraat,15:04,150400
53,20,Moskeeplein,15:06,150600
53,21,CS Jaarbeurszijde,15:08,150800
53,22,CS Jaarbeurszijde,15:12,151200
53,23,Neude,15:17,151700
53,24,Janskerkhof,15:19,151900
53,25,Stadsschouwburg,15:20,152000
53,26,Wittevrouwen,15:22,152200
53,27,Oorsprongpark,15:23,152300
53,28,KNMI,15:27,152700
53,29,Jordanlaan,15:30,153000
53,30,Winkelcentrum Vollenhove,15:32,153200
53,31,Gunninglaan,15:33,153300
53,32,L-Flat,15:34,153400
53,33,De Dreef/Panweg,15:35,153500
53,34,Nepveulaan,15:37,153700
53,35,Schaerweydelaan,15:39,153900
53,36,Steynlaan,15:41,154100
53,37,Busstation,15:43,154300
54,1,Station Maarssen,14:48,144800
54,2,Kamelenspoor,14:49,144900
54,3,Zebraspoor,14:49,144900
54,4,Vogelweg-Zwanenkamp,14:50,145000
54,5,Spechten-Zwanenkamp,14:51,145100
54,6,Spechten-Valkenkamp,14:52,145200
54,7,Pauwen-Reigerskamp,14:53,145300
54,8,Duiven-Fazantenkamp,14:54,145400
54,9,Bloem-Boomstede,14:55,145500
54,10,Zonnebaan,14:56,145600
54,11,Savannahweg,14:58,145800
54,12,Otto Hahnweg,14:59,145900
54,13,Rijpwetering,15:03,150300
54,14,Soestw./Antonius Zkh,15:04,150400
54,15,Jan Wolkerssingel,15:07,150700
54,16,Station Leidsche Rijn,15:09,150900
54,17,Thomas à Kempisplantsoen,15:11,151100
54,18,Majellapark,15:12,151200
54,19,Hasebroekstraat,15:14,151400
54,20,Moskeeplein,15:16,151600
54,21,CS Jaarbeurszijde,15:18,151800
54,22,CS Jaarbeurszijde,15:22,152200
54,23,Neude,15:27,152700
54,24,Janskerkhof,15:29,152900
54,25,Stadsschouwburg,15:30,153000
54,26,Wittevrouwen,15:32,153200
54,27,Oorsprongpark,15:33,153300
54,28,KNMI,15:37,153700
54,29,Jordanlaan,15:40,154000
54,30,Winkelcentrum Vollenhove,15:42,154200
54,31,Gunninglaan,15:43,154300
54,32,L-Flat,15:44,154400
54,33,De Dreef/Panweg,15:45,154500
54,34,Nepveulaan,15:47,154700
54,35,Schaerweydelaan,15:49,154900
54,36,Steynlaan,15:51,155100
54,37,Busstation,15:53,155300
55,1,Station Maarssen,14:58,145800
55,2,Kamelenspoor,14:59,145900
55,3,Zebraspoor,14:59,145900
55,4,Vogelweg-Zwanenkamp,15:00,150000
55,5,Spechten-Zwanenkamp,15:01,150100
55,6,Spechten-Valkenkamp,15:02,150200
55,7,Pauwen-Reigerskamp,15:03,150300
55,8,Duiven-Fazantenkamp,15:04,150400
55,9,Bloem-Boomstede,15:05,150500
55,10,Zonnebaan,15:06,150600
55,11,Savannahweg,15:08,150800
55,12,Otto Hahnweg,15:09,150900
55,13,Rijpwetering,15:13,151300
55,14,Soestw./Antonius Zkh,15:14,151400
55,15,Jan Wolkerssingel,15:17,151700
55,16,Station Leidsche Rijn,15:19,151900
55,17,Thomas à Kempisplantsoen,15:21,152100
55,18,Majellapark,15:22,152200
55,19,Hasebroekstraat,15:24,152400
55,20,Moskeeplein,15:26,152600
55,21,CS Jaarbeurszijde,15:28,152800
55,22,CS Jaarbeurszijde,15:32,153200
55,23,Neude,15:37,153700
55,24,Janskerkhof,15:39,153900
55,25,Stadsschouwburg,15:40,154000
55,26,Wittevrouwen,15:42,154200
55,27,Oorsprongpark,15:43,154300
55,28,KNMI,15:47,154700
55,29,Jordanlaan,15:50,155000
55,30,Winkelcentrum Vollenhove,15:52,155200
55,31,Gunninglaan,15:53,155300
55,32,L-Flat,15:54,155400
55,33,De Dreef/Panweg,15:55,155500
55,34,Nepveulaan,15:57,155700
55,35,Schaerweydelaan,15:59,155900
55,36,Steynlaan,16:01,160100
55,37,Busstation,16:03,160300
56,1,Station Maarssen,15:08,150800
56,2,Kamelenspoor,15:09,150900
56,3,Zebraspoor,15:09,150900
56,4,Vogelweg-Zwanenkamp,15:10,151000
56,5,Spechten-Zwanenkamp,15:11,151100
56,6,Spechten-Valkenkamp,15:12,151200
56,7,Pauwen-Reigerskamp,15:13,151300
56,8,Duiven-Fazantenkamp,15:14,151400
56,9,Bloem-Boomstede,15:15,151500
56,10,Zonnebaan,15:16,151600
56,11,Savannahweg,15:18,151800
56,12,Otto Hahnweg,15:19,151900
56,13,Rijpwetering,15:23,152300
56,14,Soestw./Antonius Zkh,15:24,152400
56,15,Jan Wolkerssingel,15:27,152700
56,16,Station Leidsche Rijn,15:29,152900
56,17,Thomas à Kempisplantsoen,15:31,153100
56,18,Majellapark,15:32,153200
56,19,Hasebroekstraat,15:34,153400
56,20,Moskeeplein,15:36,153600
56,21,CS Jaarbeurszijde,15:38,153800
56,22,CS Jaarbeurszijde,15:42,154200
56,23,Neude,15:47,154700
56,24,Janskerkhof,15:49,154900
56,25,Stadsschouwburg,15:50,155000
56,26,Wittevrouwen,15:52,155200
56,27,Oorsprongpark,15:53,155300
56,28,KNMI,15:57,155700
56,29,Jordanlaan,16:00,160000
56,30,Winkelcentrum Vollenhove,16:02,160200
56,31,Gunninglaan,16:03,160300
56,32,L-Flat,16:04,160400
56,33,De Dreef/Panweg,16:05,160500
56,34,Nepveulaan,16:07,160700
56,35,Schaerweydelaan,16:09,160900
56,36,Steynlaan,16:11,161100
56,37,Busstation,16:13,161300
57,1,Station Maarssen,15:18,151800
57,2,Kamelenspoor,15:19,151900
57,3,Zebraspoor,15:19,151900
57,4,Vogelweg-Zwanenkamp,15:20,152000
57,5,Spechten-Zwanenkamp,15:21,152100
57,6,Spechten-Valkenkamp,15:22,152200
57,7,Pauwen-Reigerskamp,15:23,152300
57,8,Duiven-Fazantenkamp,15:24,152400
57,9,Bloem-Boomstede,15:25,152500
57,10,Zonnebaan,15:26,152600
57,11,Savannahweg,15:28,152800
57,12,Otto Hahnweg,15:29,152900
57,13,Rijpwetering,15:33,153300
57,14,Soestw./Antonius Zkh,15:34,153400
57,15,Jan Wolkerssingel,15:37,153700
57,16,Station Leidsche Rijn,15:39,153900
57,17,Thomas à Kempisplantsoen,15:41,154100
57,18,Majellapark,15:42,154200
57,19,Hasebroekstraat,15:44,154400
57,20,Moskeeplein,15:46,154600
57,21,CS Jaarbeurszijde,15:48,154800
57,22,CS Jaarbeurszijde,15:52,155200
57,23,Neude,15:57,155700
57,24,Janskerkhof,15:59,155900
57,25,Stadsschouwburg,16:00,160000
57,26,Wittevrouwen,16:02,160200
57,27,Oorsprongpark,16:03,160300
57,28,KNMI,16:07,160700
57,29,Jordanlaan,16:10,161000
57,30,Winkelcentrum Vollenhove,16:12,161200
57,31,Gunninglaan,16:13,161300
57,32,L-Flat,16:14,161400
57,33,De Dreef/Panweg,16:15,161500
57,34,Nepveulaan,16:17,161700
57,35,Schaerweydelaan,16:19,161900
57,36,Steynlaan,16:21,162100
57,37,Busstation,16:23,162300
58,1,Station Maarssen,15:28,152800
58,2,Kamelenspoor,15:29,152900
58,3,Zebraspoor,15:29,152900
58,4,Vogelweg-Zwanenkamp,15:30,153000
58,5,Spechten-Zwanenkamp,15:31,153100
58,6,Spechten-Valkenkamp,15:32,153200
58,7,Pauwen-Reigerskamp,15:33,153300
58,8,Duiven-Fazantenkamp,15:34,153400
58,9,Bloem-Boomstede,15:35,153500
58,10,Zonnebaan,15:36,153600
58,11,Savannahweg,15:38,153800
58,12,Otto Hahnweg,15:39,153900
58,13,Rijpwetering,15:43,154300
58,14,Soestw./Antonius Zkh,15:44,154400
58,15,Jan Wolkerssingel,15:47,154700
58,16,Station Leidsche Rijn,15:49,154900
58,17,Thomas à Kempisplantsoen,15:51,155100
58,18,Majellapark,15:52,155200
58,19,Hasebroekstraat,15:54,155400
58,20,Moskeeplein,15:56,155600
58,21,CS Jaarbeurszijde,15:58,155800
58,22,CS Jaarbeurszijde,16:02,160200
58,23,Neude,16:07,160700
58,24,Janskerkhof,16:09,160900
58,25,Stadsschouwburg,16:10,161000
58,26,Wittevrouwen,16:12,161200
58,27,Oorsprongpark,16:13,161300
58,28,KNMI,16:17,161700
58,29,Jordanlaan,16:20,162000
58,30,Winkelcentrum Vollenhove,16:22,162200
58,31,Gunninglaan,16:23,162300
58,32,L-Flat,16:24,162400
58,33,De Dreef/Panweg,16:25,162500
58,34,Nepveulaan,16:27,162700
58,35,Schaerweydelaan,16:29,162900
58,36,Steynlaan,16:31,163100
58,37,Busstation,16:33,163300
59,1,Station Maarssen,15:38,153800
59,2,Kamelenspoor,15:39,153900
59,3,Zebraspoor,15:39,153900
59,4,Vogelweg-Zwanenkamp,15:40,154000
59,5,Spechten-Zwanenkamp,15:41,154100
59,6,Spechten-Valkenkamp,15:42,154200
59,7,Pauwen-Reigerskamp,15:43,154300
59,8,Duiven-Fazantenkamp,15:44,154400
59,9,Bloem-Boomstede,15:45,154500
59,10,Zonnebaan,15:46,154600
59,11,Savannahweg,15:48,154800
59,12,Otto Hahnweg,15:49,154900
59,13,Rijpwetering,15:53,155300
59,14,Soestw./Antonius Zkh,15:54,155400
59,15,Jan Wolkerssingel,15:57,155700
59,16,Station Leidsche Rijn,15:59,155900
59,17,Thomas à Kempisplantsoen,16:01,160100
59,18,Majellapark,16:02,160200
59,19,Hasebroekstraat,16:04,160400
59,20,Moskeeplein,16:06,160600
59,21,CS Jaarbeurszijde,16:08,160800
59,22,CS Jaarbeurszijde,16:12,161200
59,23,Neude,16:17,161700
59,24,Janskerkhof,16:19,161900
59,25,Stadsschouwburg,16:20,162000
59,26,Wittevrouwen,16:22,162200
59,27,Oorsprongpark,16:23,162300
59,28,KNMI,16:27,162700
59,29,Jordanlaan,16:30,163000
59,30,Winkelcentrum Vollenhove,16:32,163200
59,31,Gunninglaan,16:33,163300
59,32,L-Flat,16:34,163400
59,33,De Dreef/Panweg,16:35,163500
59,34,Nepveulaan,16:37,163700
59,35,Schaerweydelaan,16:39,163900
59,36,Steynlaan,16:41,164100
59,37,Busstation,16:43,164300
60,1,Station Maarssen,15:48,154800
60,2,Kamelenspoor,15:49,154900
60,3,Zebraspoor,15:49,154900
60,4,Vogelweg-Zwanenkamp,15:50,155000
60,5,Spechten-Zwanenkamp,15:51,155100
60,6,Spechten-Valkenkamp,15:52,155200
60,7,Pauwen-Reigerskamp,15:53,155300
60,8,Duiven-Fazantenkamp,15:54,155400
60,9,Bloem-Boomstede,15:55,155500
60,10,Zonnebaan,15:56,155600
60,11,Savannahweg,15:58,155800
60,12,Otto Hahnweg,15:59,155900
60,13,Rijpwetering,16:03,160300
60,14,Soestw./Antonius Zkh,16:04,160400
60,15,Jan Wolkerssingel,16:07,160700
60,16,Station Leidsche Rijn,16:09,160900
60,17,Thomas à Kempisplantsoen,16:11,161100
60,18,Majellapark,16:12,161200
60,19,Hasebroekstraat,16:14,161400
60,20,Moskeeplein,16:16,161600
60,21,CS Jaarbeurszijde,16:18,161800
60,22,CS Jaarbeurszijde,16:22,162200
60,23,Neude,16:27,162700
60,24,Janskerkhof,16:29,162900
60,25,Stadsschouwburg,16:30,163000
60,26,Wittevrouwen,16:32,163200
60,27,Oorsprongpark,16:33,163300
60,28,KNMI,16:37,163700
60,29,Jordanlaan,16:40,164000
60,30,Winkelcentrum Vollenhove,16:42,164200
60,31,Gunninglaan,16:43,164300
60,32,L-Flat,16:44,164400
60,33,De Dreef/Panweg,16:45,164500
60,34,Nepveulaan,16:47,164700
60,35,Schaerweydelaan,16:49,164900
60,36,Steynlaan,16:51,165100
60,37,Busstation,16:53,165300
61,1,Station Maarssen,15:58,155800
61,2,Kamelenspoor,15:59,155900
61,3,Zebraspoor,15:59,155900
61,4,Vogelweg-Zwanenkamp,16:00,160000
61,5,Spechten-Zwanenkamp,16:01,160100
61,6,Spechten-Valkenkamp,16:02,160200
61,7,Pauwen-Reigerskamp,16:03,160300
61,8,Duiven-Fazantenkamp,16:04,160400
61,9,Bloem-Boomstede,16:05,160500
61,10,Zonnebaan,16:06,160600
61,11,Savannahweg,16:08,160800
61,12,Otto Hahnweg,16:09,160900
61,13,Rijpwetering,16:13,161300
61,14,Soestw./Antonius Zkh,16:14,161400
61,15,Jan Wolkerssingel,16:17,161700
61,16,Station Leidsche Rijn,16:19,161900
61,17,Thomas à Kempisplantsoen,16:21,162100
61,18,Majellapark,16:22,162200
61,19,Hasebroekstraat,16:25,162500
61,20,Moskeeplein,16:27,162700
61,21,CS Jaarbeurszijde,16:29,162900
61,22,CS Jaarbeurszijde,16:33,163300
61,23,Neude,16:38,163800
61,24,Janskerkhof,16:40,164000
61,25,Stadsschouwburg,16:41,164100
61,26,Wittevrouwen,16:43,164300
61,27,Oorsprongpark,16:44,164400
61,28,KNMI,16:48,164800
61,29,Jordanlaan,16:51,165100
61,30,Winkelcentrum Vollenhove,16:53,165300
61,31,Gunninglaan,16:54,165400
61,32,L-Flat,16:55,165500
61,33,De Dreef/Panweg,16:56,165600
61,34,Nepveulaan,16:58,165800
61,35,Schaerweydelaan,17:00,170000
61,36,Steynlaan,17:02,170200
61,37,Busstation,17:04,170400
62,1,Station Maarssen,16:08,160800
62,2,Kamelenspoor,16:09,160900
62,3,Zebraspoor,16:09,160900
62,4,Vogelweg-Zwanenkamp,16:10,161000
62,5,Spechten-Zwanenkamp,16:11,161100
62,6,Spechten-Valkenkamp,16:12,161200
62,7,Pauwen-Reigerskamp,16:13,161300
62,8,Duiven-Fazantenkamp,16:14,161400
62,9,Bloem-Boomstede,16:15,161500
62,10,Zonnebaan,16:16,161600
62,11,Savannahweg,16:18,161800
62,12,Otto Hahnweg,16:19,161900
62,13,Rijpwetering,16:23,162300
62,14,Soestw./Antonius Zkh,16:25,162500
62,15,Jan Wolkerssingel,16:28,162800
62,16,Station Leidsche Rijn,16:30,163000
62,17,Thomas à Kempisplantsoen,16:32,163200
62,18,Majellapark,16:33,163300
62,19,Hasebroekstraat,16:36,163600
62,20,Moskeeplein,16:38,163800
62,21,CS Jaarbeurszijde,16:40,164000
62,22,CS Jaarbeurszijde,16:44,164400
62,23,Neude,16:49,164900
62,24,Janskerkhof,16:51,165100
62,25,Stadsschouwburg,16:52,165200
62,26,Wittevrouwen,16:54,165400
62,27,Oorsprongpark,16:55,165500
62,28,KNMI,16:59,165900
62,29,Jordanlaan,17:02,170200
62,30,Winkelcentrum Vollenhove,17:04,170400
62,31,Gunninglaan,17:05,170500
62,32,L-Flat,17:06,170600
62,33,De Dreef/Panweg,17:07,170700
62,34,Nepveulaan,17:09,170900
62,35,Schaerweydelaan,17:11,171100
62,36,Steynlaan,17:13,171300
62,37,Busstation,17:15,171500
63,1,Station Maarssen,16:18,161800
63,2,Kamelenspoor,16:19,161900
63,3,Zebraspoor,16:19,161900
63,4,Vogelweg-Zwanenkamp,16:20,162000
63,5,Spechten-Zwanenkamp,16:21,162100
63,6,Spechten-Valkenkamp,16:22,162200
63,7,Pauwen-Reigerskamp,16:23,162300
63,8,Duiven-Fazantenkamp,16:24,162400
63,9,Bloem-Boomstede,16:25,162500
63,10,Zonnebaan,16:26,162600
63,11,Savannahweg,16:28,162800
63,12,Otto Hahnweg,16:29,162900
63,13,Rijpwetering,16:33,163300
63,14,Soestw./Antonius Zkh,16:35,163500
63,15,Jan Wolkerssingel,16:38,163800
63,16,Station Leidsche Rijn,16:40,164000
63,17,Thomas à Kempisplantsoen,16:42,164200
63,18,Majellapark,16:43,164300
63,19,Hasebroekstraat,16:46,164600
63,20,Moskeeplein,16:48,164800
63,21,CS Jaarbeurszijde,16:50,165000
63,22,CS Jaarbeurszijde,16:54,165400
63,23,Neude,16:59,165900
63,24,Janskerkhof,17:01,170100
63,25,Stadsschouwburg,17:02,170200
63,26,Wittevrouwen,17:04,170400
63,27,Oorsprongpark,17:05,170500
63,28,KNMI,17:09,170900
63,29,Jordanlaan,17:12,171200
63,30,Winkelcentrum Vollenhove,17:14,171400
63,31,Gunninglaan,17:15,171500
63,32,L-Flat,17:16,171600
63,33,De Dreef/Panweg,17:17,171700
63,34,Nepveulaan,17:19,171900
63,35,Schaerweydelaan,17:21,172100
63,36,Steynlaan,17:23,172300
63,37,Busstation,17:25,172500
64,1,Station Maarssen,16:28,162800
64,2,Kamelenspoor,16:29,162900
64,3,Zebraspoor,16:29,162900
64,4,Vogelweg-Zwanenkamp,16:30,163000
64,5,Spechten-Zwanenkamp,16:31,163100
64,6,Spechten-Valkenkamp,16:32,163200
64,7,Pauwen-Reigerskamp,16:33,163300
64,8,Duiven-Fazantenkamp,16:34,163400
64,9,Bloem-Boomstede,16:35,163500
64,10,Zonnebaan,16:36,163600
64,11,Savannahweg,16:38,163800
64,12,Otto Hahnweg,16:39,163900
64,13,Rijpwetering,16:43,164300
64,14,Soestw./Antonius Zkh,16:45,164500
64,15,Jan Wolkerssingel,16:48,164800
64,16,Station Leidsche Rijn,16:50,165000
64,17,Thomas à Kempisplantsoen,16:52,165200
64,18,Majellapark,16:53,165300
64,19,Hasebroekstraat,16:56,165600
64,20,Moskeeplein,16:58,165800
64,21,CS Jaarbeurszijde,17:00,170000
64,22,CS Jaarbeurszijde,17:04,170400
64,23,Neude,17:09,170900
64,24,Janskerkhof,17:11,171100
64,25,Stadsschouwburg,17:12,171200
64,26,Wittevrouwen,17:14,171400
64,27,Oorsprongpark,17:15,171500
64,28,KNMI,17:19,171900
64,29,Jordanlaan,17:22,172200
64,30,Winkelcentrum Vollenhove,17:24,172400
64,31,Gunninglaan,17:25,172500
64,32,L-Flat,17:26,172600
64,33,De Dreef/Panweg,17:27,172700
64,34,Nepveulaan,17:29,172900
64,35,Schaerweydelaan,17:31,173100
64,36,Steynlaan,17:33,173300
64,37,Busstation,17:35,173500
65,1,Station Maarssen,16:38,163800
65,2,Kamelenspoor,16:39,163900
65,3,Zebraspoor,16:39,163900
65,4,Vogelweg-Zwanenkamp,16:40,164000
65,5,Spechten-Zwanenkamp,16:41,164100
65,6,Spechten-Valkenkamp,16:42,164200
65,7,Pauwen-Reigerskamp,16:43,164300
65,8,Duiven-Fazantenkamp,16:44,164400
65,9,Bloem-Boomstede,16:45,164500
65,10,Zonnebaan,16:46,164600
65,11,Savannahweg,16:48,164800
65,12,Otto Hahnweg,16:49,164900
65,13,Rijpwetering,16:53,165300
65,14,Soestw./Antonius Zkh,16:55,165500
65,15,Jan Wolkerssingel,16:58,165800
65,16,Station Leidsche Rijn,17:00,170000
65,17,Thomas à Kempisplantsoen,17:02,170200
65,18,Majellapark,17:03,170300
65,19,Hasebroekstraat,17:06,170600
65,20,Moskeeplein,17:08,170800
65,21,CS Jaarbeurszijde,17:10,171000
65,22,CS Jaarbeurszijde,17:14,171400
65,23,Neude,17:19,171900
65,24,Janskerkhof,17:21,172100
65,25,Stadsschouwburg,17:22,172200
65,26,Wittevrouwen,17:24,172400
65,27,Oorsprongpark,17:25,172500
65,28,KNMI,17:29,172900
65,29,Jordanlaan,17:32,173200
65,30,Winkelcentrum Vollenhove,17:34,173400
65,31,Gunninglaan,17:35,173500
65,32,L-Flat,17:36,173600
65,33,De Dreef/Panweg,17:37,173700
65,34,Nepveulaan,17:39,173900
65,35,Schaerweydelaan,17:41,174100
65,36,Steynlaan,17:43,174300
65,37,Busstation,17:45,174500
66,1,Station Maarssen,16:48,164800
66,2,Kamelenspoor,16:49,164900
66,3,Zebraspoor,16:49,164900
66,4,Vogelweg-Zwanenkamp,16:50,165000
66,5,Spechten-Zwanenkamp,16:51,165100
66,6,Spechten-Valkenkamp,16:52,165200
66,7,Pauwen-Reigerskamp,16:53,165300
66,8,Duiven-Fazantenkamp,16:54,165400
66,9,Bloem-Boomstede,16:55,165500
66,10,Zonnebaan,16:56,165600
66,11,Savannahweg,16:58,165800
66,12,Otto Hahnweg,16:59,165900
66,13,Rijpwetering,17:03,170300
66,14,Soestw./Antonius Zkh,17:05,170500
66,15,Jan Wolkerssingel,17:08,170800
66,16,Station Leidsche Rijn,17:10,171000
66,17,Thomas à Kempisplantsoen,17:12,171200
66,18,Majellapark,17:13,171300
66,19,Hasebroekstraat,17:15,171500
66,20,Moskeeplein,17:17,171700
66,21,CS Jaarbeurszijde,17:19,171900
66,22,CS Jaarbeurszijde,17:23,172300
66,23,Neude,17:28,172800
66,24,Janskerkhof,17:30,173000
66,25,Stadsschouwburg,17:31,173100
66,26,Wittevrouwen,17:33,173300
66,27,Oorsprongpark,17:34,173400
66,28,KNMI,17:38,173800
66,29,Jordanlaan,17:41,174100
66,30,Winkelcentrum Vollenhove,17:43,174300
66,31,Gunninglaan,17:44,174400
66,32,L-Flat,17:45,174500
66,33,De Dreef/Panweg,17:46,174600
66,34,Nepveulaan,17:48,174800
66,35,Schaerweydelaan,17:50,175000
66,36,Steynlaan,17:52,175200
66,37,Busstation,17:54,175400
67,1,Station Maarssen,16:58,165800
67,2,Kamelenspoor,16:59,165900
67,3,Zebraspoor,16:59,165900
67,4,Vogelweg-Zwanenkamp,17:00,170000
67,5,Spechten-Zwanenkamp,17:01,170100
67,6,Spechten-Valkenkamp,17:02,170200
67,7,Pauwen-Reigerskamp,17:03,170300
67,8,Duiven-Fazantenkamp,17:04,170400
67,9,Bloem-Boomstede,17:05,170500
67,10,Zonnebaan,17:06,170600
67,11,Savannahweg,17:08,170800
67,12,Otto Hahnweg,17:09,170900
67,13,Rijpwetering,17:13,171300
67,14,Soestw./Antonius Zkh,17:15,171500
67,15,Jan Wolkerssingel,17:18,171800
67,16,Station Leidsche Rijn,17:20,172000
67,17,Thomas à Kempisplantsoen,17:22,172200
67,18,Majellapark,17:23,172300
67,19,Hasebroekstraat,17:25,172500
67,20,Moskeeplein,17:27,172700
67,21,CS Jaarbeurszijde,17:29,172900
67,22,CS Jaarbeurszijde,17:33,173300
67,23,Neude,17:38,173800
67,24,Janskerkhof,17:40,174000
67,25,Stadsschouwburg,17:41,174100
67,26,Wittevrouwen,17:43,174300
67,27,Oorsprongpark,17:44,174400
67,28,KNMI,17:48,174800
67,29,Jordanlaan,17:51,175100
67,30,Winkelcentrum Vollenhove,17:53,175300
67,31,Gunninglaan,17:54,175400
67,32,L-Flat,17:55,175500
67,33,De Dreef/Panweg,17:56,175600
67,34,Nepveulaan,17:58,175800
67,35,Schaerweydelaan,18:00,180000
67,36,Steynlaan,18:02,180200
67,37,Busstation,18:04,180400
68,1,Station Maarssen,17:08,170800
68,2,Kamelenspoor,17:09,170900
68,3,Zebraspoor,17:09,170900
68,4,Vogelweg-Zwanenkamp,17:10,171000
68,5,Spechten-Zwanenkamp,17:11,171100
68,6,Spechten-Valkenkamp,17:12,171200
68,7,Pauwen-Reigerskamp,17:13,171300
68,8,Duiven-Fazantenkamp,17:14,171400
68,9,Bloem-Boomstede,17:15,171500
68,10,Zonnebaan,17:16,171600
68,11,Savannahweg,17:18,171800
68,12,Otto Hahnweg,17:19,171900
68,13,Rijpwetering,17:23,172300
68,14,Soestw./Antonius Zkh,17:24,172400
68,15,Jan Wolkerssingel,17:27,172700
68,16,Station Leidsche Rijn,17:29,172900
68,17,Thomas à Kempisplantsoen,17:31,173100
68,18,Majellapark,17:32,173200
68,19,Hasebroekstraat,17:34,173400
68,20,Moskeeplein,17:36,173600
68,21,CS Jaarbeurszijde,17:38,173800
68,22,CS Jaarbeurszijde,17:42,174200
68,23,Neude,17:47,174700
68,24,Janskerkhof,17:49,174900
68,25,Stadsschouwburg,17:50,175000
68,26,Wittevrouwen,17:52,175200
68,27,Oorsprongpark,17:53,175300
68,28,KNMI,17:57,175700
68,29,Jordanlaan,18:00,180000
68,30,Winkelcentrum Vollenhove,18:02,180200
68,31,Gunninglaan,18:03,180300
68,32,L-Flat,18:04,180400
68,33,De Dreef/Panweg,18:05,180500
68,34,Nepveulaan,18:07,180700
68,35,Schaerweydelaan,18:09,180900
68,36,Steynlaan,18:11,181100
68,37,Busstation,18:13,181300
69,1,Station Maarssen,17:18,171800
69,2,Kamelenspoor,17:19,171900
69,3,Zebraspoor,17:19,171900
69,4,Vogelweg-Zwanenkamp,17:20,172000
69,5,Spechten-Zwanenkamp,17:21,172100
69,6,Spechten-Valkenkamp,17:22,172200
69,7,Pauwen-Reigerskamp,17:23,172300
69,8,Duiven-Fazantenkamp,17:24,172400
69,9,Bloem-Boomstede,17:25,172500
69,10,Zonnebaan,17:26,172600
69,11,Savannahweg,17:28,172800
69,12,Otto Hahnweg,17:29,172900
69,13,Rijpwetering,17:33,173300
69,14,Soestw./Antonius Zkh,17:34,173400
69,15,Jan Wolkerssingel,17:37,173700
69,16,Station Leidsche Rijn,17:39,173900
69,17,Thomas à Kempisplantsoen,17:41,174100
69,18,Majellapark,17:42,174200
69,19,Hasebroekstraat,17:44,174400
69,20,Moskeeplein,17:46,174600
69,21,CS Jaarbeurszijde,17:48,174800
69,22,CS Jaarbeurszijde,17:52,175200
69,23,Neude,17:57,175700
69,24,Janskerkhof,17:58,175800
69,25,Stadsschouwburg,17:59,175900
69,26,Wittevrouwen,18:01,180100
69,27,Oorsprongpark,18:02,180200
69,28,KNMI,18:05,180500
69,29,Jordanlaan,18:08,180800
69,30,Winkelcentrum Vollenhove,18:10,181000
69,31,Gunninglaan,18:11,181100
69,32,L-Flat,18:12,181200
69,33,De Dreef/Panweg,18:13,181300
69,34,Nepveulaan,18:15,181500
69,35,Schaerweydelaan,18:17,181700
69,36,Steynlaan,18:19,181900
69,37,Busstation,18:21,182100
70,1,Station Maarssen,17:28,172800
70,2,Kamelenspoor,17:29,172900
70,3,Zebraspoor,17:29,172900
70,4,Vogelweg-Zwanenkamp,17:30,173000
70,5,Spechten-Zwanenkamp,17:31,173100
70,6,Spechten-Valkenkamp,17:32,173200
70,7,Pauwen-Reigerskamp,17:33,173300
70,8,Duiven-Fazantenkamp,17:34,173400
70,9,Bloem-Boomstede,17:35,173500
70,10,Zonnebaan,17:36,173600
70,11,Savannahweg,17:38,173800
70,12,Otto Hahnweg,17:39,173900
70,13,Rijpwetering,17:43,174300
70,14,Soestw./Antonius Zkh,17:44,174400
70,15,Jan Wolkerssingel,17:47,174700
70,16,Station Leidsche Rijn,17:49,174900
70,17,Thomas à Kempisplantsoen,17:51,175100
70,18,Majellapark,17:52,175200
70,19,Hasebroekstraat,17:54,175400
70,20,Moskeeplein,17:56,175600
70,21,CS Jaarbeurszijde,17:58,175800
70,22,CS Jaarbeurszijde,18:02,180200
70,23,Neude,18:07,180700
70,24,Janskerkhof,18:08,180800
70,25,Stadsschouwburg,18:09,180900
70,26,Wittevrouwen,18:11,181100
70,27,Oorsprongpark,18:12,181200
70,28,KNMI,18:15,181500
70,29,Jordanlaan,18:18,181800
70,30,Winkelcentrum Vollenhove,18:20,182000
70,31,Gunninglaan,18:21,182100
70,32,L-Flat,18:22,182200
70,33,De Dreef/Panweg,18:23,182300
70,34,Nepveulaan,18:25,182500
70,35,Schaerweydelaan,18:27,182700
70,36,Steynlaan,18:29,182900
70,37,Busstation,18:31,183100
71,1,Station Maarssen,17:38,173800
71,2,Kamelenspoor,17:39,173900
71,3,Zebraspoor,17:39,173900
71,4,Vogelweg-Zwanenkamp,17:40,174000
71,5,Spechten-Zwanenkamp,17:41,174100
71,6,Spechten-Valkenkamp,17:42,174200
71,7,Pauwen-Reigerskamp,17:43,174300
71,8,Duiven-Fazantenkamp,17:44,174400
71,9,Bloem-Boomstede,17:45,174500
71,10,Zonnebaan,17:46,174600
71,11,Savannahweg,17:48,174800
71,12,Otto Hahnweg,17:49,174900
71,13,Rijpwetering,17:53,175300
71,14,Soestw./Antonius Zkh,17:54,175400
71,15,Jan Wolkerssingel,17:57,175700
71,16,Station Leidsche Rijn,17:59,175900
71,17,Thomas à Kempisplantsoen,18:01,180100
71,18,Majellapark,18:02,180200
71,19,Hasebroekstraat,18:04,180400
71,20,Moskeeplein,18:06,180600
71,21,CS Jaarbeurszijde,18:08,180800
71,22,CS Jaarbeurszijde,18:12,181200
71,23,Neude,18:17,181700
71,24,Janskerkhof,18:18,181800
71,25,Stadsschouwburg,18:19,181900
71,26,Wittevrouwen,18:21,182100
71,27,Oorsprongpark,18:22,182200
71,28,KNMI,18:25,182500
71,29,Jordanlaan,18:28,182800
71,30,Winkelcentrum Vollenhove,18:30,183000
71,31,Gunninglaan,18:31,183100
71,32,L-Flat,18:32,183200
71,33,De Dreef/Panweg,18:33,183300
71,34,Nepveulaan,18:35,183500
71,35,Schaerweydelaan,18:37,183700
71,36,Steynlaan,18:39,183900
71,37,Busstation,18:41,184100
72,1,Station Maarssen,17:53,175300
72,2,Kamelenspoor,17:54,175400
72,3,Zebraspoor,17:54,175400
72,4,Vogelweg-Zwanenkamp,17:55,175500
72,5,Spechten-Zwanenkamp,17:56,175600
72,6,Spechten-Valkenkamp,17:57,175700
72,7,Pauwen-Reigerskamp,17:58,175800
72,8,Duiven-Fazantenkamp,17:59,175900
72,9,Bloem-Boomstede,18:00,180000
72,10,Zonnebaan,18:01,180100
72,11,Savannahweg,18:03,180300
72,12,Otto Hahnweg,18:04,180400
72,13,Rijpwetering,18:08,180800
72,14,Soestw./Antonius Zkh,18:09,180900
72,15,Jan Wolkerssingel,18:12,181200
72,16,Station Leidsche Rijn,18:14,181400
72,17,Thomas à Kempisplantsoen,18:16,181600
72,18,Majellapark,18:17,181700
72,19,Hasebroekstraat,18:19,181900
72,20,Moskeeplein,18:21,182100
72,21,CS Jaarbeurszijde,18:23,182300
72,22,CS Jaarbeurszijde,18:26,182600
72,23,Neude,18:31,183100
72,24,Janskerkhof,18:32,183200
72,25,Stadsschouwburg,18:33,183300
72,26,Wittevrouwen,18:35,183500
72,27,Oorsprongpark,18:36,183600
72,28,KNMI,18:39,183900
72,29,Jordanlaan,18:42,184200
72,30,Winkelcentrum Vollenhove,18:44,184400
72,31,Gunninglaan,18:45,184500
72,32,L-Flat,18:46,184600
72,33,De Dreef/Panweg,18:47,184700
72,34,Nepveulaan,18:49,184900
72,35,Schaerweydelaan,18:51,185100
72,36,Steynlaan,18:53,185300
72,37,Busstation,18:55,185500
73,1,Station Maarssen,18:08,180800
73,2,Kamelenspoor,18:09,180900
73,3,Zebraspoor,18:09,180900
73,4,Vogelweg-Zwanenkamp,18:10,181000
73,5,Spechten-Zwanenkamp,18:11,181100
73,6,Spechten-Valkenkamp,18:12,181200
73,7,Pauwen-Reigerskamp,18:13,181300
73,8,Duiven-Fazantenkamp,18:14,181400
73,9,Bloem-Boomstede,18:15,181500
73,10,Zonnebaan,18:16,181600
73,11,Savannahweg,18:18,181800
73,12,Otto Hahnweg,18:19,181900
73,13,Rijpwetering,18:22,182200
73,14,Soestw./Antonius Zkh,18:23,182300
73,15,Jan Wolkerssingel,18:26,182600
73,16,Station Leidsche Rijn,18:28,182800
73,17,Thomas à Kempisplantsoen,18:30,183000
73,18,Majellapark,18:31,183100
73,19,Hasebroekstraat,18:33,183300
73,20,Moskeeplein,18:35,183500
73,21,CS Jaarbeurszijde,18:37,183700
73,22,CS Jaarbeurszijde,18:40,184000
73,23,Neude,18:45,184500
73,24,Janskerkhof,18:46,184600
73,25,Stadsschouwburg,18:47,184700
73,26,Wittevrouwen,18:49,184900
73,27,Oorsprongpark,18:50,185000
73,28,KNMI,18:53,185300
73,29,Jordanlaan,18:56,185600
73,30,Winkelcentrum Vollenhove,18:58,185800
73,31,Gunninglaan,18:59,185900
73,32,L-Flat,19:00,190000
73,33,De Dreef/Panweg,19:01,190100
73,34,Nepveulaan,19:03,190300
73,35,Schaerweydelaan,19:05,190500
73,36,Steynlaan,19:07,190700
73,37,Busstation,19:09,190900
74,1,Station Maarssen,18:23,182300
74,2,Kamelenspoor,18:24,182400
74,3,Zebraspoor,18:24,182400
74,4,Vogelweg-Zwanenkamp,18:25,182500
74,5,Spechten-Zwanenkamp,18:26,182600
74,6,Spechten-Valkenkamp,18:27,182700
74,7,Pauwen-Reigerskamp,18:28,182800
74,8,Duiven-Fazantenkamp,18:29,182900
74,9,Bloem-Boomstede,18:30,183000
74,10,Zonnebaan,18:31,183100
74,11,Savannahweg,18:33,183300
74,12,Otto Hahnweg,18:34,183400
74,13,Rijpwetering,18:37,183700
74,14,Soestw./Antonius Zkh,18:38,183800
74,15,Jan Wolkerssingel,18:41,184100
74,16,Station Leidsche Rijn,18:43,184300
74,17,Thomas à Kempisplantsoen,18:45,184500
74,18,Majellapark,18:46,184600
74,19,Hasebroekstraat,18:48,184800
74,20,Moskeeplein,18:50,185000
74,21,CS Jaarbeurszijde,18:52,185200
74,22,CS Jaarbeurszijde,18:55,185500
74,23,Neude,19:00,190000
74,24,Janskerkhof,19:01,190100
74,25,Stadsschouwburg,19:02,190200
74,26,Wittevrouwen,19:04,190400
74,27,Oorsprongpark,19:05,190500
74,28,KNMI,19:08,190800
74,29,Jordanlaan,19:11,191100
74,30,Winkelcentrum Vollenhove,19:13,191300
74,31,Gunninglaan,19:14,191400
74,32,L-Flat,19:15,191500
74,33,De Dreef/Panweg,19:16,191600
74,34,Nepveulaan,19:18,191800
74,35,Schaerweydelaan,19:20,192000
74,36,Steynlaan,19:22,192200
74,37,Busstation,19:24,192400
75,1,Station Maarssen,18:38,183800
75,2,Kamelenspoor,18:39,183900
75,3,Zebraspoor,18:39,183900
75,4,Vogelweg-Zwanenkamp,18:40,184000
75,5,Spechten-Zwanenkamp,18:41,184100
75,6,Spechten-Valkenkamp,18:42,184200
75,7,Pauwen-Reigerskamp,18:43,184300
75,8,Duiven-Fazantenkamp,18:44,184400
75,9,Bloem-Boomstede,18:45,184500
75,10,Zonnebaan,18:46,184600
75,11,Savannahweg,18:48,184800
75,12,Otto Hahnweg,18:49,184900
75,13,Rijpwetering,18:52,185200
75,14,Soestw./Antonius Zkh,18:53,185300
75,15,Jan Wolkerssingel,18:56,185600
75,16,Station Leidsche Rijn,18:58,185800
75,17,Thomas à Kempisplantsoen,19:00,190000
75,18,Majellapark,19:01,190100
75,19,Hasebroekstraat,19:03,190300
75,20,Moskeeplein,19:05,190500
75,21,CS Jaarbeurszijde,19:07,190700
75,22,CS Jaarbeurszijde,19:10,191000
75,23,Neude,19:15,191500
75,24,Janskerkhof,19:16,191600
75,25,Stadsschouwburg,19:17,191700
75,26,Wittevrouwen,19:19,191900
75,27,Oorsprongpark,19:20,192000
75,28,KNMI,19:23,192300
75,29,Jordanlaan,19:26,192600
75,30,Winkelcentrum Vollenhove,19:28,192800
75,31,Gunninglaan,19:29,192900
75,32,L-Flat,19:30,193000
75,33,De Dreef/Panweg,19:31,193100
75,34,Nepveulaan,19:33,193300
75,35,Schaerweydelaan,19:35,193500
75,36,Steynlaan,19:37,193700
75,37,Busstation,19:39,193900
76,1,Station Maarssen,18:53,185300
76,2,Kamelenspoor,18:54,185400
76,3,Zebraspoor,18:54,185400
76,4,Vogelweg-Zwanenkamp,18:55,185500
76,5,Spechten-Zwanenkamp,18:56,185600
76,6,Spechten-Valkenkamp,18:57,185700
76,7,Pauwen-Reigerskamp,18:58,185800
76,8,Duiven-Fazantenkamp,18:59,185900
76,9,Bloem-Boomstede,19:00,190000
76,10,Zonnebaan,19:01,190100
76,11,Savannahweg,19:03,190300
76,12,Otto Hahnweg,19:04,190400
76,13,Rijpwetering,19:07,190700
76,14,Soestw./Antonius Zkh,19:08,190800
76,15,Jan Wolkerssingel,19:10,191000
76,16,Station Leidsche Rijn,19:12,191200
76,17,Thomas à Kempisplantsoen,19:14,191400
76,18,Majellapark,19:15,191500
76,19,Hasebroekstraat,19:17,191700
76,20,Moskeeplein,19:19,191900
76,21,CS Jaarbeurszijde,19:21,192100
76,22,CS Jaarbeurszijde,19:24,192400
76,23,Neude,19:29,192900
76,24,Janskerkhof,19:30,193000
76,25,Stadsschouwburg,19:31,193100
76,26,Wittevrouwen,19:33,193300
76,27,Oorsprongpark,19:34,193400
76,28,KNMI,19:37,193700
76,29,Jordanlaan,19:40,194000
76,30,Winkelcentrum Vollenhove,19:42,194200
76,31,Gunninglaan,19:43,194300
76,32,L-Flat,19:44,194400
76,33,De Dreef/Panweg,19:45,194500
76,34,Nepveulaan,19:47,194700
76,35,Schaerweydelaan,19:49,194900
76,36,Steynlaan,19:51,195100
76,37,Busstation,19:53,195300
77,1,Station Maarssen,19:08,190800
77,2,Kamelenspoor,19:09,190900
77,3,Zebraspoor,19:09,190900
77,4,Vogelweg-Zwanenkamp,19:10,191000
77,5,Spechten-Zwanenkamp,19:10,191000
77,6,Spechten-Valkenkamp,19:11,191100
77,7,Pauwen-Reigerskamp,19:12,191200
77,8,Duiven-Fazantenkamp,19:13,191300
77,9,Bloem-Boomstede,19:14,191400
77,10,Zonnebaan,19:15,191500
77,11,Savannahweg,19:17,191700
77,12,Otto Hahnweg,19:18,191800
77,13,Rijpwetering,19:21,192100
77,14,Soestw./Antonius Zkh,19:22,192200
77,15,Jan Wolkerssingel,19:24,192400
77,16,Station Leidsche Rijn,19:26,192600
77,17,Thomas à Kempisplantsoen,19:28,192800
77,18,Majellapark,19:29,192900
77,19,Hasebroekstraat,19:31,193100
77,20,Moskeeplein,19:33,193300
77,21,CS Jaarbeurszijde,19:35,193500
77,22,CS Jaarbeurszijde,19:38,193800
77,23,Neude,19:43,194300
77,24,Janskerkhof,19:44,194400
77,25,Stadsschouwburg,19:45,194500
77,26,Wittevrouwen,19:47,194700
77,27,Oorsprongpark,19:48,194800
77,28,KNMI,19:51,195100
77,29,Jordanlaan,19:54,195400
77,30,Winkelcentrum Vollenhove,19:56,195600
77,31,Gunninglaan,19:57,195700
77,32,L-Flat,19:58,195800
77,33,De Dreef/Panweg,19:59,195900
77,34,Nepveulaan,20:01,200100
77,35,Schaerweydelaan,20:03,200300
77,36,Steynlaan,20:05,200500
77,37,Busstation,20:07,200700
78,1,Station Maarssen,19:23,192300
78,2,Kamelenspoor,19:24,192400
78,3,Zebraspoor,19:24,192400
78,4,Vogelweg-Zwanenkamp,19:25,192500
78,5,Spechten-Zwanenkamp,19:25,192500
78,6,Spechten-Valkenkamp,19:26,192600
78,7,Pauwen-Reigerskamp,19:27,192700
78,8,Duiven-Fazantenkamp,19:28,192800
78,9,Bloem-Boomstede,19:29,192900
78,10,Zonnebaan,19:30,193000
78,11,Savannahweg,19:32,193200
78,12,Otto Hahnweg,19:33,193300
78,13,Rijpwetering,19:36,193600
78,14,Soestw./Antonius Zkh,19:37,193700
78,15,Jan Wolkerssingel,19:39,193900
78,16,Station Leidsche Rijn,19:41,194100
78,17,Thomas à Kempisplantsoen,19:43,194300
78,18,Majellapark,19:44,194400
78,19,Hasebroekstraat,19:46,194600
78,20,Moskeeplein,19:48,194800
78,21,CS Jaarbeurszijde,19:50,195000
78,22,CS Jaarbeurszijde,19:53,195300
78,23,Neude,19:58,195800
78,24,Janskerkhof,19:59,195900
78,25,Stadsschouwburg,20:00,200000
78,26,Wittevrouwen,20:02,200200
78,27,Oorsprongpark,20:03,200300
78,28,KNMI,20:06,200600
78,29,Jordanlaan,20:09,200900
78,30,Winkelcentrum Vollenhove,20:11,201100
78,31,Gunninglaan,20:12,201200
78,32,L-Flat,20:13,201300
78,33,De Dreef/Panweg,20:14,201400
78,34,Nepveulaan,20:16,201600
78,35,Schaerweydelaan,20:18,201800
78,36,Steynlaan,20:20,202000
78,37,Busstation,20:22,202200
79,1,Station Maarssen,19:38,193800
79,2,Kamelenspoor,19:39,193900
79,3,Zebraspoor,19:39,193900
79,4,Vogelweg-Zwanenkamp,19:40,194000
79,5,Spechten-Zwanenkamp,19:40,194000
79,6,Spechten-Valkenkamp,19:41,194100
79,7,Pauwen-Reigerskamp,19:42,194200
79,8,Duiven-Fazantenkamp,19:43,194300
79,9,Bloem-Boomstede,19:44,194400
79,10,Zonnebaan,19:45,194500
79,11,Savannahweg,19:47,194700
79,12,Otto Hahnweg,19:48,194800
79,13,Rijpwetering,19:51,195100
79,14,Soestw./Antonius Zkh,19:52,195200
79,15,Jan Wolkerssingel,19:54,195400
79,16,Station Leidsche Rijn,19:56,195600
79,17,Thomas à Kempisplantsoen,19:58,195800
79,18,Majellapark,19:59,195900
79,19,Hasebroekstraat,20:01,200100
79,20,Moskeeplein,20:03,200300
79,21,CS Jaarbeurszijde,20:05,200500
79,22,CS Jaarbeurszijde,20:08,200800
79,23,Neude,20:13,201300
79,24,Janskerkhof,20:14,201400
79,25,Stadsschouwburg,20:15,201500
79,26,Wittevrouwen,20:17,201700
79,27,Oorsprongpark,20:18,201800
79,28,KNMI,20:21,202100
79,29,Jordanlaan,20:24,202400
79,30,Winkelcentrum Vollenhove,20:26,202600
79,31,Gunninglaan,20:27,202700
79,32,L-Flat,20:28,202800
79,33,De Dreef/Panweg,20:29,202900
79,34,Nepveulaan,20:31,203100
79,35,Schaerweydelaan,20:33,203300
79,36,Steynlaan,20:35,203500
79,37,Busstation,20:37,203700
80,1,Station Maarssen,19:53,195300
80,2,Kamelenspoor,19:54,195400
80,3,Zebraspoor,19:54,195400
80,4,Vogelweg-Zwanenkamp,19:55,195500
80,5,Spechten-Zwanenkamp,19:55,195500
80,6,Spechten-Valkenkamp,19:56,195600
80,7,Pauwen-Reigerskamp,19:57,195700
80,8,Duiven-Fazantenkamp,19:58,195800
80,9,Bloem-Boomstede,19:59,195900
80,10,Zonnebaan,20:00,200000
80,11,Savannahweg,20:02,200200
80,12,Otto Hahnweg,20:03,200300
80,13,Rijpwetering,20:06,200600
80,14,Soestw./Antonius Zkh,20:07,200700
80,15,Jan Wolkerssingel,20:09,200900
80,16,Station Leidsche Rijn,20:11,201100
80,17,Thomas à Kempisplantsoen,20:13,201300
80,18,Majellapark,20:14,201400
80,19,Hasebroekstraat,20:16,201600
80,20,Moskeeplein,20:18,201800
80,21,CS Jaarbeurszijde,20:20,202000
80,22,CS Jaarbeurszijde,20:23,202300
80,23,Neude,20:28,202800
80,24,Janskerkhof,20:29,202900
80,25,Stadsschouwburg,20:30,203000
80,26,Wittevrouwen,20:32,203200
80,27,Oorsprongpark,20:33,203300
80,28,KNMI,20:36,203600
80,29,Jordanlaan,20:39,203900
80,30,Winkelcentrum Vollenhove,20:41,204100
80,31,Gunninglaan,20:42,204200
80,32,L-Flat,20:43,204300
80,33,De Dreef/Panweg,20:44,204400
80,34,Nepveulaan,20:46,204600
80,35,Schaerweydelaan,20:48,204800
80,36,Steynlaan,20:50,205000
80,37,Busstation,20:52,205200
81,1,Station Maarssen,20:08,200800
81,2,Kamelenspoor,20:09,200900
81,3,Zebraspoor,20:09,200900
81,4,Vogelweg-Zwanenkamp,20:10,201000
81,5,Spechten-Zwanenkamp,20:10,201000
81,6,Spechten-Valkenkamp,20:11,201100
81,7,Pauwen-Reigerskamp,20:12,201200
81,8,Duiven-Fazantenkamp,20:13,201300
81,9,Bloem-Boomstede,20:14,201400
81,10,Zonnebaan,20:15,201500
81,11,Savannahweg,20:17,201700
81,12,Otto Hahnweg,20:18,201800
81,13,Rijpwetering,20:21,202100
81,14,Soestw./Antonius Zkh,20:22,202200
81,15,Jan Wolkerssingel,20:24,202400
81,16,Station Leidsche Rijn,20:26,202600
81,17,Thomas à Kempisplantsoen,20:28,202800
81,18,Majellapark,20:29,202900
81,19,Hasebroekstraat,20:31,203100
81,20,Moskeeplein,20:33,203300
81,21,CS Jaarbeurszijde,20:35,203500
81,22,CS Jaarbeurszijde,20:38,203800
81,23,Neude,20:43,204300
81,24,Janskerkhof,20:44,204400
81,25,Stadsschouwburg,20:45,204500
81,26,Wittevrouwen,20:47,204700
81,27,Oorsprongpark,20:48,204800
81,28,KNMI,20:51,205100
81,29,Jordanlaan,20:54,205400
81,30,Winkelcentrum Vollenhove,20:56,205600
81,31,Gunninglaan,20:57,205700
81,32,L-Flat,20:58,205800
81,33,De Dreef/Panweg,20:59,205900
81,34,Nepveulaan,21:01,210100
81,35,Schaerweydelaan,21:03,210300
81,36,Steynlaan,21:05,210500
81,37,Busstation,21:07,210700
82,1,Station Maarssen,20:23,202300
82,2,Kamelenspoor,20:24,202400
82,3,Zebraspoor,20:24,202400
82,4,Vogelweg-Zwanenkamp,20:25,202500
82,5,Spechten-Zwanenkamp,20:25,202500
82,6,Spechten-Valkenkamp,20:26,202600
82,7,Pauwen-Reigerskamp,20:27,202700
82,8,Duiven-Fazantenkamp,20:28,202800
82,9,Bloem-Boomstede,20:29,202900
82,10,Zonnebaan,20:30,203000
82,11,Savannahweg,20:32,203200
82,12,Otto Hahnweg,20:33,203300
82,13,Rijpwetering,20:36,203600
82,14,Soestw./Antonius Zkh,20:37,203700
82,15,Jan Wolkerssingel,20:39,203900
82,16,Station Leidsche Rijn,20:41,204100
82,17,Thomas à Kempisplantsoen,20:43,204300
82,18,Majellapark,20:44,204400
82,19,Hasebroekstraat,20:46,204600
82,20,Moskeeplein,20:48,204800
82,21,CS Jaarbeurszijde,20:50,205000
82,22,CS Jaarbeurszijde,20:53,205300
82,23,Neude,20:58,205800
82,24,Janskerkhof,20:59,205900
82,25,Stadsschouwburg,21:00,210000
82,26,Wittevrouwen,21:02,210200
82,27,Oorsprongpark,21:03,210300
82,28,KNMI,21:06,210600
82,29,Jordanlaan,21:09,210900
82,30,Winkelcentrum Vollenhove,21:11,211100
82,31,Gunninglaan,21:12,211200
82,32,L-Flat,21:13,211300
82,33,De Dreef/Panweg,21:14,211400
82,34,Nepveulaan,21:16,211600
82,35,Schaerweydelaan,21:18,211800
82,36,Steynlaan,21:20,212000
82,37,Busstation,21:22,212200
83,1,Station Maarssen,20:38,203800
83,2,Kamelenspoor,20:39,203900
83,3,Zebraspoor,20:39,203900
83,4,Vogelweg-Zwanenkamp,20:40,204000
83,5,Spechten-Zwanenkamp,20:40,204000
83,6,Spechten-Valkenkamp,20:41,204100
83,7,Pauwen-Reigerskamp,20:42,204200
83,8,Duiven-Fazantenkamp,20:43,204300
83,9,Bloem-Boomstede,20:44,204400
83,10,Zonnebaan,20:45,204500
83,11,Savannahweg,20:47,204700
83,12,Otto Hahnweg,20:48,204800
83,13,Rijpwetering,20:51,205100
83,14,Soestw./Antonius Zkh,20:52,205200
83,15,Jan Wolkerssingel,20:54,205400
83,16,Station Leidsche Rijn,20:56,205600
83,17,Thomas à Kempisplantsoen,20:58,205800
83,18,Majellapark,20:59,205900
83,19,Hasebroekstraat,21:01,210100
83,20,Moskeeplein,21:03,210300
83,21,CS Jaarbeurszijde,21:05,210500
83,22,CS Jaarbeurszijde,21:08,210800
83,23,Neude,21:13,211300
83,24,Janskerkhof,21:14,211400
83,25,Stadsschouwburg,21:15,211500
83,26,Wittevrouwen,21:17,211700
83,27,Oorsprongpark,21:18,211800
83,28,KNMI,21:21,212100
83,29,Jordanlaan,21:24,212400
83,30,Winkelcentrum Vollenhove,21:26,212600
83,31,Gunninglaan,21:27,212700
83,32,L-Flat,21:28,212800
83,33,De Dreef/Panweg,21:29,212900
83,34,Nepveulaan,21:31,213100
83,35,Schaerweydelaan,21:33,213300
83,36,Steynlaan,21:35,213500
83,37,Busstation,21:37,213700
84,1,Station Maarssen,20:53,205300
84,2,Kamelenspoor,20:54,205400
84,3,Zebraspoor,20:54,205400
84,4,Vogelweg-Zwanenkamp,20:55,205500
84,5,Spechten-Zwanenkamp,20:55,205500
84,6,Spechten-Valkenkamp,20:56,205600
84,7,Pauwen-Reigerskamp,20:57,205700
84,8,Duiven-Fazantenkamp,20:58,205800
84,9,Bloem-Boomstede,20:59,205900
84,10,Zonnebaan,21:00,210000
84,11,Savannahweg,21:02,210200
84,12,Otto Hahnweg,21:03,210300
84,13,Rijpwetering,21:06,210600
84,14,Soestw./Antonius Zkh,21:07,210700
84,15,Jan Wolkerssingel,21:09,210900
84,16,Station Leidsche Rijn,21:11,211100
84,17,Thomas à Kempisplantsoen,21:13,211300
84,18,Majellapark,21:14,211400
84,19,Hasebroekstraat,21:16,211600
84,20,Moskeeplein,21:18,211800
84,21,CS Jaarbeurszijde,21:20,212000
84,22,CS Jaarbeurszijde,21:23,212300
84,23,Neude,21:28,212800
84,24,Janskerkhof,21:29,212900
84,25,Stadsschouwburg,21:30,213000
84,26,Wittevrouwen,21:32,213200
84,27,Oorsprongpark,21:33,213300
84,28,KNMI,21:36,213600
84,29,Jordanlaan,21:39,213900
84,30,Winkelcentrum Vollenhove,21:41,214100
84,31,Gunninglaan,21:42,214200
84,32,L-Flat,21:43,214300
84,33,De Dreef/Panweg,21:44,214400
84,34,Nepveulaan,21:46,214600
84,35,Schaerweydelaan,21:48,214800
84,36,Steynlaan,21:50,215000
84,37,Busstation,21:52,215200
85,1,Station Maarssen,21:08,210800
85,2,Kamelenspoor,21:09,210900
85,3,Zebraspoor,21:09,210900
85,4,Vogelweg-Zwanenkamp,21:10,211000
85,5,Spechten-Zwanenkamp,21:10,211000
85,6,Spechten-Valkenkamp,21:11,211100
85,7,Pauwen-Reigerskamp,21:12,211200
85,8,Duiven-Fazantenkamp,21:13,211300
85,9,Bloem-Boomstede,21:14,211400
85,10,Zonnebaan,21:15,211500
85,11,Savannahweg,21:17,211700
85,12,Otto Hahnweg,21:18,211800
85,13,Rijpwetering,21:21,212100
85,14,Soestw./Antonius Zkh,21:22,212200
85,15,Jan Wolkerssingel,21:24,212400
85,16,Station Leidsche Rijn,21:26,212600
85,17,Thomas à Kempisplantsoen,21:28,212800
85,18,Majellapark,21:29,212900
85,19,Hasebroekstraat,21:31,213100
85,20,Moskeeplein,21:33,213300
85,21,CS Jaarbeurszijde,21:35,213500
85,22,CS Jaarbeurszijde,21:38,213800
85,23,Neude,21:43,214300
85,24,Janskerkhof,21:44,214400
85,25,Stadsschouwburg,21:45,214500
85,26,Wittevrouwen,21:47,214700
85,27,Oorsprongpark,21:48,214800
85,28,KNMI,21:51,215100
85,29,Jordanlaan,21:54,215400
85,30,Winkelcentrum Vollenhove,21:56,215600
85,31,Gunninglaan,21:57,215700
85,32,L-Flat,21:58,215800
85,33,De Dreef/Panweg,21:59,215900
85,34,Nepveulaan,22:01,220100
85,35,Schaerweydelaan,22:03,220300
85,36,Steynlaan,22:05,220500
85,37,Busstation,22:07,220700
86,1,Station Maarssen,21:23,212300
86,2,Kamelenspoor,21:24,212400
86,3,Zebraspoor,21:24,212400
86,4,Vogelweg-Zwanenkamp,21:25,212500
86,5,Spechten-Zwanenkamp,21:25,212500
86,6,Spechten-Valkenkamp,21:26,212600
86,7,Pauwen-Reigerskamp,21:27,212700
86,8,Duiven-Fazantenkamp,21:28,212800
86,9,Bloem-Boomstede,21:29,212900
86,10,Zonnebaan,21:30,213000
86,11,Savannahweg,21:32,213200
86,12,Otto Hahnweg,21:33,213300
86,13,Rijpwetering,21:36,213600
86,14,Soestw./Antonius Zkh,21:37,213700
86,15,Jan Wolkerssingel,21:39,213900
86,16,Station Leidsche Rijn,21:41,214100
86,17,Thomas à Kempisplantsoen,21:42,214200
86,18,Majellapark,21:43,214300
86,19,Hasebroekstraat,21:45,214500
86,20,Moskeeplein,21:47,214700
86,21,CS Jaarbeurszijde,21:49,214900
86,22,CS Jaarbeurszijde,21:52,215200
86,23,Neude,21:57,215700
86,24,Janskerkhof,21:58,215800
86,25,Stadsschouwburg,21:59,215900
86,26,Wittevrouwen,22:01,220100
86,27,Oorsprongpark,22:02,220200
86,28,KNMI,22:05,220500
86,29,Jordanlaan,22:08,220800
86,30,Winkelcentrum Vollenhove,22:10,221000
86,31,Gunninglaan,22:11,221100
86,32,L-Flat,22:12,221200
86,33,De Dreef/Panweg,22:13,221300
86,34,Nepveulaan,22:15,221500
86,35,Schaerweydelaan,22:16,221600
86,36,Steynlaan,22:18,221800
86,37,Busstation,22:20,222000
87,1,Station Maarssen,21:38,213800
87,2,Kamelenspoor,21:39,213900
87,3,Zebraspoor,21:39,213900
87,4,Vogelweg-Zwanenkamp,21:40,214000
87,5,Spechten-Zwanenkamp,21:40,214000
87,6,Spechten-Valkenkamp,21:41,214100
87,7,Pauwen-Reigerskamp,21:42,214200
87,8,Duiven-Fazantenkamp,21:43,214300
87,9,Bloem-Boomstede,21:44,214400
87,10,Zonnebaan,21:45,214500
87,11,Savannahweg,21:47,214700
87,12,Otto Hahnweg,21:48,214800
87,13,Rijpwetering,21:50,215000
87,14,Soestw./Antonius Zkh,21:51,215100
87,15,Jan Wolkerssingel,21:53,215300
87,16,Station Leidsche Rijn,21:55,215500
87,17,Thomas à Kempisplantsoen,21:56,215600
87,18,Majellapark,21:57,215700
87,19,Hasebroekstraat,21:59,215900
87,20,Moskeeplein,22:01,220100
87,21,CS Jaarbeurszijde,22:03,220300
87,22,CS Jaarbeurszijde,22:06,220600
87,23,Neude,22:10,221000
87,24,Janskerkhof,22:11,221100
87,25,Stadsschouwburg,22:12,221200
87,26,Wittevrouwen,22:14,221400
87,27,Oorsprongpark,22:15,221500
87,28,KNMI,22:18,221800
87,29,Jordanlaan,22:21,222100
87,30,Winkelcentrum Vollenhove,22:23,222300
87,31,Gunninglaan,22:24,222400
87,32,L-Flat,22:25,222500
87,33,De Dreef/Panweg,22:26,222600
87,34,Nepveulaan,22:28,222800
87,35,Schaerweydelaan,22:29,222900
87,36,Steynlaan,22:31,223100
87,37,Busstation,22:33,223300
88,1,Station Maarssen,21:53,215300
88,2,Kamelenspoor,21:54,215400
88,3,Zebraspoor,21:54,215400
88,4,Vogelweg-Zwanenkamp,21:55,215500
88,5,Spechten-Zwanenkamp,21:55,215500
88,6,Spechten-Valkenkamp,21:56,215600
88,7,Pauwen-Reigerskamp,21:57,215700
88,8,Duiven-Fazantenkamp,21:58,215800
88,9,Bloem-Boomstede,21:59,215900
88,10,Zonnebaan,22:00,220000
88,11,Savannahweg,22:02,220200
88,12,Otto Hahnweg,22:03,220300
88,13,Rijpwetering,22:05,220500
88,14,Soestw./Antonius Zkh,22:06,220600
88,15,Jan Wolkerssingel,22:08,220800
88,16,Station Leidsche Rijn,22:10,221000
88,17,Thomas à Kempisplantsoen,22:11,221100
88,18,Majellapark,22:12,221200
88,19,Hasebroekstraat,22:14,221400
88,20,Moskeeplein,22:16,221600
88,21,CS Jaarbeurszijde,22:18,221800
88,22,CS Jaarbeurszijde,22:21,222100
88,23,Neude,22:25,222500
88,24,Janskerkhof,22:26,222600
88,25,Stadsschouwburg,22:27,222700
88,26,Wittevrouwen,22:29,222900
88,27,Oorsprongpark,22:30,223000
88,28,KNMI,22:33,223300
88,29,Jordanlaan,22:36,223600
88,30,Winkelcentrum Vollenhove,22:38,223800
88,31,Gunninglaan,22:39,223900
88,32,L-Flat,22:40,224000
88,33,De Dreef/Panweg,22:41,224100
88,34,Nepveulaan,22:43,224300
88,35,Schaerweydelaan,22:44,224400
88,36,Steynlaan,22:46,224600
88,37,Busstation,22:48,224800
89,1,Station Maarssen,22:08,220800
89,2,Kamelenspoor,22:09,220900
89,3,Zebraspoor,22:09,220900
89,4,Vogelweg-Zwanenkamp,22:10,221000
89,5,Spechten-Zwanenkamp,22:10,221000
89,6,Spechten-Valkenkamp,22:11,221100
89,7,Pauwen-Reigerskamp,22:12,221200
89,8,Duiven-Fazantenkamp,22:13,221300
89,9,Bloem-Boomstede,22:14,221400
89,10,Zonnebaan,22:15,221500
89,11,Savannahweg,22:17,221700
89,12,Otto Hahnweg,22:18,221800
89,13,Rijpwetering,22:20,222000
89,14,Soestw./Antonius Zkh,22:21,222100
89,15,Jan Wolkerssingel,22:23,222300
89,16,Station Leidsche Rijn,22:25,222500
89,17,Thomas à Kempisplantsoen,22:26,222600
89,18,Majellapark,22:27,222700
89,19,Hasebroekstraat,22:29,222900
89,20,Moskeeplein,22:31,223100
89,21,CS Jaarbeurszijde,22:33,223300
89,22,CS Jaarbeurszijde,22:36,223600
89,23,Neude,22:40,224000
89,24,Janskerkhof,22:41,224100
89,25,Stadsschouwburg,22:42,224200
89,26,Wittevrouwen,22:44,224400
89,27,Oorsprongpark,22:45,224500
89,28,KNMI,22:48,224800
89,29,Jordanlaan,22:51,225100
89,30,Winkelcentrum Vollenhove,22:53,225300
89,31,Gunninglaan,22:54,225400
89,32,L-Flat,22:55,225500
89,33,De Dreef/Panweg,22:56,225600
89,34,Nepveulaan,22:58,225800
89,35,Schaerweydelaan,22:59,225900
89,36,Steynlaan,23:01,230100
89,37,Busstation,23:03,230300
90,1,Station Maarssen,22:23,222300
90,2,Kamelenspoor,22:24,222400
90,3,Zebraspoor,22:24,222400
90,4,Vogelweg-Zwanenkamp,22:25,222500
90,5,Spechten-Zwanenkamp,22:25,222500
90,6,Spechten-Valkenkamp,22:26,222600
90,7,Pauwen-Reigerskamp,22:27,222700
90,8,Duiven-Fazantenkamp,22:28,222800
90,9,Bloem-Boomstede,22:29,222900
90,10,Zonnebaan,22:30,223000
90,11,Savannahweg,22:32,223200
90,12,Otto Hahnweg,22:33,223300
90,13,Rijpwetering,22:35,223500
90,14,Soestw./Antonius Zkh,22:36,223600
90,15,Jan Wolkerssingel,22:38,223800
90,16,Station Leidsche Rijn,22:40,224000
90,17,Thomas à Kempisplantsoen,22:41,224100
90,18,Majellapark,22:42,224200
90,19,Hasebroekstraat,22:44,224400
90,20,Moskeeplein,22:46,224600
90,21,CS Jaarbeurszijde,22:48,224800
90,22,CS Jaarbeurszijde,22:51,225100
90,23,Neude,22:55,225500
90,24,Janskerkhof,22:56,225600
90,25,Stadsschouwburg,22:57,225700
90,26,Wittevrouwen,22:59,225900
90,27,Oorsprongpark,23:00,230000
90,28,KNMI,23:03,230300
90,29,Jordanlaan,23:06,230600
90,30,Winkelcentrum Vollenhove,23:08,230800
90,31,Gunninglaan,23:09,230900
90,32,L-Flat,23:10,231000
90,33,De Dreef/Panweg,23:11,231100
90,34,Nepveulaan,23:13,231300
90,35,Schaerweydelaan,23:14,231400
90,36,Steynlaan,23:16,231600
90,37,Busstation,23:18,231800
91,1,Station Maarssen,22:38,223800
91,2,Kamelenspoor,22:39,223900
91,3,Zebraspoor,22:39,223900
91,4,Vogelweg-Zwanenkamp,22:40,224000
91,5,Spechten-Zwanenkamp,22:40,224000
91,6,Spechten-Valkenkamp,22:41,224100
91,7,Pauwen-Reigerskamp,22:42,224200
91,8,Duiven-Fazantenkamp,22:43,224300
91,9,Bloem-Boomstede,22:44,224400
91,10,Zonnebaan,22:45,224500
91,11,Savannahweg,22:47,224700
91,12,Otto Hahnweg,22:48,224800
91,13,Rijpwetering,22:50,225000
91,14,Soestw./Antonius Zkh,22:51,225100
91,15,Jan Wolkerssingel,22:53,225300
91,16,Station Leidsche Rijn,22:55,225500
91,17,Thomas à Kempisplantsoen,22:56,225600
91,18,Majellapark,22:57,225700
91,19,Hasebroekstraat,22:59,225900
91,20,Moskeeplein,23:01,230100
91,21,CS Jaarbeurszijde,23:03,230300
91,22,CS Jaarbeurszijde,23:06,230600
91,23,Neude,23:10,231000
91,24,Janskerkhof,23:11,231100
91,25,Stadsschouwburg,23:12,231200
91,26,Wittevrouwen,23:14,231400
91,27,Oorsprongpark,23:15,231500
91,28,KNMI,23:18,231800
91,29,Jordanlaan,23:21,232100
91,30,Winkelcentrum Vollenhove,23:23,232300
91,31,Gunninglaan,23:24,232400
91,32,L-Flat,23:25,232500
91,33,De Dreef/Panweg,23:26,232600
91,34,Nepveulaan,23:28,232800
91,35,Schaerweydelaan,23:29,232900
91,36,Steynlaan,23:31,233100
91,37,Busstation,23:33,233300
92,1,Station Maarssen,22:53,225300
92,2,Kamelenspoor,22:54,225400
92,3,Zebraspoor,22:54,225400
92,4,Vogelweg-Zwanenkamp,22:55,225500
92,5,Spechten-Zwanenkamp,22:55,225500
92,6,Spechten-Valkenkamp,22:56,225600
92,7,Pauwen-Reigerskamp,22:57,225700
92,8,Duiven-Fazantenkamp,22:58,225800
92,9,Bloem-Boomstede,22:59,225900
92,10,Zonnebaan,23:00,230000
92,11,Savannahweg,23:02,230200
92,12,Otto Hahnweg,23:03,230300
92,13,Rijpwetering,23:05,230500
92,14,Soestw./Antonius Zkh,23:06,230600
92,15,Jan Wolkerssingel,23:08,230800
92,16,Station Leidsche Rijn,23:10,231000
92,17,Thomas à Kempisplantsoen,23:11,231100
92,18,Majellapark,23:12,231200
92,19,Hasebroekstraat,23:14,231400
92,20,Moskeeplein,23:16,231600
92,21,CS Jaarbeurszijde,23:18,231800
92,22,CS Jaarbeurszijde,23:21,232100
92,23,Neude,23:25,232500
92,24,Janskerkhof,23:26,232600
92,25,Stadsschouwburg,23:27,232700
92,26,Wittevrouwen,23:29,232900
92,27,Oorsprongpark,23:30,233000
92,28,KNMI,23:33,233300
92,29,Jordanlaan,23:36,233600
92,30,Winkelcentrum Vollenhove,23:38,233800
92,31,Gunninglaan,23:39,233900
92,32,L-Flat,23:40,234000
92,33,De Dreef/Panweg,23:41,234100
92,34,Nepveulaan,23:43,234300
92,35,Schaerweydelaan,23:44,234400
92,36,Steynlaan,23:46,234600
92,37,Busstation,23:48,234800
93,1,Station Maarssen,23:08,230800
93,2,Kamelenspoor,23:09,230900
93,3,Zebraspoor,23:09,230900
93,4,Vogelweg-Zwanenkamp,23:10,231000
93,5,Spechten-Zwanenkamp,23:10,231000
93,6,Spechten-Valkenkamp,23:11,231100
93,7,Pauwen-Reigerskamp,23:12,231200
93,8,Duiven-Fazantenkamp,23:13,231300
93,9,Bloem-Boomstede,23:14,231400
93,10,Zonnebaan,23:15,231500
93,11,Savannahweg,23:17,231700
93,12,Otto Hahnweg,23:18,231800
93,13,Rijpwetering,23:20,232000
93,14,Soestw./Antonius Zkh,23:21,232100
93,15,Jan Wolkerssingel,23:23,232300
93,16,Station Leidsche Rijn,23:25,232500
93,17,Thomas à Kempisplantsoen,23:26,232600
93,18,Majellapark,23:27,232700
93,19,Hasebroekstraat,23:29,232900
93,20,Moskeeplein,23:31,233100
93,21,CS Jaarbeurszijde,23:33,233300
93,22,CS Jaarbeurszijde,23:36,233600
93,23,Neude,23:40,234000
93,24,Janskerkhof,23:41,234100
93,25,Stadsschouwburg,23:42,234200
93,26,Wittevrouwen,23:44,234400
93,27,Oorsprongpark,23:45,234500
93,28,KNMI,23:48,234800
93,29,Jordanlaan,23:51,235100
93,30,Winkelcentrum Vollenhove,23:53,235300
93,31,Gunninglaan,23:54,235400
93,32,L-Flat,23:55,235500
93,33,De Dreef/Panweg,23:56,235600
93,34,Nepveulaan,23:58,235800
93,35,Schaerweydelaan,23:59,235900
93,36,Steynlaan,00:01*,240100
93,37,Busstation,00:03*,240300
94,1,Station Maarssen,23:23,232300
94,2,Kamelenspoor,23:24,232400
94,3,Zebraspoor,23:24,232400
94,4,Vogelweg-Zwanenkamp,23:25,232500
94,5,Spechten-Zwanenkamp,23:25,232500
94,6,Spechten-Valkenkamp,23:26,232600
94,7,Pauwen-Reigerskamp,23:27,232700
94,8,Duiven-Fazantenkamp,23:28,232800
94,9,Bloem-Boomstede,23:29,232900
94,10,Zonnebaan,23:30,233000
94,11,Savannahweg,23:32,233200
94,12,Otto Hahnweg,23:33,233300
94,13,Rijpwetering,23:35,233500
94,14,Soestw./Antonius Zkh,23:36,233600
94,15,Jan Wolkerssingel,23:38,233800
94,16,Station Leidsche Rijn,23:40,234000
94,17,Thomas à Kempisplantsoen,23:41,234100
94,18,Majellapark,23:42,234200
94,19,Hasebroekstraat,23:44,234400
94,20,Moskeeplein,23:46,234600
94,21,CS Jaarbeurszijde,23:48,234800
94,22,CS Jaarbeurszijde,23:51,235100
94,23,Neude,23:55,235500
94,24,Janskerkhof,23:56,235600
94,25,Stadsschouwburg,23:57,235700
94,26,Wittevrouwen,23:59,235900
94,27,Oorsprongpark,00:00*,240000
94,28,KNMI,00:03*,240300
94,29,Jordanlaan,00:06*,240600
94,30,Winkelcentrum Vollenhove,00:08*,240800
94,31,Gunninglaan,00:09*,240900
94,32,L-Flat,00:10*,241000
94,33,De Dreef/Panweg,00:11*,241100
94,34,Nepveulaan,00:13*,241300
94,35,Schaerweydelaan,00:14*,241400
94,36,Steynlaan,00:16*,241600
94,37,Busstation,00:18*,241800
95,1,Station Maarssen,23:38,233800
95,2,Kamelenspoor,23:39,233900
95,3,Zebraspoor,23:39,233900
95,4,Vogelweg-Zwanenkamp,23:40,234000
95,5,Spechten-Zwanenkamp,23:40,234000
95,6,Spechten-Valkenkamp,23:41,234100
95,7,Pauwen-Reigerskamp,23:42,234200
95,8,Duiven-Fazantenkamp,23:43,234300
95,9,Bloem-Boomstede,23:44,234400
95,10,Zonnebaan,23:45,234500
95,11,Savannahweg,23:47,234700
95,12,Otto Hahnweg,23:48,234800
95,13,Rijpwetering,23:50,235000
95,14,Soestw./Antonius Zkh,23:51,235100
95,15,Jan Wolkerssingel,23:53,235300
95,16,Station Leidsche Rijn,23:55,235500
95,17,Thomas à Kempisplantsoen,23:56,235600
95,18,Majellapark,23:57,235700
95,19,Hasebroekstraat,23:59,235900
95,20,Moskeeplein,00:01*,240100
95,21,CS Jaarbeurszijde,00:03*,240300
95,22,CS Jaarbeurszijde,00:06*,240600
95,23,Neude,00:10*,241000
95,24,Janskerkhof,00:11*,241100
95,25,Stadsschouwburg,00:12*,241200
95,26,Wittevrouwen,00:14*,241400
95,27,Oorsprongpark,00:15*,241500
95,28,KNMI,00:18*,241800
95,29,Jordanlaan,00:21*,242100
95,30,Winkelcentrum Vollenhove,00:23*,242300
95,31,Gunninglaan,00:24*,242400
95,32,L-Flat,00:25*,242500
95,33,De Dreef/Panweg,00:26*,242600
95,34,Nepveulaan,00:28*,242800
95,35,Schaerweydelaan,00:29*,242900
95,36,Steynlaan,00:31*,243100
95,37,Busstation,00:33*,243300
96,1,Station Maarssen,23:53,235300
96,2,Kamelenspoor,23:54,235400
96,3,Zebraspoor,23:54,235400
96,4,Vogelweg-Zwanenkamp,23:55,235500
96,5,Spechten-Zwanenkamp,23:55,235500
96,6,Spechten-Valkenkamp,23:56,235600
96,7,Pauwen-Reigerskamp,23:57,235700
96,8,Duiven-Fazantenkamp,23:58,235800
96,9,Bloem-Boomstede,23:59,235900
96,10,Zonnebaan,00:00*,240000
96,11,Savannahweg,00:02*,240200
96,12,Otto Hahnweg,00:03*,240300
96,13,Rijpwetering,00:05*,240500
96,14,Soestw./Antonius Zkh,00:06*,240600
96,15,Jan Wolkerssingel,00:08*,240800
96,16,Station Leidsche Rijn,00:10*,241000
96,17,Thomas à Kempisplantsoen,00:11*,241100
96,18,Majellapark,00:12*,241200
96,19,Hasebroekstraat,00:14*,241400
96,20,Moskeeplein,00:16*,241600
96,21,CS Jaarbeurszijde,00:18*,241800
96,22,CS Jaarbeurszijde,00:21*,242100
96,23,Neude,00:25*,242500
96,24,Janskerkhof,00:26*,242600
96,25,Stadsschouwburg,00:27*,242700
96,26,Wittevrouwen,00:29*,242900
96,27,Oorsprongpark,00:30*,243000
96,28,KNMI,00:33*,243300
96,29,Jordanlaan,00:36*,243600
96,30,Winkelcentrum Vollenhove,00:38*,243800
96,31,Gunninglaan,00:39*,243900
96,32,L-Flat,00:40*,244000
96,33,De Dreef/Panweg,00:41*,244100
96,34,Nepveulaan,00:43*,244300
96,35,Schaerweydelaan,00:44*,244400
96,36,Steynlaan,00:46*,244600
96,37,Busstation,00:48*,244800
97,1,Station Maarssen,00:11*,241100
97,2,Kamelenspoor,00:12*,241200
97,3,Zebraspoor,00:12*,241200
97,4,Vogelweg-Zwanenkamp,00:13*,241300
97,5,Spechten-Zwanenkamp,00:13*,241300
97,6,Spechten-Valkenkamp,00:14*,241400
97,7,Pauwen-Reigerskamp,00:15*,241500
97,8,Duiven-Fazantenkamp,00:16*,241600
97,9,Bloem-Boomstede,00:17*,241700
97,10,Zonnebaan,00:18*,241800
97,11,Savannahweg,00:20*,242000
97,12,Otto Hahnweg,00:21*,242100
97,13,Rijpwetering,00:23*,242300
97,14,Soestw./Antonius Zkh,00:24*,242400
97,15,Jan Wolkerssingel,00:26*,242600
97,16,Station Leidsche Rijn,00:28*,242800
97,17,Thomas à Kempisplantsoen,00:29*,242900
97,18,Majellapark,00:30*,243000
97,19,Hasebroekstraat,00:32*,243200
97,20,Moskeeplein,00:34*,243400
97,21,CS Jaarbeurszijde,00:36*,243600
97,22,CS Jaarbeurszijde,00:39*,243900
97,23,Neude,00:43*,244300
97,24,Janskerkhof,00:44*,244400
97,25,Stadsschouwburg,00:45*,244500
97,26,Wittevrouwen,00:47*,244700
97,27,Oorsprongpark,00:48*,244800
97,28,KNMI,00:51*,245100
97,29,Jordanlaan,00:54*,245400
97,30,Winkelcentrum Vollenhove,00:56*,245600
97,31,Gunninglaan,00:57*,245700
97,32,L-Flat,00:58*,245800
97,33,De Dreef/Panweg,00:59*,245900
97,34,Nepveulaan,01:01*,250100
97,35,Schaerweydelaan,01:02*,250200
97,36,Steynlaan,01:04*,250400
97,37,Busstation,01:06*,250600
98,1,Station Maarssen,00:29*,242900
98,2,Kamelenspoor,00:30*,243000
98,3,Zebraspoor,00:30*,243000
98,4,Vogelweg-Zwanenkamp,00:31*,243100
98,5,Spechten-Zwanenkamp,00:31*,243100
98,6,Spechten-Valkenkamp,00:32*,243200
98,7,Pauwen-Reigerskamp,00:33*,243300
98,8,Duiven-Fazantenkamp,00:34*,243400
98,9,Bloem-Boomstede,00:35*,243500
98,10,Zonnebaan,00:36*,243600
98,11,Savannahweg,00:38*,243800
98,12,Otto Hahnweg,00:39*,243900
98,13,Rijpwetering,00:41*,244100
98,14,Soestw./Antonius Zkh,00:42*,244200
98,15,Jan Wolkerssingel,00:44*,244400
98,16,Station Leidsche Rijn,00:46*,244600
98,17,Thomas à Kempisplantsoen,00:47*,244700
98,18,Majellapark,00:48*,244800
98,19,Hasebroekstraat,00:50*,245000
98,20,Moskeeplein,00:52*,245200
98,21,CS Jaarbeurszijde,00:54*,245400
98,22,CS Jaarbeurszijde,01:00*,250000
98,23,Neude,01:04*,250400
98,24,Janskerkhof,01:05*,250500
98,25,Stadsschouwburg,01:06*,250600
98,26,Wittevrouwen,01:08*,250800
98,27,Oorsprongpark,01:09*,250900
98,28,KNMI,01:12*,251200
98,29,Jordanlaan,01:15*,251500
98,30,Winkelcentrum Vollenhove,01:17*,251700
98,31,Gunninglaan,01:18*,251800
98,32,L-Flat,01:19*,251900
98,33,De Dreef/Panweg,01:20*,252000
98,34,Nepveulaan,01:22*,252200
98,35,Schaerweydelaan,01:23*,252300
98,36,Steynlaan,01:25*,252500
98,37,Busstation,01:27*,252700
