trip_index,stop_sequence,stop_name,time,timestamp
1,1,Station Vleuten,05:43,054300
1,2,Eyckenstein,05:45,054500
1,3,Vleuterweide-Centrum,05:46,054600
1,4,De Tuinlanden,05:47,054700
1,5,Veldhuizen,05:49,054900
1,6,Europaweg,05:50,055000
1,7,De Balije,05:51,055100
1,8,Boekbinderslaan,05:52,055200
1,9,Meernbrug,05:53,055300
1,10,De Meern-Oost,05:55,055500
1,11,Eerste Westerparklaan,05:57,055700
1,12,Korianderstraat,05:59,055900
1,13,Centrumboulevard,06:00,060000
1,14,Station Leidsche Rijn,06:01,060100
1,15,Thomas à Kempisplantsoen,06:03,060300
1,16,Majellapark,06:04,060400
1,17,Hasebroekstraat,06:06,060600
1,18,Moskeeplein,06:08,060800
1,19,CS Centrumzijde,06:11,061100
1,20,CS Centrumzijde,06:14,061400
1,21,Neude,06:18,061800
1,22,Janskerkhof,06:20,062000
1,23,Stadsschouwburg,06:21,062100
1,24,Wittevrouwen,06:23,062300
1,25,Oorsprongpark,06:24,062400
1,26,Rijnsweerd-Noord,06:26,062600
1,27,Rijnsweerd-Zuid,06:28,062800
1,28,Padualaan,06:29,062900
1,29,Heidelberglaan,06:30,063000
1,30,UMC Utrecht,06:31,063100
1,31,WKZ / PMC,06:33,063300
1,32,Haltenaam onbekend,06:36,063600
2,1,Station Vleuten,05:58,055800
2,2,Eyckenstein,06:00,060000
2,3,Vleuterweide-Centrum,06:01,060100
2,4,De Tuinlanden,06:02,060200
2,5,Veldhuizen,06:04,060400
2,6,Europaweg,06:05,060500
2,7,De Balije,06:06,060600
2,8,Boekbinderslaan,06:07,060700
2,9,Meernbrug,06:08,060800
2,10,De Meern-Oost,06:10,061000
2,11,Eerste Westerparklaan,06:12,061200
2,12,Korianderstraat,06:14,061400
2,13,Centrumboulevard,06:15,061500
2,14,Station Leidsche Rijn,06:16,061600
2,15,Thomas à Kempisplantsoen,06:18,061800
2,16,Majellapark,06:19,061900
2,17,Hasebroekstraat,06:21,062100
2,18,Moskeeplein,06:23,062300
2,19,CS Centrumzijde,06:26,062600
2,20,CS Centrumzijde,06:29,062900
2,21,Neude,06:33,063300
2,22,Janskerkhof,06:35,063500
2,23,Stadsschouwburg,06:36,063600
2,24,Wittevrouwen,06:38,063800
2,25,Oorsprongpark,06:39,063900
2,26,Rijnsweerd-Noord,06:41,064100
2,27,Rijnsweerd-Zuid,06:43,064300
2,28,Padualaan,06:44,064400
2,29,Heidelberglaan,06:45,064500
2,30,UMC Utrecht,06:46,064600
2,31,WKZ / PMC,06:48,064800
2,32,Haltenaam onbekend,06:51,065100
3,1,Station Vleuten,06:12,061200
3,2,Eyckenstein,06:14,061400
3,3,Vleuterweide-Centrum,06:15,061500
3,4,De Tuinlanden,06:16,061600
3,5,Veldhuizen,06:18,061800
3,6,Europaweg,06:19,061900
3,7,De Balije,06:20,062000
3,8,Boekbinderslaan,06:21,062100
3,9,Meernbrug,06:22,062200
3,10,De Meern-Oost,06:24,062400
3,11,Eerste Westerparklaan,06:26,062600
3,12,Korianderstraat,06:28,062800
3,13,Centrumboulevard,06:29,062900
3,14,Station Leidsche Rijn,06:30,063000
3,15,Thomas à Kempisplantsoen,06:32,063200
3,16,Majellapark,06:33,063300
3,17,Hasebroekstraat,06:35,063500
3,18,Moskeeplein,06:37,063700
3,19,CS Centrumzijde,06:40,064000
3,20,CS Centrumzijde,06:43,064300
3,21,Neude,06:47,064700
3,22,Janskerkhof,06:49,064900
3,23,Stadsschouwburg,06:50,065000
3,24,Wittevrouwen,06:52,065200
3,25,Oorsprongpark,06:53,065300
3,26,Rijnsweerd-Noord,06:55,065500
3,27,Rijnsweerd-Zuid,06:57,065700
3,28,Padualaan,06:58,065800
3,29,Heidelberglaan,06:59,065900
3,30,UMC Utrecht,07:00,070000
3,31,WKZ / PMC,07:02,070200
3,32,Haltenaam onbekend,07:06,070600
4,1,Station Vleuten,06:25,062500
4,2,Eyckenstein,06:27,062700
4,3,Vleuterweide-Centrum,06:28,062800
4,4,De Tuinlanden,06:29,062900
4,5,Veldhuizen,06:31,063100
4,6,Europaweg,06:32,063200
4,7,De Balije,06:33,063300
4,8,Boekbinderslaan,06:34,063400
4,9,Meernbrug,06:35,063500
4,10,De Meern-Oost,06:37,063700
4,11,Eerste Westerparklaan,06:39,063900
4,12,Korianderstraat,06:42,064200
4,13,Centrumboulevard,06:43,064300
4,14,Station Leidsche Rijn,06:44,064400
4,15,Thomas à Kempisplantsoen,06:46,064600
4,16,Majellapark,06:47,064700
4,17,Hasebroekstraat,06:49,064900
4,18,Moskeeplein,06:51,065100
4,19,CS Centrumzijde,06:54,065400
4,20,CS Centrumzijde,06:57,065700
4,21,Neude,07:01,070100
4,22,Janskerkhof,07:03,070300
4,23,Stadsschouwburg,07:04,070400
4,24,Wittevrouwen,07:06,070600
4,25,Oorsprongpark,07:07,070700
4,26,Rijnsweerd-Noord,07:09,070900
4,27,Rijnsweerd-Zuid,07:11,071100
4,28,Padualaan,07:13,071300
4,29,Heidelberglaan,07:14,071400
4,30,UMC Utrecht,07:15,071500
4,31,WKZ / PMC,07:17,071700
4,32,Haltenaam onbekend,07:21,072100
5,1,Station Vleuten,06:39,063900
5,2,Eyckenstein,06:41,064100
5,3,Vleuterweide-Centrum,06:42,064200
5,4,De Tuinlanden,06:44,064400
5,5,Veldhuizen,06:46,064600
5,6,Europaweg,06:47,064700
5,7,De Balije,06:48,064800
5,8,Boekbinderslaan,06:49,064900
5,9,Meernbrug,06:50,065000
5,10,De Meern-Oost,06:52,065200
5,11,Eerste Westerparklaan,06:54,065400
5,12,Korianderstraat,06:57,065700
5,13,Centrumboulevard,06:58,065800
5,14,Station Leidsche Rijn,06:59,065900
5,15,Thomas à Kempisplantsoen,07:01,070100
5,16,Majellapark,07:02,070200
5,17,Hasebroekstraat,07:04,070400
5,18,Moskeeplein,07:06,070600
5,19,CS Centrumzijde,07:09,070900
5,20,CS Centrumzijde,07:12,071200
5,21,Neude,07:16,071600
5,22,Janskerkhof,07:18,071800
5,23,Stadsschouwburg,07:19,071900
5,24,Wittevrouwen,07:21,072100
5,25,Oorsprongpark,07:22,072200
5,26,Rijnsweerd-Noord,07:24,072400
5,27,Rijnsweerd-Zuid,07:26,072600
5,28,Padualaan,07:28,072800
5,29,Heidelberglaan,07:29,072900
5,30,UMC Utrecht,07:30,073000
5,31,WKZ / PMC,07:32,073200
5,32,Haltenaam onbekend,07:36,073600
6,1,Station Vleuten,06:48,064800
6,2,Eyckenstein,06:50,065000
6,3,Vleuterweide-Centrum,06:51,065100
6,4,De Tuinlanden,06:53,065300
6,5,Veldhuizen,06:55,065500
6,6,Europaweg,06:56,065600
6,7,De Balije,06:57,065700
6,8,Boekbinderslaan,06:58,065800
6,9,Meernbrug,06:59,065900
6,10,De Meern-Oost,07:01,070100
6,11,Eerste Westerparklaan,07:03,070300
6,12,Korianderstraat,07:06,070600
6,13,Centrumboulevard,07:07,070700
6,14,Station Leidsche Rijn,07:08,070800
6,15,Thomas à Kempisplantsoen,07:11,071100
6,16,Majellapark,07:12,071200
6,17,Hasebroekstraat,07:14,071400
6,18,Moskeeplein,07:16,071600
6,19,CS Centrumzijde,07:19,071900
6,20,CS Centrumzijde,07:22,072200
6,21,Neude,07:26,072600
6,22,Janskerkhof,07:28,072800
6,23,Stadsschouwburg,07:29,072900
6,24,Wittevrouwen,07:31,073100
6,25,Oorsprongpark,07:32,073200
6,26,Rijnsweerd-Noord,07:34,073400
6,27,Rijnsweerd-Zuid,07:36,073600
6,28,Padualaan,07:38,073800
6,29,Heidelberglaan,07:39,073900
6,30,UMC Utrecht,07:40,074000
6,31,WKZ / PMC,07:42,074200
6,32,Haltenaam onbekend,07:46,074600
7,1,Station Vleuten,06:57,065700
7,2,Eyckenstein,06:59,065900
7,3,Vleuterweide-Centrum,07:00,070000
7,4,De Tuinlanden,07:02,070200
7,5,Veldhuizen,07:04,070400
7,6,Europaweg,07:05,070500
7,7,De Balije,07:06,070600
7,8,Boekbinderslaan,07:08,070800
7,9,Meernbrug,07:09,070900
7,10,De Meern-Oost,07:11,071100
7,11,Eerste Westerparklaan,07:13,071300
7,12,Korianderstraat,07:16,071600
7,13,Centrumboulevard,07:17,071700
7,14,Station Leidsche Rijn,07:18,071800
7,15,Thomas à Kempisplantsoen,07:21,072100
7,16,Majellapark,07:22,072200
7,17,Hasebroekstraat,07:24,072400
7,18,Moskeeplein,07:26,072600
7,19,CS Centrumzijde,07:29,072900
7,20,CS Centrumzijde,07:32,073200
7,21,Neude,07:36,073600
7,22,Janskerkhof,07:38,073800
7,23,Stadsschouwburg,07:39,073900
7,24,Wittevrouwen,07:41,074100
7,25,Oorsprongpark,07:42,074200
7,26,Rijnsweerd-Noord,07:44,074400
7,27,Rijnsweerd-Zuid,07:46,074600
7,28,Padualaan,07:48,074800
7,29,Heidelberglaan,07:49,074900
7,30,UMC Utrecht,07:50,075000
7,31,WKZ / PMC,07:52,075200
7,32,Haltenaam onbekend,07:56,075600
8,1,Station Vleuten,07:07,070700
8,2,Eyckenstein,07:09,070900
8,3,Vleuterweide-Centrum,07:10,071000
8,4,De Tuinlanden,07:12,071200
8,5,Veldhuizen,07:14,071400
8,6,Europaweg,07:15,071500
8,7,De Balije,07:16,071600
8,8,Boekbinderslaan,07:18,071800
8,9,Meernbrug,07:19,071900
8,10,De Meern-Oost,07:21,072100
8,11,Eerste Westerparklaan,07:23,072300
8,12,Korianderstraat,07:26,072600
8,13,Centrumboulevard,07:27,072700
8,14,Station Leidsche Rijn,07:28,072800
8,15,Thomas à Kempisplantsoen,07:31,073100
8,16,Majellapark,07:32,073200
8,17,Hasebroekstraat,07:34,073400
8,18,Moskeeplein,07:36,073600
8,19,CS Centrumzijde,07:39,073900
8,20,CS Centrumzijde,07:42,074200
8,21,Neude,07:46,074600
8,22,Janskerkhof,07:48,074800
8,23,Stadsschouwburg,07:49,074900
8,24,Wittevrouwen,07:51,075100
8,25,Oorsprongpark,07:52,075200
8,26,Rijnsweerd-Noord,07:54,075400
8,27,Rijnsweerd-Zuid,07:56,075600
8,28,Padualaan,07:58,075800
8,29,Heidelberglaan,07:59,075900
8,30,UMC Utrecht,08:00,080000
8,31,WKZ / PMC,08:02,080200
8,32,Haltenaam onbekend,08:06,080600
9,1,Station Vleuten,07:15,071500
9,2,Eyckenstein,07:17,071700
9,3,Vleuterweide-Centrum,07:18,071800
9,4,De Tuinlanden,07:20,072000
9,5,Veldhuizen,07:22,072200
9,6,Europaweg,07:23,072300
9,7,De Balije,07:24,072400
9,8,Boekbinderslaan,07:26,072600
9,9,Meernbrug,07:27,072700
9,10,De Meern-Oost,07:29,072900
9,11,Eerste Westerparklaan,07:31,073100
9,12,Korianderstraat,07:34,073400
9,13,Centrumboulevard,07:35,073500
9,14,Station Leidsche Rijn,07:36,073600
9,15,Thomas à Kempisplantsoen,07:39,073900
9,16,Majellapark,07:40,074000
9,17,Hasebroekstraat,07:42,074200
9,18,Moskeeplein,07:44,074400
9,19,CS Centrumzijde,07:47,074700
9,20,CS Centrumzijde,07:50,075000
9,21,Neude,07:54,075400
9,22,Janskerkhof,07:56,075600
9,23,Stadsschouwburg,07:57,075700
9,24,Wittevrouwen,07:59,075900
9,25,Oorsprongpark,08:00,080000
9,26,Rijnsweerd-Noord,08:02,080200
9,27,Rijnsweerd-Zuid,08:04,080400
9,28,Padualaan,08:06,080600
9,29,Heidelberglaan,08:07,080700
9,30,UMC Utrecht,08:08,080800
9,31,WKZ / PMC,08:10,081000
9,32,Haltenaam onbekend,08:14,081400
10,1,Station Vleuten,07:22,072200
10,2,Eyckenstein,07:24,072400
10,3,Vleuterweide-Centrum,07:25,072500
10,4,De Tuinlanden,07:27,072700
10,5,Veldhuizen,07:29,072900
10,6,Europaweg,07:30,073000
10,7,De Balije,07:31,073100
10,8,Boekbinderslaan,07:33,073300
10,9,Meernbrug,07:34,073400
10,10,De Meern-Oost,07:36,073600
10,11,Eerste Westerparklaan,07:38,073800
10,12,Korianderstraat,07:41,074100
10,13,Centrumboulevard,07:42,074200
10,14,Station Leidsche Rijn,07:43,074300
10,15,Thomas à Kempisplantsoen,07:46,074600
10,16,Majellapark,07:47,074700
10,17,Hasebroekstraat,07:49,074900
10,18,Moskeeplein,07:51,075100
10,19,CS Centrumzijde,07:54,075400
10,20,CS Centrumzijde,07:57,075700
10,21,Neude,08:01,080100
10,22,Janskerkhof,08:03,080300
10,23,Stadsschouwburg,08:04,080400
10,24,Wittevrouwen,08:06,080600
10,25,Oorsprongpark,08:07,080700
10,26,Rijnsweerd-Noord,08:09,080900
10,27,Rijnsweerd-Zuid,08:11,081100
10,28,Padualaan,08:13,081300
10,29,Heidelberglaan,08:14,081400
10,30,UMC Utrecht,08:15,081500
10,31,WKZ / PMC,08:17,081700
10,32,Haltenaam onbekend,08:21,082100
11,1,Station Vleuten,07:30,073000
11,2,Eyckenstein,07:32,073200
11,3,Vleuterweide-Centrum,07:33,073300
11,4,De Tuinlanden,07:35,073500
11,5,Veldhuizen,07:37,073700
11,6,Europaweg,07:38,073800
11,7,De Balije,07:39,073900
11,8,Boekbinderslaan,07:41,074100
11,9,Meernbrug,07:42,074200
11,10,De Meern-Oost,07:44,074400
11,11,Eerste Westerparklaan,07:46,074600
11,12,Korianderstraat,07:49,074900
11,13,Centrumboulevard,07:50,075000
11,14,Station Leidsche Rijn,07:51,075100
11,15,Thomas à Kempisplantsoen,07:54,075400
11,16,Majellapark,07:55,075500
11,17,Hasebroekstraat,07:57,075700
11,18,Moskeeplein,07:59,075900
11,19,CS Centrumzijde,08:02,080200
11,20,CS Centrumzijde,08:05,080500
11,21,Neude,08:09,080900
11,22,Janskerkhof,08:11,081100
11,23,Stadsschouwburg,08:12,081200
11,24,Wittevrouwen,08:14,081400
11,25,Oorsprongpark,08:15,081500
11,26,Rijnsweerd-Noord,08:17,081700
11,27,Rijnsweerd-Zuid,08:19,081900
11,28,Padualaan,08:21,082100
11,29,Heidelberglaan,08:22,082200
11,30,UMC Utrecht,08:23,082300
11,31,WKZ / PMC,08:25,082500
11,32,Haltenaam onbekend,08:29,082900
12,1,Station Vleuten,07:37,073700
12,2,Eyckenstein,07:39,073900
12,3,Vleuterweide-Centrum,07:40,074000
12,4,De Tuinlanden,07:42,074200
12,5,Veldhuizen,07:44,074400
12,6,Europaweg,07:45,074500
12,7,De Balije,07:46,074600
12,8,Boekbinderslaan,07:48,074800
12,9,Meernbrug,07:49,074900
12,10,De Meern-Oost,07:51,075100
12,11,Eerste Westerparklaan,07:53,075300
12,12,Korianderstraat,07:56,075600
12,13,Centrumboulevard,07:57,075700
12,14,Station Leidsche Rijn,07:58,075800
12,15,Thomas à Kempisplantsoen,08:01,080100
12,16,Majellapark,08:02,080200
12,17,Hasebroekstraat,08:04,080400
12,18,Moskeeplein,08:06,080600
12,19,CS Centrumzijde,08:09,080900
12,20,CS Centrumzijde,08:12,081200
12,21,Neude,08:16,081600
12,22,Janskerkhof,08:18,081800
12,23,Stadsschouwburg,08:19,081900
12,24,Wittevrouwen,08:21,082100
12,25,Oorsprongpark,08:22,082200
12,26,Rijnsweerd-Noord,08:24,082400
12,27,Rijnsweerd-Zuid,08:26,082600
12,28,Padualaan,08:28,082800
12,29,Heidelberglaan,08:29,082900
12,30,UMC Utrecht,08:30,083000
12,31,WKZ / PMC,08:32,083200
12,32,Haltenaam onbekend,08:36,083600
13,1,Station Vleuten,07:45,074500
13,2,Eyckenstein,07:47,074700
13,3,Vleuterweide-Centrum,07:48,074800
13,4,De Tuinlanden,07:50,075000
13,5,Veldhuizen,07:52,075200
13,6,Europaweg,07:53,075300
13,7,De Balije,07:54,075400
13,8,Boekbinderslaan,07:56,075600
13,9,Meernbrug,07:57,075700
13,10,De Meern-Oost,07:59,075900
13,11,Eerste Westerparklaan,08:01,080100
13,12,Korianderstraat,08:04,080400
13,13,Centrumboulevard,08:05,080500
13,14,Station Leidsche Rijn,08:06,080600
13,15,Thomas à Kempisplantsoen,08:09,080900
13,16,Majellapark,08:10,081000
13,17,Hasebroekstraat,08:12,081200
13,18,Moskeeplein,08:14,081400
13,19,CS Centrumzijde,08:17,081700
13,20,CS Centrumzijde,08:20,082000
13,21,Neude,08:24,082400
13,22,Janskerkhof,08:26,082600
13,23,Stadsschouwburg,08:27,082700
13,24,Wittevrouwen,08:29,082900
13,25,Oorsprongpark,08:30,083000
13,26,Rijnsweerd-Noord,08:32,083200
13,27,Rijnsweerd-Zuid,08:34,083400
13,28,Padualaan,08:36,083600
13,29,Heidelberglaan,08:37,083700
13,30,UMC Utrecht,08:38,083800
13,31,WKZ / PMC,08:40,084000
13,32,Haltenaam onbekend,08:44,084400
14,1,Station Vleuten,07:52,075200
14,2,Eyckenstein,07:54,075400
14,3,Vleuterweide-Centrum,07:55,075500
14,4,De Tuinlanden,07:57,075700
14,5,Veldhuizen,07:59,075900
14,6,Europaweg,08:00,080000
14,7,De Balije,08:01,080100
14,8,Boekbinderslaan,08:03,080300
14,9,Meernbrug,08:04,080400
14,10,De Meern-Oost,08:06,080600
14,11,Eerste Westerparklaan,08:08,080800
14,12,Korianderstraat,08:11,081100
14,13,Centrumboulevard,08:12,081200
14,14,Station Leidsche Rijn,08:13,081300
14,15,Thomas à Kempisplantsoen,08:16,081600
14,16,Majellapark,08:17,081700
14,17,Hasebroekstraat,08:19,081900
14,18,Moskeeplein,08:21,082100
14,19,CS Centrumzijde,08:24,082400
14,20,CS Centrumzijde,08:27,082700
14,21,Neude,08:31,083100
14,22,Janskerkhof,08:33,083300
14,23,Stadsschouwburg,08:34,083400
14,24,Wittevrouwen,08:36,083600
14,25,Oorsprongpark,08:37,083700
14,26,Rijnsweerd-Noord,08:39,083900
14,27,Rijnsweerd-Zuid,08:41,084100
14,28,Padualaan,08:43,084300
14,29,Heidelberglaan,08:44,084400
14,30,UMC Utrecht,08:45,084500
14,31,WKZ / PMC,08:47,084700
14,32,Haltenaam onbekend,08:51,085100
15,1,Station Vleuten,08:00,080000
15,2,Eyckenstein,08:02,080200
15,3,Vleuterweide-Centrum,08:03,080300
15,4,De Tuinlanden,08:05,080500
15,5,Veldhuizen,08:07,080700
15,6,Europaweg,08:08,080800
15,7,De Balije,08:09,080900
15,8,Boekbinderslaan,08:11,081100
15,9,Meernbrug,08:12,081200
15,10,De Meern-Oost,08:14,081400
15,11,Eerste Westerparklaan,08:16,081600
15,12,Korianderstraat,08:19,081900
15,13,Centrumboulevard,08:20,082000
15,14,Station Leidsche Rijn,08:21,082100
15,15,Thomas à Kempisplantsoen,08:24,082400
15,16,Majellapark,08:25,082500
15,17,Hasebroekstraat,08:27,082700
15,18,Moskeeplein,08:29,082900
15,19,CS Centrumzijde,08:32,083200
15,20,CS Centrumzijde,08:35,083500
15,21,Neude,08:39,083900
15,22,Janskerkhof,08:41,084100
15,23,Stadsschouwburg,08:42,084200
15,24,Wittevrouwen,08:44,084400
15,25,Oorsprongpark,08:45,084500
15,26,Rijnsweerd-Noord,08:47,084700
15,27,Rijnsweerd-Zuid,08:49,084900
15,28,Padualaan,08:51,085100
15,29,Heidelberglaan,08:52,085200
15,30,UMC Utrecht,08:53,085300
15,31,WKZ / PMC,08:55,085500
15,32,Haltenaam onbekend,08:59,085900
16,1,Station Vleuten,08:07,080700
16,2,Eyckenstein,08:09,080900
16,3,Vleuterweide-Centrum,08:10,081000
16,4,De Tuinlanden,08:12,081200
16,5,Veldhuizen,08:14,081400
16,6,Europaweg,08:15,081500
16,7,De Balije,08:16,081600
16,8,Boekbinderslaan,08:18,081800
16,9,Meernbrug,08:19,081900
16,10,De Meern-Oost,08:21,082100
16,11,Eerste Westerparklaan,08:23,082300
16,12,Korianderstraat,08:26,082600
16,13,Centrumboulevard,08:27,082700
16,14,Station Leidsche Rijn,08:28,082800
16,15,Thomas à Kempisplantsoen,08:31,083100
16,16,Majellapark,08:32,083200
16,17,Hasebroekstraat,08:34,083400
16,18,Moskeeplein,08:36,083600
16,19,CS Centrumzijde,08:39,083900
16,20,CS Centrumzijde,08:42,084200
16,21,Neude,08:46,084600
16,22,Janskerkhof,08:48,084800
16,23,Stadsschouwburg,08:49,084900
16,24,Wittevrouwen,08:51,085100
16,25,Oorsprongpark,08:52,085200
16,26,Rijnsweerd-Noord,08:54,085400
16,27,Rijnsweerd-Zuid,08:56,085600
16,28,Padualaan,08:58,085800
16,29,Heidelberglaan,08:59,085900
16,30,UMC Utrecht,09:00,090000
16,31,WKZ / PMC,09:02,090200
16,32,Haltenaam onbekend,09:06,090600
17,1,Station Vleuten,08:16,081600
17,2,Eyckenstein,08:18,081800
17,3,Vleuterweide-Centrum,08:19,081900
17,4,De Tuinlanden,08:21,082100
17,5,Veldhuizen,08:23,082300
17,6,Europaweg,08:24,082400
17,7,De Balije,08:25,082500
17,8,Boekbinderslaan,08:27,082700
17,9,Meernbrug,08:28,082800
17,10,De Meern-Oost,08:30,083000
17,11,Eerste Westerparklaan,08:32,083200
17,12,Korianderstraat,08:35,083500
17,13,Centrumboulevard,08:36,083600
17,14,Station Leidsche Rijn,08:37,083700
17,15,Thomas à Kempisplantsoen,08:39,083900
17,16,Majellapark,08:40,084000
17,17,Hasebroekstraat,08:42,084200
17,18,Moskeeplein,08:44,084400
17,19,CS Centrumzijde,08:47,084700
17,20,CS Centrumzijde,08:50,085000
17,21,Neude,08:54,085400
17,22,Janskerkhof,08:56,085600
17,23,Stadsschouwburg,08:57,085700
17,24,Wittevrouwen,08:59,085900
17,25,Oorsprongpark,09:00,090000
17,26,Rijnsweerd-Noord,09:02,090200
17,27,Rijnsweerd-Zuid,09:04,090400
17,28,Padualaan,09:06,090600
17,29,Heidelberglaan,09:07,090700
17,30,UMC Utrecht,09:08,090800
17,31,WKZ / PMC,09:10,091000
17,32,Haltenaam onbekend,09:14,091400
18,1,Station Vleuten,08:23,082300
18,2,Eyckenstein,08:25,082500
18,3,Vleuterweide-Centrum,08:26,082600
18,4,De Tuinlanden,08:28,082800
18,5,Veldhuizen,08:30,083000
18,6,Europaweg,08:31,083100
18,7,De Balije,08:32,083200
18,8,Boekbinderslaan,08:34,083400
18,9,Meernbrug,08:35,083500
18,10,De Meern-Oost,08:37,083700
18,11,Eerste Westerparklaan,08:39,083900
18,12,Korianderstraat,08:42,084200
18,13,Centrumboulevard,08:43,084300
18,14,Station Leidsche Rijn,08:44,084400
18,15,Thomas à Kempisplantsoen,08:46,084600
18,16,Majellapark,08:47,084700
18,17,Hasebroekstraat,08:49,084900
18,18,Moskeeplein,08:51,085100
18,19,CS Centrumzijde,08:54,085400
18,20,CS Centrumzijde,08:57,085700
18,21,Neude,09:01,090100
18,22,Janskerkhof,09:03,090300
18,23,Stadsschouwburg,09:04,090400
18,24,Wittevrouwen,09:06,090600
18,25,Oorsprongpark,09:07,090700
18,26,Rijnsweerd-Noord,09:09,090900
18,27,Rijnsweerd-Zuid,09:11,091100
18,28,Padualaan,09:13,091300
18,29,Heidelberglaan,09:14,091400
18,30,UMC Utrecht,09:15,091500
18,31,WKZ / PMC,09:17,091700
18,32,Haltenaam onbekend,09:21,092100
19,1,Station Vleuten,08:32,083200
19,2,Eyckenstein,08:34,083400
19,3,Vleuterweide-Centrum,08:35,083500
19,4,De Tuinlanden,08:37,083700
19,5,Veldhuizen,08:39,083900
19,6,Europaweg,08:40,084000
19,7,De Balije,08:41,084100
19,8,Boekbinderslaan,08:42,084200
19,9,Meernbrug,08:43,084300
19,10,De Meern-Oost,08:45,084500
19,11,Eerste Westerparklaan,08:47,084700
19,12,Korianderstraat,08:50,085000
19,13,Centrumboulevard,08:51,085100
19,14,Station Leidsche Rijn,08:52,085200
19,15,Thomas à Kempisplantsoen,08:54,085400
19,16,Majellapark,08:55,085500
19,17,Hasebroekstraat,08:57,085700
19,18,Moskeeplein,08:59,085900
19,19,CS Centrumzijde,09:02,090200
19,20,CS Centrumzijde,09:05,090500
19,21,Neude,09:09,090900
19,22,Janskerkhof,09:11,091100
19,23,Stadsschouwburg,09:12,091200
19,24,Wittevrouwen,09:14,091400
19,25,Oorsprongpark,09:15,091500
19,26,Rijnsweerd-Noord,09:17,091700
19,27,Rijnsweerd-Zuid,09:19,091900
19,28,Padualaan,09:21,092100
19,29,Heidelberglaan,09:22,092200
19,30,UMC Utrecht,09:23,092300
19,31,WKZ / PMC,09:25,092500
19,32,Haltenaam onbekend,09:29,092900
20,1,Station Vleuten,08:39,083900
20,2,Eyckenstein,08:41,084100
20,3,Vleuterweide-Centrum,08:42,084200
20,4,De Tuinlanden,08:44,084400
20,5,Veldhuizen,08:46,084600
20,6,Europaweg,08:47,084700
20,7,De Balije,08:48,084800
20,8,Boekbinderslaan,08:49,084900
20,9,Meernbrug,08:50,085000
20,10,De Meern-Oost,08:52,085200
20,11,Eerste Westerparklaan,08:54,085400
20,12,Korianderstraat,08:57,085700
20,13,Centrumboulevard,08:58,085800
20,14,Station Leidsche Rijn,08:59,085900
20,15,Thomas à Kempisplantsoen,09:01,090100
20,16,Majellapark,09:02,090200
20,17,Hasebroekstraat,09:04,090400
20,18,Moskeeplein,09:06,090600
20,19,CS Centrumzijde,09:09,090900
20,20,CS Centrumzijde,09:12,091200
20,21,Neude,09:16,091600
20,22,Janskerkhof,09:18,091800
20,23,Stadsschouwburg,09:19,091900
20,24,Wittevrouwen,09:21,092100
20,25,Oorsprongpark,09:22,092200
20,26,Rijnsweerd-Noord,09:24,092400
20,27,Rijnsweerd-Zuid,09:26,092600
20,28,Padualaan,09:28,092800
20,29,Heidelberglaan,09:29,092900
20,30,UMC Utrecht,09:30,093000
20,31,WKZ / PMC,09:32,093200
20,32,Haltenaam onbekend,09:36,093600
21,1,Station Vleuten,08:47,084700
21,2,Eyckenstein,08:49,084900
21,3,Vleuterweide-Centrum,08:50,085000
21,4,De Tuinlanden,08:52,085200
21,5,Veldhuizen,08:54,085400
21,6,Europaweg,08:55,085500
21,7,De Balije,08:56,085600
21,8,Boekbinderslaan,08:57,085700
21,9,Meernbrug,08:58,085800
21,10,De Meern-Oost,09:00,090000
21,11,Eerste Westerparklaan,09:02,090200
21,12,Korianderstraat,09:05,090500
21,13,Centrumboulevard,09:06,090600
21,14,Station Leidsche Rijn,09:07,090700
21,15,Thomas à Kempisplantsoen,09:09,090900
21,16,Majellapark,09:10,091000
21,17,Hasebroekstraat,09:12,091200
21,18,Moskeeplein,09:14,091400
21,19,CS Centrumzijde,09:17,091700
21,20,CS Centrumzijde,09:20,092000
21,21,Neude,09:24,092400
21,22,Janskerkhof,09:26,092600
21,23,Stadsschouwburg,09:27,092700
21,24,Wittevrouwen,09:29,092900
21,25,Oorsprongpark,09:30,093000
21,26,Rijnsweerd-Noord,09:32,093200
21,27,Rijnsweerd-Zuid,09:34,093400
21,28,Padualaan,09:36,093600
21,29,Heidelberglaan,09:37,093700
21,30,UMC Utrecht,09:38,093800
21,31,WKZ / PMC,09:40,094000
21,32,Haltenaam onbekend,09:44,094400
22,1,Station Vleuten,08:54,085400
22,2,Eyckenstein,08:56,085600
22,3,Vleuterweide-Centrum,08:57,085700
22,4,De Tuinlanden,08:59,085900
22,5,Veldhuizen,09:01,090100
22,6,Europaweg,09:02,090200
22,7,De Balije,09:03,090300
22,8,Boekbinderslaan,09:04,090400
22,9,Meernbrug,09:05,090500
22,10,De Meern-Oost,09:07,090700
22,11,Eerste Westerparklaan,09:09,090900
22,12,Korianderstraat,09:12,091200
22,13,Centrumboulevard,09:13,091300
22,14,Station Leidsche Rijn,09:14,091400
22,15,Thomas à Kempisplantsoen,09:16,091600
22,16,Majellapark,09:17,091700
22,17,Hasebroekstraat,09:19,091900
22,18,Moskeeplein,09:21,092100
22,19,CS Centrumzijde,09:24,092400
22,20,CS Centrumzijde,09:27,092700
22,21,Neude,09:31,093100
22,22,Janskerkhof,09:33,093300
22,23,Stadsschouwburg,09:34,093400
22,24,Wittevrouwen,09:36,093600
22,25,Oorsprongpark,09:37,093700
22,26,Rijnsweerd-Noord,09:39,093900
22,27,Rijnsweerd-Zuid,09:41,094100
22,28,Padualaan,09:43,094300
22,29,Heidelberglaan,09:44,094400
22,30,UMC Utrecht,09:45,094500
22,31,WKZ / PMC,09:47,094700
22,32,Haltenaam onbekend,09:51,095100
23,1,Station Vleuten,09:02,090200
23,2,Eyckenstein,09:04,090400
23,3,Vleuterweide-Centrum,09:05,090500
23,4,De Tuinlanden,09:07,090700
23,5,Veldhuizen,09:09,090900
23,6,Europaweg,09:10,091000
23,7,De Balije,09:11,091100
23,8,Boekbinderslaan,09:12,091200
23,9,Meernbrug,09:13,091300
23,10,De Meern-Oost,09:15,091500
23,11,Eerste Westerparklaan,09:17,091700
23,12,Korianderstraat,09:20,092000
23,13,Centrumboulevard,09:21,092100
23,14,Station Leidsche Rijn,09:22,092200
23,15,Thomas à Kempisplantsoen,09:24,092400
23,16,Majellapark,09:25,092500
23,17,Hasebroekstraat,09:27,092700
23,18,Moskeeplein,09:29,092900
23,19,CS Centrumzijde,09:32,093200
23,20,CS Centrumzijde,09:35,093500
23,21,Neude,09:39,093900
23,22,Janskerkhof,09:41,094100
23,23,Stadsschouwburg,09:42,094200
23,24,Wittevrouwen,09:44,094400
23,25,Oorsprongpark,09:45,094500
23,26,Rijnsweerd-Noord,09:47,094700
23,27,Rijnsweerd-Zuid,09:49,094900
23,28,Padualaan,09:51,095100
23,29,Heidelberglaan,09:52,095200
23,30,UMC Utrecht,09:53,095300
23,31,WKZ / PMC,09:55,095500
23,32,Haltenaam onbekend,09:59,095900
24,1,Station Vleuten,09:09,090900
24,2,Eyckenstein,09:11,091100
24,3,Vleuterweide-Centrum,09:12,091200
24,4,De Tuinlanden,09:14,091400
24,5,Veldhuizen,09:16,091600
24,6,Europaweg,09:17,091700
24,7,De Balije,09:18,091800
24,8,Boekbinderslaan,09:19,091900
24,9,Meernbrug,09:20,092000
24,10,De Meern-Oost,09:22,092200
24,11,Eerste Westerparklaan,09:24,092400
24,12,Korianderstraat,09:27,092700
24,13,Centrumboulevard,09:28,092800
24,14,Station Leidsche Rijn,09:29,092900
24,15,Thomas à Kempisplantsoen,09:31,093100
24,16,Majellapark,09:32,093200
24,17,Hasebroekstraat,09:34,093400
24,18,Moskeeplein,09:36,093600
24,19,CS Centrumzijde,09:39,093900
24,20,CS Centrumzijde,09:42,094200
24,21,Neude,09:46,094600
24,22,Janskerkhof,09:48,094800
24,23,Stadsschouwburg,09:49,094900
24,24,Wittevrouwen,09:51,095100
24,25,Oorsprongpark,09:52,095200
24,26,Rijnsweerd-Noord,09:54,095400
24,27,Rijnsweerd-Zuid,09:56,095600
24,28,Padualaan,09:58,095800
24,29,Heidelberglaan,09:59,095900
24,30,UMC Utrecht,10:00,100000
24,31,WKZ / PMC,10:02,100200
24,32,Haltenaam onbekend,10:06,100600
25,1,Station Vleuten,09:19,091900
25,2,Eyckenstein,09:21,092100
25,3,Vleuterweide-Centrum,09:22,092200
25,4,De Tuinlanden,09:24,092400
25,5,Veldhuizen,09:26,092600
25,6,Europaweg,09:27,092700
25,7,De Balije,09:28,092800
25,8,Boekbinderslaan,09:29,092900
25,9,Meernbrug,09:30,093000
25,10,De Meern-Oost,09:32,093200
25,11,Eerste Westerparklaan,09:34,093400
25,12,Korianderstraat,09:37,093700
25,13,Centrumboulevard,09:38,093800
25,14,Station Leidsche Rijn,09:39,093900
25,15,Thomas à Kempisplantsoen,09:41,094100
25,16,Majellapark,09:42,094200
25,17,Hasebroekstraat,09:44,094400
25,18,Moskeeplein,09:46,094600
25,19,CS Centrumzijde,09:49,094900
25,20,CS Centrumzijde,09:52,095200
25,21,Neude,09:56,095600
25,22,Janskerkhof,09:58,095800
25,23,Stadsschouwburg,09:59,095900
25,24,Wittevrouwen,10:01,100100
25,25,Oorsprongpark,10:02,100200
25,26,Rijnsweerd-Noord,10:04,100400
25,27,Rijnsweerd-Zuid,10:06,100600
25,28,Padualaan,10:08,100800
25,29,Heidelberglaan,10:09,100900
25,30,UMC Utrecht,10:10,101000
25,31,WKZ / PMC,10:12,101200
25,32,Haltenaam onbekend,10:16,101600
26,1,Station Vleuten,09:29,092900
26,2,Eyckenstein,09:31,093100
26,3,Vleuterweide-Centrum,09:32,093200
26,4,De Tuinlanden,09:34,093400
26,5,Veldhuizen,09:36,093600
26,6,Europaweg,09:37,093700
26,7,De Balije,09:38,093800
26,8,Boekbinderslaan,09:39,093900
26,9,Meernbrug,09:40,094000
26,10,De Meern-Oost,09:42,094200
26,11,Eerste Westerparklaan,09:44,094400
26,12,Korianderstraat,09:47,094700
26,13,Centrumboulevard,09:48,094800
26,14,Station Leidsche Rijn,09:49,094900
26,15,Thomas à Kempisplantsoen,09:51,095100
26,16,Majellapark,09:52,095200
26,17,Hasebroekstraat,09:54,095400
26,18,Moskeeplein,09:56,095600
26,19,CS Centrumzijde,09:59,095900
26,20,CS Centrumzijde,10:02,100200
26,21,Neude,10:06,100600
26,22,Janskerkhof,10:08,100800
26,23,Stadsschouwburg,10:09,100900
26,24,Wittevrouwen,10:11,101100
26,25,Oorsprongpark,10:12,101200
26,26,Rijnsweerd-Noord,10:14,101400
26,27,Rijnsweerd-Zuid,10:16,101600
26,28,Padualaan,10:18,101800
26,29,Heidelberglaan,10:19,101900
26,30,UMC Utrecht,10:20,102000
26,31,WKZ / PMC,10:22,102200
26,32,Haltenaam onbekend,10:26,102600
27,1,Station Vleuten,09:39,093900
27,2,Eyckenstein,09:41,094100
27,3,Vleuterweide-Centrum,09:42,094200
27,4,De Tuinlanden,09:44,094400
27,5,Veldhuizen,09:46,094600
27,6,Europaweg,09:47,094700
27,7,De Balije,09:48,094800
27,8,Boekbinderslaan,09:49,094900
27,9,Meernbrug,09:50,095000
27,10,De Meern-Oost,09:52,095200
27,11,Eerste Westerparklaan,09:54,095400
27,12,Korianderstraat,09:57,095700
27,13,Centrumboulevard,09:58,095800
27,14,Station Leidsche Rijn,09:59,095900
27,15,Thomas à Kempisplantsoen,10:01,100100
27,16,Majellapark,10:02,100200
27,17,Hasebroekstraat,10:04,100400
27,18,Moskeeplein,10:06,100600
27,19,CS Centrumzijde,10:09,100900
27,20,CS Centrumzijde,10:12,101200
27,21,Neude,10:16,101600
27,22,Janskerkhof,10:18,101800
27,23,Stadsschouwburg,10:19,101900
27,24,Wittevrouwen,10:21,102100
27,25,Oorsprongpark,10:22,102200
27,26,Rijnsweerd-Noord,10:24,102400
27,27,Rijnsweerd-Zuid,10:26,102600
27,28,Padualaan,10:28,102800
27,29,Heidelberglaan,10:29,102900
27,30,UMC Utrecht,10:30,103000
27,31,WKZ / PMC,10:32,103200
27,32,Haltenaam onbekend,10:36,103600
28,1,Station Vleuten,09:49,094900
28,2,Eyckenstein,09:51,095100
28,3,Vleuterweide-Centrum,09:52,095200
28,4,De Tuinlanden,09:54,095400
28,5,Veldhuizen,09:56,095600
28,6,Europaweg,09:57,095700
28,7,De Balije,09:58,095800
28,8,Boekbinderslaan,09:59,095900
28,9,Meernbrug,10:00,100000
28,10,De Meern-Oost,10:02,100200
28,11,Eerste Westerparklaan,10:04,100400
28,12,Korianderstraat,10:07,100700
28,13,Centrumboulevard,10:08,100800
28,14,Station Leidsche Rijn,10:09,100900
28,15,Thomas à Kempisplantsoen,10:11,101100
28,16,Majellapark,10:12,101200
28,17,Hasebroekstraat,10:14,101400
28,18,Moskeeplein,10:16,101600
28,19,CS Centrumzijde,10:19,101900
28,20,CS Centrumzijde,10:22,102200
28,21,Neude,10:26,102600
28,22,Janskerkhof,10:28,102800
28,23,Stadsschouwburg,10:29,102900
28,24,Wittevrouwen,10:31,103100
28,25,Oorsprongpark,10:32,103200
28,26,Rijnsweerd-Noord,10:34,103400
28,27,Rijnsweerd-Zuid,10:36,103600
28,28,Padualaan,10:38,103800
28,29,Heidelberglaan,10:39,103900
28,30,UMC Utrecht,10:40,104000
28,31,WKZ / PMC,10:42,104200
28,32,Haltenaam onbekend,10:46,104600
29,1,Station Vleuten,09:59,095900
29,2,Eyckenstein,10:01,100100
29,3,Vleuterweide-Centrum,10:02,100200
29,4,De Tuinlanden,10:04,100400
29,5,Veldhuizen,10:06,100600
29,6,Europaweg,10:07,100700
29,7,De Balije,10:08,100800
29,8,Boekbinderslaan,10:09,100900
29,9,Meernbrug,10:10,101000
29,10,De Meern-Oost,10:12,101200
29,11,Eerste Westerparklaan,10:14,101400
29,12,Korianderstraat,10:17,101700
29,13,Centrumboulevard,10:18,101800
29,14,Station Leidsche Rijn,10:19,101900
29,15,Thomas à Kempisplantsoen,10:21,102100
29,16,Majellapark,10:22,102200
29,17,Hasebroekstraat,10:24,102400
29,18,Moskeeplein,10:26,102600
29,19,CS Centrumzijde,10:29,102900
29,20,CS Centrumzijde,10:32,103200
29,21,Neude,10:36,103600
29,22,Janskerkhof,10:38,103800
29,23,Stadsschouwburg,10:39,103900
29,24,Wittevrouwen,10:41,104100
29,25,Oorsprongpark,10:42,104200
29,26,Rijnsweerd-Noord,10:44,104400
29,27,Rijnsweerd-Zuid,10:46,104600
29,28,Padualaan,10:48,104800
29,29,Heidelberglaan,10:49,104900
29,30,UMC Utrecht,10:50,105000
29,31,WKZ / PMC,10:52,105200
29,32,Haltenaam onbekend,10:56,105600
30,1,Station Vleuten,10:09,100900
30,2,Eyckenstein,10:11,101100
30,3,Vleuterweide-Centrum,10:12,101200
30,4,De Tuinlanden,10:14,101400
30,5,Veldhuizen,10:16,101600
30,6,Europaweg,10:17,101700
30,7,De Balije,10:18,101800
30,8,Boekbinderslaan,10:19,101900
30,9,Meernbrug,10:20,102000
30,10,De Meern-Oost,10:22,102200
30,11,Eerste Westerparklaan,10:24,102400
30,12,Korianderstraat,10:27,102700
30,13,Centrumboulevard,10:28,102800
30,14,Station Leidsche Rijn,10:29,102900
30,15,Thomas à Kempisplantsoen,10:31,103100
30,16,Majellapark,10:32,103200
30,17,Hasebroekstraat,10:34,103400
30,18,Moskeeplein,10:36,103600
30,19,CS Centrumzijde,10:39,103900
30,20,CS Centrumzijde,10:42,104200
30,21,Neude,10:46,104600
30,22,Janskerkhof,10:48,104800
30,23,Stadsschouwburg,10:49,104900
30,24,Wittevrouwen,10:51,105100
30,25,Oorsprongpark,10:52,105200
30,26,Rijnsweerd-Noord,10:54,105400
30,27,Rijnsweerd-Zuid,10:56,105600
30,28,Padualaan,10:58,105800
30,29,Heidelberglaan,10:59,105900
30,30,UMC Utrecht,11:00,110000
30,31,WKZ / PMC,11:02,110200
30,32,Haltenaam onbekend,11:06,110600
31,1,Station Vleuten,10:19,101900
31,2,Eyckenstein,10:21,102100
31,3,Vleuterweide-Centrum,10:22,102200
31,4,De Tuinlanden,10:24,102400
31,5,Veldhuizen,10:26,102600
31,6,Europaweg,10:27,102700
31,7,De Balije,10:28,102800
31,8,Boekbinderslaan,10:29,102900
31,9,Meernbrug,10:30,103000
31,10,De Meern-Oost,10:32,103200
31,11,Eerste Westerparklaan,10:34,103400
31,12,Korianderstraat,10:37,103700
31,13,Centrumboulevard,10:38,103800
31,14,Station Leidsche Rijn,10:39,103900
31,15,Thomas à Kempisplantsoen,10:41,104100
31,16,Majellapark,10:42,104200
31,17,Hasebroekstraat,10:44,104400
31,18,Moskeeplein,10:46,104600
31,19,CS Centrumzijde,10:49,104900
31,20,CS Centrumzijde,10:52,105200
31,21,Neude,10:56,105600
31,22,Janskerkhof,10:58,105800
31,23,Stadsschouwburg,10:59,105900
31,24,Wittevrouwen,11:01,110100
31,25,Oorsprongpark,11:02,110200
31,26,Rijnsweerd-Noord,11:04,110400
31,27,Rijnsweerd-Zuid,11:06,110600
31,28,Padualaan,11:08,110800
31,29,Heidelberglaan,11:09,110900
31,30,UMC Utrecht,11:10,111000
31,31,WKZ / PMC,11:12,111200
31,32,Haltenaam onbekend,11:16,111600
32,1,Station Vleuten,10:29,102900
32,2,Eyckenstein,10:31,103100
32,3,Vleuterweide-Centrum,10:32,103200
32,4,De Tuinlanden,10:34,103400
32,5,Veldhuizen,10:36,103600
32,6,Europaweg,10:37,103700
32,7,De Balije,10:38,103800
32,8,Boekbinderslaan,10:39,103900
32,9,Meernbrug,10:40,104000
32,10,De Meern-Oost,10:42,104200
32,11,Eerste Westerparklaan,10:44,104400
32,12,Korianderstraat,10:47,104700
32,13,Centrumboulevard,10:48,104800
32,14,Station Leidsche Rijn,10:49,104900
32,15,Thomas à Kempisplantsoen,10:51,105100
32,16,Majellapark,10:52,105200
32,17,Hasebroekstraat,10:54,105400
32,18,Moskeeplein,10:56,105600
32,19,CS Centrumzijde,10:59,105900
32,20,CS Centrumzijde,11:02,110200
32,21,Neude,11:06,110600
32,22,Janskerkhof,11:08,110800
32,23,Stadsschouwburg,11:09,110900
32,24,Wittevrouwen,11:11,111100
32,25,Oorsprongpark,11:12,111200
32,26,Rijnsweerd-Noord,11:14,111400
32,27,Rijnsweerd-Zuid,11:16,111600
32,28,Padualaan,11:18,111800
32,29,Heidelberglaan,11:19,111900
32,30,UMC Utrecht,11:20,112000
32,31,WKZ / PMC,11:22,112200
32,32,Haltenaam onbekend,11:26,112600
33,1,Station Vleuten,10:39,103900
33,2,Eyckenstein,10:41,104100
33,3,Vleuterweide-Centrum,10:42,104200
33,4,De Tuinlanden,10:44,104400
33,5,Veldhuizen,10:46,104600
33,6,Europaweg,10:47,104700
33,7,De Balije,10:48,104800
33,8,Boekbinderslaan,10:49,104900
33,9,Meernbrug,10:50,105000
33,10,De Meern-Oost,10:52,105200
33,11,Eerste Westerparklaan,10:54,105400
33,12,Korianderstraat,10:57,105700
33,13,Centrumboulevard,10:58,105800
33,14,Station Leidsche Rijn,10:59,105900
33,15,Thomas à Kempisplantsoen,11:01,110100
33,16,Majellapark,11:02,110200
33,17,Hasebroekstraat,11:04,110400
33,18,Moskeeplein,11:06,110600
33,19,CS Centrumzijde,11:09,110900
33,20,CS Centrumzijde,11:12,111200
33,21,Neude,11:16,111600
33,22,Janskerkhof,11:18,111800
33,23,Stadsschouwburg,11:19,111900
33,24,Wittevrouwen,11:21,112100
33,25,Oorsprongpark,11:22,112200
33,26,Rijnsweerd-Noord,11:24,112400
33,27,Rijnsweerd-Zuid,11:26,112600
33,28,Padualaan,11:28,112800
33,29,Heidelberglaan,11:29,112900
33,30,UMC Utrecht,11:30,113000
33,31,WKZ / PMC,11:32,113200
33,32,Haltenaam onbekend,11:36,113600
34,1,Station Vleuten,10:49,104900
34,2,Eyckenstein,10:51,105100
34,3,Vleuterweide-Centrum,10:52,105200
34,4,De Tuinlanden,10:54,105400
34,5,Veldhuizen,10:56,105600
34,6,Europaweg,10:57,105700
34,7,De Balije,10:58,105800
34,8,Boekbinderslaan,10:59,105900
34,9,Meernbrug,11:00,110000
34,10,De Meern-Oost,11:02,110200
34,11,Eerste Westerparklaan,11:04,110400
34,12,Korianderstraat,11:07,110700
34,13,Centrumboulevard,11:08,110800
34,14,Station Leidsche Rijn,11:09,110900
34,15,Thomas à Kempisplantsoen,11:11,111100
34,16,Majellapark,11:12,111200
34,17,Hasebroekstraat,11:14,111400
34,18,Moskeeplein,11:16,111600
34,19,CS Centrumzijde,11:19,111900
34,20,CS Centrumzijde,11:22,112200
34,21,Neude,11:26,112600
34,22,Janskerkhof,11:28,112800
34,23,Stadsschouwburg,11:29,112900
34,24,Wittevrouwen,11:31,113100
34,25,Oorsprongpark,11:32,113200
34,26,Rijnsweerd-Noord,11:34,113400
34,27,Rijnsweerd-Zuid,11:36,113600
34,28,Padualaan,11:38,113800
34,29,Heidelberglaan,11:39,113900
34,30,UMC Utrecht,11:40,114000
34,31,WKZ / PMC,11:42,114200
34,32,Haltenaam onbekend,11:46,114600
35,1,Station Vleuten,10:59,105900
35,2,Eyckenstein,11:01,110100
35,3,Vleuterweide-Centrum,11:02,110200
35,4,De Tuinlanden,11:04,110400
35,5,Veldhuizen,11:06,110600
35,6,Europaweg,11:07,110700
35,7,De Balije,11:08,110800
35,8,Boekbinderslaan,11:09,110900
35,9,Meernbrug,11:10,111000
35,10,De Meern-Oost,11:12,111200
35,11,Eerste Westerparklaan,11:14,111400
35,12,Korianderstraat,11:17,111700
35,13,Centrumboulevard,11:18,111800
35,14,Station Leidsche Rijn,11:19,111900
35,15,Thomas à Kempisplantsoen,11:21,112100
35,16,Majellapark,11:22,112200
35,17,Hasebroekstraat,11:24,112400
35,18,Moskeeplein,11:26,112600
35,19,CS Centrumzijde,11:29,112900
35,20,CS Centrumzijde,11:32,113200
35,21,Neude,11:36,113600
35,22,Janskerkhof,11:38,113800
35,23,Stadsschouwburg,11:39,113900
35,24,Wittevrouwen,11:41,114100
35,25,Oorsprongpark,11:42,114200
35,26,Rijnsweerd-Noord,11:44,114400
35,27,Rijnsweerd-Zuid,11:46,114600
35,28,Padualaan,11:48,114800
35,29,Heidelberglaan,11:49,114900
35,30,UMC Utrecht,11:50,115000
35,31,WKZ / PMC,11:52,115200
35,32,Haltenaam onbekend,11:56,115600
36,1,Station Vleuten,11:09,110900
36,2,Eyckenstein,11:11,111100
36,3,Vleuterweide-Centrum,11:12,111200
36,4,De Tuinlanden,11:14,111400
36,5,Veldhuizen,11:16,111600
36,6,Europaweg,11:17,111700
36,7,De Balije,11:18,111800
36,8,Boekbinderslaan,11:19,111900
36,9,Meernbrug,11:20,112000
36,10,De Meern-Oost,11:22,112200
36,11,Eerste Westerparklaan,11:24,112400
36,12,Korianderstraat,11:27,112700
36,13,Centrumboulevard,11:28,112800
36,14,Station Leidsche Rijn,11:29,112900
36,15,Thomas à Kempisplantsoen,11:31,113100
36,16,Majellapark,11:32,113200
36,17,Hasebroekstraat,11:34,113400
36,18,Moskeeplein,11:36,113600
36,19,CS Centrumzijde,11:39,113900
36,20,CS Centrumzijde,11:42,114200
36,21,Neude,11:46,114600
36,22,Janskerkhof,11:48,114800
36,23,Stadsschouwburg,11:49,114900
36,24,Wittevrouwen,11:51,115100
36,25,Oorsprongpark,11:52,115200
36,26,Rijnsweerd-Noord,11:54,115400
36,27,Rijnsweerd-Zuid,11:56,115600
36,28,Padualaan,11:58,115800
36,29,Heidelberglaan,11:59,115900
36,30,UMC Utrecht,12:00,120000
36,31,WKZ / PMC,12:02,120200
36,32,Haltenaam onbekend,12:06,120600
37,1,Station Vleuten,11:19,111900
37,2,Eyckenstein,11:21,112100
37,3,Vleuterweide-Centrum,11:22,112200
37,4,De Tuinlanden,11:24,112400
37,5,Veldhuizen,11:26,112600
37,6,Europaweg,11:27,112700
37,7,De Balije,11:28,112800
37,8,Boekbinderslaan,11:29,112900
37,9,Meernbrug,11:30,113000
37,10,De Meern-Oost,11:32,113200
37,11,Eerste Westerparklaan,11:34,113400
37,12,Korianderstraat,11:37,113700
37,13,Centrumboulevard,11:38,113800
37,14,Station Leidsche Rijn,11:39,113900
37,15,Thomas à Kempisplantsoen,11:41,114100
37,16,Majellapark,11:42,114200
37,17,Hasebroekstraat,11:44,114400
37,18,Moskeeplein,11:46,114600
37,19,CS Centrumzijde,11:49,114900
37,20,CS Centrumzijde,11:52,115200
37,21,Neude,11:56,115600
37,22,Janskerkhof,11:58,115800
37,23,Stadsschouwburg,11:59,115900
37,24,Wittevrouwen,12:01,120100
37,25,Oorsprongpark,12:02,120200
37,26,Rijnsweerd-Noord,12:04,120400
37,27,Rijnsweerd-Zuid,12:06,120600
37,28,Padualaan,12:08,120800
37,29,Heidelberglaan,12:09,120900
37,30,UMC Utrecht,12:10,121000
37,31,WKZ / PMC,12:12,121200
37,32,Haltenaam onbekend,12:16,121600
38,1,Station Vleuten,11:29,112900
38,2,Eyckenstein,11:31,113100
38,3,Vleuterweide-Centrum,11:32,113200
38,4,De Tuinlanden,11:34,113400
38,5,Veldhuizen,11:36,113600
38,6,Europaweg,11:37,113700
38,7,De Balije,11:38,113800
38,8,Boekbinderslaan,11:39,113900
38,9,Meernbrug,11:40,114000
38,10,De Meern-Oost,11:42,114200
38,11,Eerste Westerparklaan,11:44,114400
38,12,Korianderstraat,11:47,114700
38,13,Centrumboulevard,11:48,114800
38,14,Station Leidsche Rijn,11:49,114900
38,15,Thomas à Kempisplantsoen,11:51,115100
38,16,Majellapark,11:52,115200
38,17,Hasebroekstraat,11:54,115400
38,18,Moskeeplein,11:56,115600
38,19,CS Centrumzijde,11:59,115900
38,20,CS Centrumzijde,12:02,120200
38,21,Neude,12:06,120600
38,22,Janskerkhof,12:08,120800
38,23,Stadsschouwburg,12:09,120900
38,24,Wittevrouwen,12:11,121100
38,25,Oorsprongpark,12:12,121200
38,26,Rijnsweerd-Noord,12:14,121400
38,27,Rijnsweerd-Zuid,12:16,121600
38,28,Padualaan,12:18,121800
38,29,Heidelberglaan,12:19,121900
38,30,UMC Utrecht,12:20,122000
38,31,WKZ / PMC,12:22,122200
38,32,Haltenaam onbekend,12:26,122600
39,1,Station Vleuten,11:39,113900
39,2,Eyckenstein,11:41,114100
39,3,Vleuterweide-Centrum,11:42,114200
39,4,De Tuinlanden,11:44,114400
39,5,Veldhuizen,11:46,114600
39,6,Europaweg,11:47,114700
39,7,De Balije,11:48,114800
39,8,Boekbinderslaan,11:49,114900
39,9,Meernbrug,11:50,115000
39,10,De Meern-Oost,11:52,115200
39,11,Eerste Westerparklaan,11:54,115400
39,12,Korianderstraat,11:57,115700
39,13,Centrumboulevard,11:58,115800
39,14,Station Leidsche Rijn,11:59,115900
39,15,Thomas à Kempisplantsoen,12:01,120100
39,16,Majellapark,12:02,120200
39,17,Hasebroekstraat,12:04,120400
39,18,Moskeeplein,12:06,120600
39,19,CS Centrumzijde,12:09,120900
39,20,CS Centrumzijde,12:12,121200
39,21,Neude,12:16,121600
39,22,Janskerkhof,12:18,121800
39,23,Stadsschouwburg,12:19,121900
39,24,Wittevrouwen,12:21,122100
39,25,Oorsprongpark,12:22,122200
39,26,Rijnsweerd-Noord,12:24,122400
39,27,Rijnsweerd-Zuid,12:26,122600
39,28,Padualaan,12:28,122800
39,29,Heidelberglaan,12:29,122900
39,30,UMC Utrecht,12:30,123000
39,31,WKZ / PMC,12:32,123200
39,32,Haltenaam onbekend,12:36,123600
40,1,Station Vleuten,11:49,114900
40,2,Eyckenstein,11:51,115100
40,3,Vleuterweide-Centrum,11:52,115200
40,4,De Tuinlanden,11:54,115400
40,5,Veldhuizen,11:56,115600
40,6,Europaweg,11:57,115700
40,7,De Balije,11:58,115800
40,8,Boekbinderslaan,11:59,115900
40,9,Meernbrug,12:00,120000
40,10,De Meern-Oost,12:02,120200
40,11,Eerste Westerparklaan,12:04,120400
40,12,Korianderstraat,12:07,120700
40,13,Centrumboulevard,12:08,120800
40,14,Station Leidsche Rijn,12:09,120900
40,15,Thomas à Kempisplantsoen,12:11,121100
40,16,Majellapark,12:12,121200
40,17,Hasebroekstraat,12:14,121400
40,18,Moskeeplein,12:16,121600
40,19,CS Centrumzijde,12:19,121900
40,20,CS Centrumzijde,12:22,122200
40,21,Neude,12:26,122600
40,22,Janskerkhof,12:28,122800
40,23,Stadsschouwburg,12:29,122900
40,24,Wittevrouwen,12:31,123100
40,25,Oorsprongpark,12:32,123200
40,26,Rijnsweerd-Noord,12:34,123400
40,27,Rijnsweerd-Zuid,12:36,123600
40,28,Padualaan,12:38,123800
40,29,Heidelberglaan,12:39,123900
40,30,UMC Utrecht,12:40,124000
40,31,WKZ / PMC,12:42,124200
40,32,Haltenaam onbekend,12:46,124600
41,1,Station Vleuten,11:59,115900
41,2,Eyckenstein,12:01,120100
41,3,Vleuterweide-Centrum,12:02,120200
41,4,De Tuinlanden,12:04,120400
41,5,Veldhuizen,12:06,120600
41,6,Europaweg,12:07,120700
41,7,De Balije,12:08,120800
41,8,Boekbinderslaan,12:09,120900
41,9,Meernbrug,12:10,121000
41,10,De Meern-Oost,12:12,121200
41,11,Eerste Westerparklaan,12:14,121400
41,12,Korianderstraat,12:17,121700
41,13,Centrumboulevard,12:18,121800
41,14,Station Leidsche Rijn,12:19,121900
41,15,Thomas à Kempisplantsoen,12:21,122100
41,16,Majellapark,12:22,122200
41,17,Hasebroekstraat,12:24,122400
41,18,Moskeeplein,12:26,122600
41,19,CS Centrumzijde,12:29,122900
41,20,CS Centrumzijde,12:32,123200
41,21,Neude,12:36,123600
41,22,Janskerkhof,12:38,123800
41,23,Stadsschouwburg,12:39,123900
41,24,Wittevrouwen,12:41,124100
41,25,Oorsprongpark,12:42,124200
41,26,Rijnsweerd-Noord,12:44,124400
41,27,Rijnsweerd-Zuid,12:46,124600
41,28,Padualaan,12:48,124800
41,29,Heidelberglaan,12:49,124900
41,30,UMC Utrecht,12:50,125000
41,31,WKZ / PMC,12:52,125200
41,32,Haltenaam onbekend,12:56,125600
42,1,Station Vleuten,12:09,120900
42,2,Eyckenstein,12:11,121100
42,3,Vleuterweide-Centrum,12:12,121200
42,4,De Tuinlanden,12:14,121400
42,5,Veldhuizen,12:16,121600
42,6,Europaweg,12:17,121700
42,7,De Balije,12:18,121800
42,8,Boekbinderslaan,12:19,121900
42,9,Meernbrug,12:20,122000
42,10,De Meern-Oost,12:22,122200
42,11,Eerste Westerparklaan,12:24,122400
42,12,Korianderstraat,12:27,122700
42,13,Centrumboulevard,12:28,122800
42,14,Station Leidsche Rijn,12:29,122900
42,15,Thomas à Kempisplantsoen,12:31,123100
42,16,Majellapark,12:32,123200
42,17,Hasebroekstraat,12:34,123400
42,18,Moskeeplein,12:36,123600
42,19,CS Centrumzijde,12:39,123900
42,20,CS Centrumzijde,12:42,124200
42,21,Neude,12:46,124600
42,22,Janskerkhof,12:48,124800
42,23,Stadsschouwburg,12:49,124900
42,24,Wittevrouwen,12:51,125100
42,25,Oorsprongpark,12:52,125200
42,26,Rijnsweerd-Noord,12:54,125400
42,27,Rijnsweerd-Zuid,12:56,125600
42,28,Padualaan,12:58,125800
42,29,Heidelberglaan,12:59,125900
42,30,UMC Utrecht,13:00,130000
42,31,WKZ / PMC,13:02,130200
42,32,Haltenaam onbekend,13:06,130600
43,1,Station Vleuten,12:19,121900
43,2,Eyckenstein,12:21,122100
43,3,Vleuterweide-Centrum,12:22,122200
43,4,De Tuinlanden,12:24,122400
43,5,Veldhuizen,12:26,122600
43,6,Europaweg,12:27,122700
43,7,De Balije,12:28,122800
43,8,Boekbinderslaan,12:29,122900
43,9,Meernbrug,12:30,123000
43,10,De Meern-Oost,12:32,123200
43,11,Eerste Westerparklaan,12:34,123400
43,12,Korianderstraat,12:37,123700
43,13,Centrumboulevard,12:38,123800
43,14,Station Leidsche Rijn,12:39,123900
43,15,Thomas à Kempisplantsoen,12:41,124100
43,16,Majellapark,12:42,124200
43,17,Hasebroekstraat,12:44,124400
43,18,Moskeeplein,12:46,124600
43,19,CS Centrumzijde,12:49,124900
43,20,CS Centrumzijde,12:52,125200
43,21,Neude,12:56,125600
43,22,Janskerkhof,12:58,125800
43,23,Stadsschouwburg,12:59,125900
43,24,Wittevrouwen,13:01,130100
43,25,Oorsprongpark,13:02,130200
43,26,Rijnsweerd-Noord,13:04,130400
43,27,Rijnsweerd-Zuid,13:06,130600
43,28,Padualaan,13:08,130800
43,29,Heidelberglaan,13:09,130900
43,30,UMC Utrecht,13:10,131000
43,31,WKZ / PMC,13:12,131200
43,32,Haltenaam onbekend,13:16,131600
44,1,Station Vleuten,12:29,122900
44,2,Eyckenstein,12:31,123100
44,3,Vleuterweide-Centrum,12:32,123200
44,4,De Tuinlanden,12:34,123400
44,5,Veldhuizen,12:36,123600
44,6,Europaweg,12:37,123700
44,7,De Balije,12:38,123800
44,8,Boekbinderslaan,12:39,123900
44,9,Meernbrug,12:40,124000
44,10,De Meern-Oost,12:42,124200
44,11,Eerste Westerparklaan,12:44,124400
44,12,Korianderstraat,12:47,124700
44,13,Centrumboulevard,12:48,124800
44,14,Station Leidsche Rijn,12:49,124900
44,15,Thomas à Kempisplantsoen,12:51,125100
44,16,Majellapark,12:52,125200
44,17,Hasebroekstraat,12:54,125400
44,18,Moskeeplein,12:56,125600
44,19,CS Centrumzijde,12:59,125900
44,20,CS Centrumzijde,13:02,130200
44,21,Neude,13:06,130600
44,22,Janskerkhof,13:08,130800
44,23,Stadsschouwburg,13:09,130900
44,24,Wittevrouwen,13:11,131100
44,25,Oorsprongpark,13:12,131200
44,26,Rijnsweerd-Noord,13:14,131400
44,27,Rijnsweerd-Zuid,13:16,131600
44,28,Padualaan,13:18,131800
44,29,Heidelberglaan,13:19,131900
44,30,UMC Utrecht,13:20,132000
44,31,WKZ / PMC,13:22,132200
44,32,Haltenaam onbekend,13:26,132600
45,1,Station Vleuten,12:39,123900
45,2,Eyckenstein,12:41,124100
45,3,Vleuterweide-Centrum,12:42,124200
45,4,De Tuinlanden,12:44,124400
45,5,Veldhuizen,12:46,124600
45,6,Europaweg,12:47,124700
45,7,De Balije,12:48,124800
45,8,Boekbinderslaan,12:49,124900
45,9,Meernbrug,12:50,125000
45,10,De Meern-Oost,12:52,125200
45,11,Eerste Westerparklaan,12:54,125400
45,12,Korianderstraat,12:57,125700
45,13,Centrumboulevard,12:58,125800
45,14,Station Leidsche Rijn,12:59,125900
45,15,Thomas à Kempisplantsoen,13:01,130100
45,16,Majellapark,13:02,130200
45,17,Hasebroekstraat,13:04,130400
45,18,Moskeeplein,13:06,130600
45,19,CS Centrumzijde,13:09,130900
45,20,CS Centrumzijde,13:12,131200
45,21,Neude,13:16,131600
45,22,Janskerkhof,13:18,131800
45,23,Stadsschouwburg,13:19,131900
45,24,Wittevrouwen,13:21,132100
45,25,Oorsprongpark,13:22,132200
45,26,Rijnsweerd-Noord,13:24,132400
45,27,Rijnsweerd-Zuid,13:26,132600
45,28,Padualaan,13:28,132800
45,29,Heidelberglaan,13:29,132900
45,30,UMC Utrecht,13:30,133000
45,31,WKZ / PMC,13:32,133200
45,32,Haltenaam onbekend,13:36,133600
46,1,Station Vleuten,12:49,124900
46,2,Eyckenstein,12:51,125100
46,3,Vleuterweide-Centrum,12:52,125200
46,4,De Tuinlanden,12:54,125400
46,5,Veldhuizen,12:56,125600
46,6,Europaweg,12:57,125700
46,7,De Balije,12:58,125800
46,8,Boekbinderslaan,12:59,125900
46,9,Meernbrug,13:00,130000
46,10,De Meern-Oost,13:02,130200
46,11,Eerste Westerparklaan,13:04,130400
46,12,Korianderstraat,13:07,130700
46,13,Centrumboulevard,13:08,130800
46,14,Station Leidsche Rijn,13:09,130900
46,15,Thomas à Kempisplantsoen,13:11,131100
46,16,Majellapark,13:12,131200
46,17,Hasebroekstraat,13:14,131400
46,18,Moskeeplein,13:16,131600
46,19,CS Centrumzijde,13:19,131900
46,20,CS Centrumzijde,13:22,132200
46,21,Neude,13:26,132600
46,22,Janskerkhof,13:28,132800
46,23,Stadsschouwburg,13:29,132900
46,24,Wittevrouwen,13:31,133100
46,25,Oorsprongpark,13:32,133200
46,26,Rijnsweerd-Noord,13:34,133400
46,27,Rijnsweerd-Zuid,13:36,133600
46,28,Padualaan,13:38,133800
46,29,Heidelberglaan,13:39,133900
46,30,UMC Utrecht,13:40,134000
46,31,WKZ / PMC,13:42,134200
46,32,Haltenaam onbekend,13:46,134600
47,1,Station Vleuten,12:59,125900
47,2,Eyckenstein,13:01,130100
47,3,Vleuterweide-Centrum,13:02,130200
47,4,De Tuinlanden,13:04,130400
47,5,Veldhuizen,13:06,130600
47,6,Europaweg,13:07,130700
47,7,De Balije,13:08,130800
47,8,Boekbinderslaan,13:09,130900
47,9,Meernbrug,13:10,131000
47,10,De Meern-Oost,13:12,131200
47,11,Eerste Westerparklaan,13:14,131400
47,12,Korianderstraat,13:17,131700
47,13,Centrumboulevard,13:18,131800
47,14,Station Leidsche Rijn,13:19,131900
47,15,Thomas à Kempisplantsoen,13:21,132100
47,16,Majellapark,13:22,132200
47,17,Hasebroekstraat,13:24,132400
47,18,Moskeeplein,13:26,132600
47,19,CS Centrumzijde,13:29,132900
47,20,CS Centrumzijde,13:32,133200
47,21,Neude,13:36,133600
47,22,Janskerkhof,13:38,133800
47,23,Stadsschouwburg,13:39,133900
47,24,Wittevrouwen,13:41,134100
47,25,Oorsprongpark,13:42,134200
47,26,Rijnsweerd-Noord,13:44,134400
47,27,Rijnsweerd-Zuid,13:46,134600
47,28,Padualaan,13:48,134800
47,29,Heidelberglaan,13:49,134900
47,30,UMC Utrecht,13:50,135000
47,31,WKZ / PMC,13:52,135200
47,32,Haltenaam onbekend,13:56,135600
48,1,Station Vleuten,13:09,130900
48,2,Eyckenstein,13:11,131100
48,3,Vleuterweide-Centrum,13:12,131200
48,4,De Tuinlanden,13:14,131400
48,5,Veldhuizen,13:16,131600
48,6,Europaweg,13:17,131700
48,7,De Balije,13:18,131800
48,8,Boekbinderslaan,13:19,131900
48,9,Meernbrug,13:20,132000
48,10,De Meern-Oost,13:22,132200
48,11,Eerste Westerparklaan,13:24,132400
48,12,Korianderstraat,13:27,132700
48,13,Centrumboulevard,13:28,132800
48,14,Station Leidsche Rijn,13:29,132900
48,15,Thomas à Kempisplantsoen,13:31,133100
48,16,Majellapark,13:32,133200
48,17,Hasebroekstraat,13:34,133400
48,18,Moskeeplein,13:36,133600
48,19,CS Centrumzijde,13:39,133900
48,20,CS Centrumzijde,13:42,134200
48,21,Neude,13:46,134600
48,22,Janskerkhof,13:48,134800
48,23,Stadsschouwburg,13:49,134900
48,24,Wittevrouwen,13:51,135100
48,25,Oorsprongpark,13:52,135200
48,26,Rijnsweerd-Noord,13:54,135400
48,27,Rijnsweerd-Zuid,13:56,135600
48,28,Padualaan,13:58,135800
48,29,Heidelberglaan,13:59,135900
48,30,UMC Utrecht,14:00,140000
48,31,WKZ / PMC,14:02,140200
48,32,Haltenaam onbekend,14:06,140600
49,1,Station Vleuten,13:19,131900
49,2,Eyckenstein,13:21,132100
49,3,Vleuterweide-Centrum,13:22,132200
49,4,De Tuinlanden,13:24,132400
49,5,Veldhuizen,13:26,132600
49,6,Europaweg,13:27,132700
49,7,De Balije,13:28,132800
49,8,Boekbinderslaan,13:29,132900
49,9,Meernbrug,13:30,133000
49,10,De Meern-Oost,13:32,133200
49,11,Eerste Westerparklaan,13:34,133400
49,12,Korianderstraat,13:37,133700
49,13,Centrumboulevard,13:38,133800
49,14,Station Leidsche Rijn,13:39,133900
49,15,Thomas à Kempisplantsoen,13:41,134100
49,16,Majellapark,13:42,134200
49,17,Hasebroekstraat,13:44,134400
49,18,Moskeeplein,13:46,134600
49,19,CS Centrumzijde,13:49,134900
49,20,CS Centrumzijde,13:52,135200
49,21,Neude,13:56,135600
49,22,Janskerkhof,13:58,135800
49,23,Stadsschouwburg,13:59,135900
49,24,Wittevrouwen,14:01,140100
49,25,Oorsprongpark,14:02,140200
49,26,Rijnsweerd-Noord,14:04,140400
49,27,Rijnsweerd-Zuid,14:06,140600
49,28,Padualaan,14:08,140800
49,29,Heidelberglaan,14:09,140900
49,30,UMC Utrecht,14:10,141000
49,31,WKZ / PMC,14:12,141200
49,32,Haltenaam onbekend,14:16,141600
50,1,Station Vleuten,13:29,132900
50,2,Eyckenstein,13:31,133100
50,3,Vleuterweide-Centrum,13:32,133200
50,4,De Tuinlanden,13:34,133400
50,5,Veldhuizen,13:36,133600
50,6,Europaweg,13:37,133700
50,7,De Balije,13:38,133800
50,8,Boekbinderslaan,13:39,133900
50,9,Meernbrug,13:40,134000
50,10,De Meern-Oost,13:42,134200
50,11,Eerste Westerparklaan,13:44,134400
50,12,Korianderstraat,13:47,134700
50,13,Centrumboulevard,13:48,134800
50,14,Station Leidsche Rijn,13:49,134900
50,15,Thomas à Kempisplantsoen,13:51,135100
50,16,Majellapark,13:52,135200
50,17,Hasebroekstraat,13:54,135400
50,18,Moskeeplein,13:56,135600
50,19,CS Centrumzijde,13:59,135900
50,20,CS Centrumzijde,14:02,140200
50,21,Neude,14:06,140600
50,22,Janskerkhof,14:08,140800
50,23,Stadsschouwburg,14:09,140900
50,24,Wittevrouwen,14:11,141100
50,25,Oorsprongpark,14:12,141200
50,26,Rijnsweerd-Noord,14:14,141400
50,27,Rijnsweerd-Zuid,14:16,141600
50,28,Padualaan,14:18,141800
50,29,Heidelberglaan,14:19,141900
50,30,UMC Utrecht,14:20,142000
50,31,WKZ / PMC,14:22,142200
50,32,Haltenaam onbekend,14:26,142600
51,1,Station Vleuten,13:39,133900
51,2,Eyckenstein,13:41,134100
51,3,Vleuterweide-Centrum,13:42,134200
51,4,De Tuinlanden,13:44,134400
51,5,Veldhuizen,13:46,134600
51,6,Europaweg,13:47,134700
51,7,De Balije,13:48,134800
51,8,Boekbinderslaan,13:49,134900
51,9,Meernbrug,13:50,135000
51,10,De Meern-Oost,13:52,135200
51,11,Eerste Westerparklaan,13:54,135400
51,12,Korianderstraat,13:57,135700
51,13,Centrumboulevard,13:58,135800
51,14,Station Leidsche Rijn,13:59,135900
51,15,Thomas à Kempisplantsoen,14:01,140100
51,16,Majellapark,14:02,140200
51,17,Hasebroekstraat,14:04,140400
51,18,Moskeeplein,14:06,140600
51,19,CS Centrumzijde,14:09,140900
51,20,CS Centrumzijde,14:12,141200
51,21,Neude,14:16,141600
51,22,Janskerkhof,14:18,141800
51,23,Stadsschouwburg,14:19,141900
51,24,Wittevrouwen,14:21,142100
51,25,Oorsprongpark,14:22,142200
51,26,Rijnsweerd-Noord,14:24,142400
51,27,Rijnsweerd-Zuid,14:26,142600
51,28,Padualaan,14:28,142800
51,29,Heidelberglaan,14:29,142900
51,30,UMC Utrecht,14:30,143000
51,31,WKZ / PMC,14:32,143200
51,32,Haltenaam onbekend,14:36,143600
52,1,Station Vleuten,13:49,134900
52,2,Eyckenstein,13:51,135100
52,3,Vleuterweide-Centrum,13:52,135200
52,4,De Tuinlanden,13:54,135400
52,5,Veldhuizen,13:56,135600
52,6,Europaweg,13:57,135700
52,7,De Balije,13:58,135800
52,8,Boekbinderslaan,13:59,135900
52,9,Meernbrug,14:00,140000
52,10,De Meern-Oost,14:02,140200
52,11,Eerste Westerparklaan,14:04,140400
52,12,Korianderstraat,14:07,140700
52,13,Centrumboulevard,14:08,140800
52,14,Station Leidsche Rijn,14:09,140900
52,15,Thomas à Kempisplantsoen,14:11,141100
52,16,Majellapark,14:12,141200
52,17,Hasebroekstraat,14:14,141400
52,18,Moskeeplein,14:16,141600
52,19,CS Centrumzijde,14:19,141900
52,20,CS Centrumzijde,14:22,142200
52,21,Neude,14:26,142600
52,22,Janskerkhof,14:28,142800
52,23,Stadsschouwburg,14:29,142900
52,24,Wittevrouwen,14:31,143100
52,25,Oorsprongpark,14:32,143200
52,26,Rijnsweerd-Noord,14:34,143400
52,27,Rijnsweerd-Zuid,14:36,143600
52,28,Padualaan,14:38,143800
52,29,Heidelberglaan,14:39,143900
52,30,UMC Utrecht,14:40,144000
52,31,WKZ / PMC,14:42,144200
52,32,Haltenaam onbekend,14:46,144600
53,1,Station Vleuten,13:59,135900
53,2,Eyckenstein,14:01,140100
53,3,Vleuterweide-Centrum,14:02,140200
53,4,De Tuinlanden,14:04,140400
53,5,Veldhuizen,14:06,140600
53,6,Europaweg,14:07,140700
53,7,De Balije,14:08,140800
53,8,Boekbinderslaan,14:09,140900
53,9,Meernbrug,14:10,141000
53,10,De Meern-Oost,14:12,141200
53,11,Eerste Westerparklaan,14:14,141400
53,12,Korianderstraat,14:17,141700
53,13,Centrumboulevard,14:18,141800
53,14,Station Leidsche Rijn,14:19,141900
53,15,Thomas à Kempisplantsoen,14:21,142100
53,16,Majellapark,14:22,142200
53,17,Hasebroekstraat,14:24,142400
53,18,Moskeeplein,14:26,142600
53,19,CS Centrumzijde,14:29,142900
53,20,CS Centrumzijde,14:32,143200
53,21,Neude,14:36,143600
53,22,Janskerkhof,14:38,143800
53,23,Stadsschouwburg,14:39,143900
53,24,Wittevrouwen,14:41,144100
53,25,Oorsprongpark,14:42,144200
53,26,Rijnsweerd-Noord,14:44,144400
53,27,Rijnsweerd-Zuid,14:46,144600
53,28,Padualaan,14:48,144800
53,29,Heidelberglaan,14:49,144900
53,30,UMC Utrecht,14:50,145000
53,31,WKZ / PMC,14:52,145200
53,32,Haltenaam onbekend,14:56,145600
54,1,Station Vleuten,14:09,140900
54,2,Eyckenstein,14:11,141100
54,3,Vleuterweide-Centrum,14:12,141200
54,4,De Tuinlanden,14:14,141400
54,5,Veldhuizen,14:16,141600
54,6,Europaweg,14:17,141700
54,7,De Balije,14:18,141800
54,8,Boekbinderslaan,14:19,141900
54,9,Meernbrug,14:20,142000
54,10,De Meern-Oost,14:22,142200
54,11,Eerste Westerparklaan,14:24,142400
54,12,Korianderstraat,14:27,142700
54,13,Centrumboulevard,14:28,142800
54,14,Station Leidsche Rijn,14:29,142900
54,15,Thomas à Kempisplantsoen,14:31,143100
54,16,Majellapark,14:32,143200
54,17,Hasebroekstraat,14:34,143400
54,18,Moskeeplein,14:36,143600
54,19,CS Centrumzijde,14:39,143900
54,20,CS Centrumzijde,14:42,144200
54,21,Neude,14:46,144600
54,22,Janskerkhof,14:48,144800
54,23,Stadsschouwburg,14:49,144900
54,24,Wittevrouwen,14:51,145100
54,25,Oorsprongpark,14:52,145200
54,26,Rijnsweerd-Noord,14:54,145400
54,27,Rijnsweerd-Zuid,14:56,145600
54,28,Padualaan,14:58,145800
54,29,Heidelberglaan,14:59,145900
54,30,UMC Utrecht,15:00,150000
54,31,WKZ / PMC,15:02,150200
54,32,Haltenaam onbekend,15:06,150600
55,1,Station Vleuten,14:19,141900
55,2,Eyckenstein,14:21,142100
55,3,Vleuterweide-Centrum,14:22,142200
55,4,De Tuinlanden,14:24,142400
55,5,Veldhuizen,14:26,142600
55,6,Europaweg,14:27,142700
55,7,De Balije,14:28,142800
55,8,Boekbinderslaan,14:29,142900
55,9,Meernbrug,14:30,143000
55,10,De Meern-Oost,14:32,143200
55,11,Eerste Westerparklaan,14:34,143400
55,12,Korianderstraat,14:37,143700
55,13,Centrumboulevard,14:38,143800
55,14,Station Leidsche Rijn,14:39,143900
55,15,Thomas à Kempisplantsoen,14:41,144100
55,16,Majellapark,14:42,144200
55,17,Hasebroekstraat,14:44,144400
55,18,Moskeeplein,14:46,144600
55,19,CS Centrumzijde,14:49,144900
55,20,CS Centrumzijde,14:52,145200
55,21,Neude,14:56,145600
55,22,Janskerkhof,14:58,145800
55,23,Stadsschouwburg,14:59,145900
55,24,Wittevrouwen,15:01,150100
55,25,Oorsprongpark,15:02,150200
55,26,Rijnsweerd-Noord,15:04,150400
55,27,Rijnsweerd-Zuid,15:06,150600
55,28,Padualaan,15:08,150800
55,29,Heidelberglaan,15:09,150900
55,30,UMC Utrecht,15:10,151000
55,31,WKZ / PMC,15:12,151200
55,32,Haltenaam onbekend,15:16,151600
56,1,Station Vleuten,14:29,142900
56,2,Eyckenstein,14:31,143100
56,3,Vleuterweide-Centrum,14:32,143200
56,4,De Tuinlanden,14:34,143400
56,5,Veldhuizen,14:36,143600
56,6,Europaweg,14:37,143700
56,7,De Balije,14:38,143800
56,8,Boekbinderslaan,14:39,143900
56,9,Meernbrug,14:40,144000
56,10,De Meern-Oost,14:42,144200
56,11,Eerste Westerparklaan,14:44,144400
56,12,Korianderstraat,14:47,144700
56,13,Centrumboulevard,14:48,144800
56,14,Station Leidsche Rijn,14:49,144900
56,15,Thomas à Kempisplantsoen,14:51,145100
56,16,Majellapark,14:52,145200
56,17,Hasebroekstraat,14:54,145400
56,18,Moskeeplein,14:56,145600
56,19,CS Centrumzijde,14:59,145900
56,20,CS Centrumzijde,15:02,150200
56,21,Neude,15:06,150600
56,22,Janskerkhof,15:08,150800
56,23,Stadsschouwburg,15:09,150900
56,24,Wittevrouwen,15:11,151100
56,25,Oorsprongpark,15:12,151200
56,26,Rijnsweerd-Noord,15:14,151400
56,27,Rijnsweerd-Zuid,15:16,151600
56,28,Padualaan,15:18,151800
56,29,Heidelberglaan,15:19,151900
56,30,UMC Utrecht,15:20,152000
56,31,WKZ / PMC,15:22,152200
56,32,Haltenaam onbekend,15:26,152600
57,1,Station Vleuten,14:39,143900
57,2,Eyckenstein,14:41,144100
57,3,Vleuterweide-Centrum,14:42,144200
57,4,De Tuinlanden,14:44,144400
57,5,Veldhuizen,14:46,144600
57,6,Europaweg,14:47,144700
57,7,De Balije,14:48,144800
57,8,Boekbinderslaan,14:49,144900
57,9,Meernbrug,14:50,145000
57,10,De Meern-Oost,14:52,145200
57,11,Eerste Westerparklaan,14:54,145400
57,12,Korianderstraat,14:57,145700
57,13,Centrumboulevard,14:58,145800
57,14,Station Leidsche Rijn,14:59,145900
57,15,Thomas à Kempisplantsoen,15:01,150100
57,16,Majellapark,15:02,150200
57,17,Hasebroekstraat,15:04,150400
57,18,Moskeeplein,15:06,150600
57,19,CS Centrumzijde,15:09,150900
57,20,CS Centrumzijde,15:12,151200
57,21,Neude,15:16,151600
57,22,Janskerkhof,15:18,151800
57,23,Stadsschouwburg,15:19,151900
57,24,Wittevrouwen,15:21,152100
57,25,Oorsprongpark,15:22,152200
57,26,Rijnsweerd-Noord,15:24,152400
57,27,Rijnsweerd-Zuid,15:26,152600
57,28,Padualaan,15:28,152800
57,29,Heidelberglaan,15:29,152900
57,30,UMC Utrecht,15:30,153000
57,31,WKZ / PMC,15:32,153200
57,32,Haltenaam onbekend,15:36,153600
58,1,Station Vleuten,14:49,144900
58,2,Eyckenstein,14:51,145100
58,3,Vleuterweide-Centrum,14:52,145200
58,4,De Tuinlanden,14:54,145400
58,5,Veldhuizen,14:56,145600
58,6,Europaweg,14:57,145700
58,7,De Balije,14:58,145800
58,8,Boekbinderslaan,14:59,145900
58,9,Meernbrug,15:00,150000
58,10,De Meern-Oost,15:02,150200
58,11,Eerste Westerparklaan,15:04,150400
58,12,Korianderstraat,15:07,150700
58,13,Centrumboulevard,15:08,150800
58,14,Station Leidsche Rijn,15:09,150900
58,15,Thomas à Kempisplantsoen,15:11,151100
58,16,Majellapark,15:12,151200
58,17,Hasebroekstraat,15:14,151400
58,18,Moskeeplein,15:16,151600
58,19,CS Centrumzijde,15:19,151900
58,20,CS Centrumzijde,15:22,152200
58,21,Neude,15:26,152600
58,22,Janskerkhof,15:28,152800
58,23,Stadsschouwburg,15:29,152900
58,24,Wittevrouwen,15:31,153100
58,25,Oorsprongpark,15:32,153200
58,26,Rijnsweerd-Noord,15:34,153400
58,27,Rijnsweerd-Zuid,15:36,153600
58,28,Padualaan,15:38,153800
58,29,Heidelberglaan,15:39,153900
58,30,UMC Utrecht,15:40,154000
58,31,WKZ / PMC,15:42,154200
58,32,Haltenaam onbekend,15:46,154600
59,1,Station Vleuten,14:59,145900
59,2,Eyckenstein,15:01,150100
59,3,Vleuterweide-Centrum,15:02,150200
59,4,De Tuinlanden,15:04,150400
59,5,Veldhuizen,15:06,150600
59,6,Europaweg,15:07,150700
59,7,De Balije,15:08,150800
59,8,Boekbinderslaan,15:09,150900
59,9,Meernbrug,15:10,151000
59,10,De Meern-Oost,15:12,151200
59,11,Eerste Westerparklaan,15:14,151400
59,12,Korianderstraat,15:17,151700
59,13,Centrumboulevard,15:18,151800
59,14,Station Leidsche Rijn,15:19,151900
59,15,Thomas à Kempisplantsoen,15:21,152100
59,16,Majellapark,15:22,152200
59,17,Hasebroekstraat,15:24,152400
59,18,Moskeeplein,15:26,152600
59,19,CS Centrumzijde,15:29,152900
59,20,CS Centrumzijde,15:32,153200
59,21,Neude,15:36,153600
59,22,Janskerkhof,15:38,153800
59,23,Stadsschouwburg,15:39,153900
59,24,Wittevrouwen,15:41,154100
59,25,Oorsprongpark,15:42,154200
59,26,Rijnsweerd-Noord,15:44,154400
59,27,Rijnsweerd-Zuid,15:46,154600
59,28,Padualaan,15:48,154800
59,29,Heidelberglaan,15:49,154900
59,30,UMC Utrecht,15:50,155000
59,31,WKZ / PMC,15:52,155200
59,32,Haltenaam onbekend,15:56,155600
60,1,Station Vleuten,15:09,150900
60,2,Eyckenstein,15:11,151100
60,3,Vleuterweide-Centrum,15:12,151200
60,4,De Tuinlanden,15:14,151400
60,5,Veldhuizen,15:16,151600
60,6,Europaweg,15:17,151700
60,7,De Balije,15:18,151800
60,8,Boekbinderslaan,15:19,151900
60,9,Meernbrug,15:20,152000
60,10,De Meern-Oost,15:22,152200
60,11,Eerste Westerparklaan,15:24,152400
60,12,Korianderstraat,15:27,152700
60,13,Centrumboulevard,15:28,152800
60,14,Station Leidsche Rijn,15:29,152900
60,15,Thomas à Kempisplantsoen,15:31,153100
60,16,Majellapark,15:32,153200
60,17,Hasebroekstraat,15:34,153400
60,18,Moskeeplein,15:36,153600
60,19,CS Centrumzijde,15:39,153900
60,20,CS Centrumzijde,15:42,154200
60,21,Neude,15:46,154600
60,22,Janskerkhof,15:48,154800
60,23,Stadsschouwburg,15:49,154900
60,24,Wittevrouwen,15:51,155100
60,25,Oorsprongpark,15:52,155200
60,26,Rijnsweerd-Noord,15:54,155400
60,27,Rijnsweerd-Zuid,15:56,155600
60,28,Padualaan,15:58,155800
60,29,Heidelberglaan,15:59,155900
60,30,UMC Utrecht,16:00,160000
60,31,WKZ / PMC,16:02,160200
60,32,Haltenaam onbekend,16:06,160600
61,1,Station Vleuten,15:19,151900
61,2,Eyckenstein,15:21,152100
61,3,Vleuterweide-Centrum,15:22,152200
61,4,De Tuinlanden,15:24,152400
61,5,Veldhuizen,15:26,152600
61,6,Europaweg,15:27,152700
61,7,De Balije,15:28,152800
61,8,Boekbinderslaan,15:29,152900
61,9,Meernbrug,15:30,153000
61,10,De Meern-Oost,15:32,153200
61,11,Eerste Westerparklaan,15:34,153400
61,12,Korianderstraat,15:37,153700
61,13,Centrumboulevard,15:38,153800
61,14,Station Leidsche Rijn,15:39,153900
61,15,Thomas à Kempisplantsoen,15:41,154100
61,16,Majellapark,15:42,154200
61,17,Hasebroekstraat,15:44,154400
61,18,Moskeeplein,15:46,154600
61,19,CS Centrumzijde,15:49,154900
61,20,CS Centrumzijde,15:52,155200
61,21,Neude,15:56,155600
61,22,Janskerkhof,15:58,155800
61,23,Stadsschouwburg,15:59,155900
61,24,Wittevrouwen,16:01,160100
61,25,Oorsprongpark,16:02,160200
61,26,Rijnsweerd-Noord,16:04,160400
61,27,Rijnsweerd-Zuid,16:06,160600
61,28,Padualaan,16:08,160800
61,29,Heidelberglaan,16:09,160900
61,30,UMC Utrecht,16:10,161000
61,31,WKZ / PMC,16:12,161200
61,32,Haltenaam onbekend,16:16,161600
62,1,Station Vleuten,15:29,152900
62,2,Eyckenstein,15:31,153100
62,3,Vleuterweide-Centrum,15:32,153200
62,4,De Tuinlanden,15:34,153400
62,5,Veldhuizen,15:36,153600
62,6,Europaweg,15:37,153700
62,7,De Balije,15:38,153800
62,8,Boekbinderslaan,15:39,153900
62,9,Meernbrug,15:40,154000
62,10,De Meern-Oost,15:42,154200
62,11,Eerste Westerparklaan,15:44,154400
62,12,Korianderstraat,15:47,154700
62,13,Centrumboulevard,15:48,154800
62,14,Station Leidsche Rijn,15:49,154900
62,15,Thomas à Kempisplantsoen,15:51,155100
62,16,Majellapark,15:52,155200
62,17,Hasebroekstraat,15:54,155400
62,18,Moskeeplein,15:56,155600
62,19,CS Centrumzijde,15:59,155900
62,20,CS Centrumzijde,16:02,160200
62,21,Neude,16:06,160600
62,22,Janskerkhof,16:08,160800
62,23,Stadsschouwburg,16:09,160900
62,24,Wittevrouwen,16:11,161100
62,25,Oorsprongpark,16:12,161200
62,26,Rijnsweerd-Noord,16:14,161400
62,27,Rijnsweerd-Zuid,16:16,161600
62,28,Padualaan,16:18,161800
62,29,Heidelberglaan,16:19,161900
62,30,UMC Utrecht,16:20,162000
62,31,WKZ / PMC,16:22,162200
62,32,Haltenaam onbekend,16:26,162600
63,1,Station Vleuten,15:39,153900
63,2,Eyckenstein,15:41,154100
63,3,Vleuterweide-Centrum,15:42,154200
63,4,De Tuinlanden,15:44,154400
63,5,Veldhuizen,15:46,154600
63,6,Europaweg,15:47,154700
63,7,De Balije,15:48,154800
63,8,Boekbinderslaan,15:49,154900
63,9,Meernbrug,15:50,155000
63,10,De Meern-Oost,15:52,155200
63,11,Eerste Westerparklaan,15:54,155400
63,12,Korianderstraat,15:57,155700
63,13,Centrumboulevard,15:58,155800
63,14,Station Leidsche Rijn,15:59,155900
63,15,Thomas à Kempisplantsoen,16:01,160100
63,16,Majellapark,16:02,160200
63,17,Hasebroekstraat,16:04,160400
63,18,Moskeeplein,16:06,160600
63,19,CS Centrumzijde,16:09,160900
63,20,CS Centrumzijde,16:12,161200
63,21,Neude,16:16,161600
63,22,Janskerkhof,16:18,161800
63,23,Stadsschouwburg,16:19,161900
63,24,Wittevrouwen,16:21,162100
63,25,Oorsprongpark,16:22,162200
63,26,Rijnsweerd-Noord,16:24,162400
63,27,Rijnsweerd-Zuid,16:26,162600
63,28,Padualaan,16:28,162800
63,29,Heidelberglaan,16:29,162900
63,30,UMC Utrecht,16:30,163000
63,31,WKZ / PMC,16:32,163200
63,32,Haltenaam onbekend,16:36,163600
64,1,Station Vleuten,15:49,154900
64,2,Eyckenstein,15:51,155100
64,3,Vleuterweide-Centrum,15:52,155200
64,4,De Tuinlanden,15:54,155400
64,5,Veldhuizen,15:56,155600
64,6,Europaweg,15:57,155700
64,7,De Balije,15:58,155800
64,8,Boekbinderslaan,15:59,155900
64,9,Meernbrug,16:00,160000
64,10,De Meern-Oost,16:02,160200
64,11,Eerste Westerparklaan,16:04,160400
64,12,Korianderstraat,16:07,160700
64,13,Centrumboulevard,16:08,160800
64,14,Station Leidsche Rijn,16:09,160900
64,15,Thomas à Kempisplantsoen,16:11,161100
64,16,Majellapark,16:12,161200
64,17,Hasebroekstraat,16:14,161400
64,18,Moskeeplein,16:16,161600
64,19,CS Centrumzijde,16:19,161900
64,20,CS Centrumzijde,16:22,162200
64,21,Neude,16:26,162600
64,22,Janskerkhof,16:28,162800
64,23,Stadsschouwburg,16:29,162900
64,24,Wittevrouwen,16:31,163100
64,25,Oorsprongpark,16:32,163200
64,26,Rijnsweerd-Noord,16:34,163400
64,27,Rijnsweerd-Zuid,16:36,163600
64,28,Padualaan,16:38,163800
64,29,Heidelberglaan,16:39,163900
64,30,UMC Utrecht,16:40,164000
64,31,WKZ / PMC,16:42,164200
64,32,Haltenaam onbekend,16:46,164600
65,1,Station Vleuten,15:59,155900
65,2,Eyckenstein,16:01,160100
65,3,Vleuterweide-Centrum,16:02,160200
65,4,De Tuinlanden,16:04,160400
65,5,Veldhuizen,16:06,160600
65,6,Europaweg,16:07,160700
65,7,De Balije,16:08,160800
65,8,Boekbinderslaan,16:09,160900
65,9,Meernbrug,16:10,161000
65,10,De Meern-Oost,16:12,161200
65,11,Eerste Westerparklaan,16:14,161400
65,12,Korianderstraat,16:17,161700
65,13,Centrumboulevard,16:18,161800
65,14,Station Leidsche Rijn,16:19,161900
65,15,Thomas à Kempisplantsoen,16:21,162100
65,16,Majellapark,16:22,162200
65,17,Hasebroekstraat,16:24,162400
65,18,Moskeeplein,16:26,162600
65,19,CS Centrumzijde,16:29,162900
65,20,CS Centrumzijde,16:32,163200
65,21,Neude,16:36,163600
65,22,Janskerkhof,16:38,163800
65,23,Stadsschouwburg,16:39,163900
65,24,Wittevrouwen,16:41,164100
65,25,Oorsprongpark,16:42,164200
65,26,Rijnsweerd-Noord,16:44,164400
65,27,Rijnsweerd-Zuid,16:46,164600
65,28,Padualaan,16:48,164800
65,29,Heidelberglaan,16:49,164900
65,30,UMC Utrecht,16:50,165000
65,31,WKZ / PMC,16:52,165200
65,32,Haltenaam onbekend,16:56,165600
66,1,Station Vleuten,16:09,160900
66,2,Eyckenstein,16:11,161100
66,3,Vleuterweide-Centrum,16:12,161200
66,4,De Tuinlanden,16:14,161400
66,5,Veldhuizen,16:16,161600
66,6,Europaweg,16:17,161700
66,7,De Balije,16:18,161800
66,8,Boekbinderslaan,16:19,161900
66,9,Meernbrug,16:20,162000
66,10,De Meern-Oost,16:22,162200
66,11,Eerste Westerparklaan,16:24,162400
66,12,Korianderstraat,16:27,162700
66,13,Centrumboulevard,16:28,162800
66,14,Station Leidsche Rijn,16:29,162900
66,15,Thomas à Kempisplantsoen,16:31,163100
66,16,Majellapark,16:32,163200
66,17,Hasebroekstraat,16:34,163400
66,18,Moskeeplein,16:36,163600
66,19,CS Centrumzijde,16:39,163900
66,20,CS Centrumzijde,16:42,164200
66,21,Neude,16:46,164600
66,22,Janskerkhof,16:48,164800
66,23,Stadsschouwburg,16:49,164900
66,24,Wittevrouwen,16:51,165100
66,25,Oorsprongpark,16:52,165200
66,26,Rijnsweerd-Noord,16:54,165400
66,27,Rijnsweerd-Zuid,16:56,165600
66,28,Padualaan,16:58,165800
66,29,Heidelberglaan,16:59,165900
66,30,UMC Utrecht,17:00,170000
66,31,WKZ / PMC,17:02,170200
66,32,Haltenaam onbekend,17:06,170600
67,1,Station Vleuten,16:19,161900
67,2,Eyckenstein,16:21,162100
67,3,Vleuterweide-Centrum,16:22,162200
67,4,De Tuinlanden,16:24,162400
67,5,Veldhuizen,16:26,162600
67,6,Europaweg,16:27,162700
67,7,De Balije,16:28,162800
67,8,Boekbinderslaan,16:29,162900
67,9,Meernbrug,16:30,163000
67,10,De Meern-Oost,16:32,163200
67,11,Eerste Westerparklaan,16:34,163400
67,12,Korianderstraat,16:37,163700
67,13,Centrumboulevard,16:38,163800
67,14,Station Leidsche Rijn,16:39,163900
67,15,Thomas à Kempisplantsoen,16:41,164100
67,16,Majellapark,16:42,164200
67,17,Hasebroekstraat,16:44,164400
67,18,Moskeeplein,16:46,164600
67,19,CS Centrumzijde,16:49,164900
67,20,CS Centrumzijde,16:52,165200
67,21,Neude,16:56,165600
67,22,Janskerkhof,16:58,165800
67,23,Stadsschouwburg,16:59,165900
67,24,Wittevrouwen,17:01,170100
67,25,Oorsprongpark,17:02,170200
67,26,Rijnsweerd-Noord,17:04,170400
67,27,Rijnsweerd-Zuid,17:06,170600
67,28,Padualaan,17:08,170800
67,29,Heidelberglaan,17:09,170900
67,30,UMC Utrecht,17:10,171000
67,31,WKZ / PMC,17:12,171200
67,32,Haltenaam onbekend,17:16,171600
68,1,Station Vleuten,16:29,162900
68,2,Eyckenstein,16:31,163100
68,3,Vleuterweide-Centrum,16:32,163200
68,4,De Tuinlanden,16:34,163400
68,5,Veldhuizen,16:36,163600
68,6,Europaweg,16:37,163700
68,7,De Balije,16:38,163800
68,8,Boekbinderslaan,16:39,163900
68,9,Meernbrug,16:40,164000
68,10,De Meern-Oost,16:42,164200
68,11,Eerste Westerparklaan,16:44,164400
68,12,Korianderstraat,16:47,164700
68,13,Centrumboulevard,16:48,164800
68,14,Station Leidsche Rijn,16:49,164900
68,15,Thomas à Kempisplantsoen,16:51,165100
68,16,Majellapark,16:52,165200
68,17,Hasebroekstraat,16:54,165400
68,18,Moskeeplein,16:56,165600
68,19,CS Centrumzijde,16:59,165900
68,20,CS Centrumzijde,17:02,170200
68,21,Neude,17:06,170600
68,22,Janskerkhof,17:08,170800
68,23,Stadsschouwburg,17:09,170900
68,24,Wittevrouwen,17:11,171100
68,25,Oorsprongpark,17:12,171200
68,26,Rijnsweerd-Noord,17:14,171400
68,27,Rijnsweerd-Zuid,17:16,171600
68,28,Padualaan,17:18,171800
68,29,Heidelberglaan,17:19,171900
68,30,UMC Utrecht,17:20,172000
68,31,WKZ / PMC,17:22,172200
68,32,Haltenaam onbekend,17:26,172600
69,1,Station Vleuten,16:39,163900
69,2,Eyckenstein,16:41,164100
69,3,Vleuterweide-Centrum,16:42,164200
69,4,De Tuinlanden,16:44,164400
69,5,Veldhuizen,16:46,164600
69,6,Europaweg,16:47,164700
69,7,De Balije,16:48,164800
69,8,Boekbinderslaan,16:49,164900
69,9,Meernbrug,16:50,165000
69,10,De Meern-Oost,16:52,165200
69,11,Eerste Westerparklaan,16:54,165400
69,12,Korianderstraat,16:57,165700
69,13,Centrumboulevard,16:58,165800
69,14,Station Leidsche Rijn,16:59,165900
69,15,Thomas à Kempisplantsoen,17:01,170100
69,16,Majellapark,17:02,170200
69,17,Hasebroekstraat,17:04,170400
69,18,Moskeeplein,17:06,170600
69,19,CS Centrumzijde,17:09,170900
69,20,CS Centrumzijde,17:12,171200
69,21,Neude,17:16,171600
69,22,Janskerkhof,17:18,171800
69,23,Stadsschouwburg,17:19,171900
69,24,Wittevrouwen,17:21,172100
69,25,Oorsprongpark,17:22,172200
69,26,Rijnsweerd-Noord,17:24,172400
69,27,Rijnsweerd-Zuid,17:26,172600
69,28,Padualaan,17:28,172800
69,29,Heidelberglaan,17:29,172900
69,30,UMC Utrecht,17:30,173000
69,31,WKZ / PMC,17:32,173200
69,32,Haltenaam onbekend,17:36,173600
70,1,Station Vleuten,16:49,164900
70,2,Eyckenstein,16:51,165100
70,3,Vleuterweide-Centrum,16:52,165200
70,4,De Tuinlanden,16:54,165400
70,5,Veldhuizen,16:56,165600
70,6,Europaweg,16:57,165700
70,7,De Balije,16:58,165800
70,8,Boekbinderslaan,16:59,165900
70,9,Meernbrug,17:00,170000
70,10,De Meern-Oost,17:02,170200
70,11,Eerste Westerparklaan,17:04,170400
70,12,Korianderstraat,17:07,170700
70,13,Centrumboulevard,17:08,170800
70,14,Station Leidsche Rijn,17:09,170900
70,15,Thomas à Kempisplantsoen,17:11,171100
70,16,Majellapark,17:12,171200
70,17,Hasebroekstraat,17:14,171400
70,18,Moskeeplein,17:16,171600
70,19,CS Centrumzijde,17:19,171900
70,20,CS Centrumzijde,17:22,172200
70,21,Neude,17:26,172600
70,22,Janskerkhof,17:28,172800
70,23,Stadsschouwburg,17:29,172900
70,24,Wittevrouwen,17:31,173100
70,25,Oorsprongpark,17:32,173200
70,26,Rijnsweerd-Noord,17:34,173400
70,27,Rijnsweerd-Zuid,17:36,173600
70,28,Padualaan,17:38,173800
70,29,Heidelberglaan,17:39,173900
70,30,UMC Utrecht,17:40,174000
70,31,WKZ / PMC,17:42,174200
70,32,Haltenaam onbekend,17:46,174600
71,1,Station Vleuten,17:00,170000
71,2,Eyckenstein,17:02,170200
71,3,Vleuterweide-Centrum,17:03,170300
71,4,De Tuinlanden,17:05,170500
71,5,Veldhuizen,17:07,170700
71,6,Europaweg,17:08,170800
71,7,De Balije,17:09,170900
71,8,Boekbinderslaan,17:10,171000
71,9,Meernbrug,17:11,171100
71,10,De Meern-Oost,17:13,171300
71,11,Eerste Westerparklaan,17:15,171500
71,12,Korianderstraat,17:18,171800
71,13,Centrumboulevard,17:19,171900
71,14,Station Leidsche Rijn,17:20,172000
71,15,Thomas à Kempisplantsoen,17:22,172200
71,16,Majellapark,17:23,172300
71,17,Hasebroekstraat,17:25,172500
71,18,Moskeeplein,17:27,172700
71,19,CS Centrumzijde,17:30,173000
71,20,CS Centrumzijde,17:33,173300
71,21,Neude,17:37,173700
71,22,Janskerkhof,17:39,173900
71,23,Stadsschouwburg,17:40,174000
71,24,Wittevrouwen,17:42,174200
71,25,Oorsprongpark,17:43,174300
71,26,Rijnsweerd-Noord,17:45,174500
71,27,Rijnsweerd-Zuid,17:47,174700
71,28,Padualaan,17:49,174900
71,29,Heidelberglaan,17:50,175000
71,30,UMC Utrecht,17:51,175100
71,31,WKZ / PMC,17:53,175300
71,32,Haltenaam onbekend,17:56,175600
72,1,Station Vleuten,17:11,171100
72,2,Eyckenstein,17:13,171300
72,3,Vleuterweide-Centrum,17:14,171400
72,4,De Tuinlanden,17:16,171600
72,5,Veldhuizen,17:18,171800
72,6,Europaweg,17:19,171900
72,7,De Balije,17:20,172000
72,8,Boekbinderslaan,17:21,172100
72,9,Meernbrug,17:22,172200
72,10,De Meern-Oost,17:24,172400
72,11,Eerste Westerparklaan,17:26,172600
72,12,Korianderstraat,17:29,172900
72,13,Centrumboulevard,17:30,173000
72,14,Station Leidsche Rijn,17:31,173100
72,15,Thomas à Kempisplantsoen,17:33,173300
72,16,Majellapark,17:34,173400
72,17,Hasebroekstraat,17:36,173600
72,18,Moskeeplein,17:38,173800
72,19,CS Centrumzijde,17:41,174100
72,20,CS Centrumzijde,17:44,174400
72,21,Neude,17:48,174800
72,22,Janskerkhof,17:50,175000
72,23,Stadsschouwburg,17:51,175100
72,24,Wittevrouwen,17:53,175300
72,25,Oorsprongpark,17:54,175400
72,26,Rijnsweerd-Noord,17:56,175600
72,27,Rijnsweerd-Zuid,17:58,175800
72,28,Padualaan,17:59,175900
72,29,Heidelberglaan,18:00,180000
72,30,UMC Utrecht,18:01,180100
72,31,WKZ / PMC,18:03,180300
72,32,Haltenaam onbekend,18:06,180600
73,1,Station Vleuten,17:21,172100
73,2,Eyckenstein,17:23,172300
73,3,Vleuterweide-Centrum,17:24,172400
73,4,De Tuinlanden,17:26,172600
73,5,Veldhuizen,17:28,172800
73,6,Europaweg,17:29,172900
73,7,De Balije,17:30,173000
73,8,Boekbinderslaan,17:31,173100
73,9,Meernbrug,17:32,173200
73,10,De Meern-Oost,17:34,173400
73,11,Eerste Westerparklaan,17:36,173600
73,12,Korianderstraat,17:39,173900
73,13,Centrumboulevard,17:40,174000
73,14,Station Leidsche Rijn,17:41,174100
73,15,Thomas à Kempisplantsoen,17:43,174300
73,16,Majellapark,17:44,174400
73,17,Hasebroekstraat,17:46,174600
73,18,Moskeeplein,17:48,174800
73,19,CS Centrumzijde,17:51,175100
73,20,CS Centrumzijde,17:54,175400
73,21,Neude,17:58,175800
73,22,Janskerkhof,18:00,180000
73,23,Stadsschouwburg,18:01,180100
73,24,Wittevrouwen,18:03,180300
73,25,Oorsprongpark,18:04,180400
73,26,Rijnsweerd-Noord,18:06,180600
73,27,Rijnsweerd-Zuid,18:08,180800
73,28,Padualaan,18:09,180900
73,29,Heidelberglaan,18:10,181000
73,30,UMC Utrecht,18:11,181100
73,31,WKZ / PMC,18:13,181300
73,32,Haltenaam onbekend,18:16,181600
74,1,Station Vleuten,17:31,173100
74,2,Eyckenstein,17:33,173300
74,3,Vleuterweide-Centrum,17:34,173400
74,4,De Tuinlanden,17:36,173600
74,5,Veldhuizen,17:38,173800
74,6,Europaweg,17:39,173900
74,7,De Balije,17:40,174000
74,8,Boekbinderslaan,17:41,174100
74,9,Meernbrug,17:42,174200
74,10,De Meern-Oost,17:44,174400
74,11,Eerste Westerparklaan,17:46,174600
74,12,Korianderstraat,17:49,174900
74,13,Centrumboulevard,17:50,175000
74,14,Station Leidsche Rijn,17:51,175100
74,15,Thomas à Kempisplantsoen,17:53,175300
74,16,Majellapark,17:54,175400
74,17,Hasebroekstraat,17:56,175600
74,18,Moskeeplein,17:58,175800
74,19,CS Centrumzijde,18:01,180100
74,20,CS Centrumzijde,18:04,180400
74,21,Neude,18:08,180800
74,22,Janskerkhof,18:10,181000
74,23,Stadsschouwburg,18:11,181100
74,24,Wittevrouwen,18:13,181300
74,25,Oorsprongpark,18:14,181400
74,26,Rijnsweerd-Noord,18:16,181600
74,27,Rijnsweerd-Zuid,18:18,181800
74,28,Padualaan,18:19,181900
74,29,Heidelberglaan,18:20,182000
74,30,UMC Utrecht,18:21,182100
74,31,WKZ / PMC,18:23,182300
74,32,Haltenaam onbekend,18:26,182600
75,1,Station Vleuten,17:41,174100
75,2,Eyckenstein,17:43,174300
75,3,Vleuterweide-Centrum,17:44,174400
75,4,De Tuinlanden,17:46,174600
75,5,Veldhuizen,17:48,174800
75,6,Europaweg,17:49,174900
75,7,De Balije,17:50,175000
75,8,Boekbinderslaan,17:51,175100
75,9,Meernbrug,17:52,175200
75,10,De Meern-Oost,17:54,175400
75,11,Eerste Westerparklaan,17:56,175600
75,12,Korianderstraat,17:59,175900
75,13,Centrumboulevard,18:00,180000
75,14,Station Leidsche Rijn,18:01,180100
75,15,Thomas à Kempisplantsoen,18:03,180300
75,16,Majellapark,18:04,180400
75,17,Hasebroekstraat,18:06,180600
75,18,Moskeeplein,18:08,180800
75,19,CS Centrumzijde,18:11,181100
75,20,CS Centrumzijde,18:14,181400
75,21,Neude,18:18,181800
75,22,Janskerkhof,18:20,182000
75,23,Stadsschouwburg,18:21,182100
75,24,Wittevrouwen,18:23,182300
75,25,Oorsprongpark,18:24,182400
75,26,Rijnsweerd-Noord,18:26,182600
75,27,Rijnsweerd-Zuid,18:28,182800
75,28,Padualaan,18:29,182900
75,29,Heidelberglaan,18:30,183000
75,30,UMC Utrecht,18:31,183100
75,31,WKZ / PMC,18:33,183300
75,32,Haltenaam onbekend,18:36,183600
76,1,Station Vleuten,17:51,175100
76,2,Eyckenstein,17:53,175300
76,3,Vleuterweide-Centrum,17:54,175400
76,4,De Tuinlanden,17:56,175600
76,5,Veldhuizen,17:58,175800
76,6,Europaweg,17:59,175900
76,7,De Balije,18:00,180000
76,8,Boekbinderslaan,18:01,180100
76,9,Meernbrug,18:02,180200
76,10,De Meern-Oost,18:04,180400
76,11,Eerste Westerparklaan,18:06,180600
76,12,Korianderstraat,18:09,180900
76,13,Centrumboulevard,18:10,181000
76,14,Station Leidsche Rijn,18:11,181100
76,15,Thomas à Kempisplantsoen,18:13,181300
76,16,Majellapark,18:14,181400
76,17,Hasebroekstraat,18:16,181600
76,18,Moskeeplein,18:18,181800
76,19,CS Centrumzijde,18:21,182100
76,20,CS Centrumzijde,18:24,182400
76,21,Neude,18:28,182800
76,22,Janskerkhof,18:30,183000
76,23,Stadsschouwburg,18:31,183100
76,24,Wittevrouwen,18:33,183300
76,25,Oorsprongpark,18:34,183400
76,26,Rijnsweerd-Noord,18:36,183600
76,27,Rijnsweerd-Zuid,18:38,183800
76,28,Padualaan,18:39,183900
76,29,Heidelberglaan,18:40,184000
76,30,UMC Utrecht,18:41,184100
76,31,WKZ / PMC,18:43,184300
76,32,Haltenaam onbekend,18:46,184600
77,1,Station Vleuten,18:01,180100
77,2,Eyckenstein,18:03,180300
77,3,Vleuterweide-Centrum,18:04,180400
77,4,De Tuinlanden,18:06,180600
77,5,Veldhuizen,18:08,180800
77,6,Europaweg,18:09,180900
77,7,De Balije,18:10,181000
77,8,Boekbinderslaan,18:11,181100
77,9,Meernbrug,18:12,181200
77,10,De Meern-Oost,18:14,181400
77,11,Eerste Westerparklaan,18:16,181600
77,12,Korianderstraat,18:19,181900
77,13,Centrumboulevard,18:20,182000
77,14,Station Leidsche Rijn,18:21,182100
77,15,Thomas à Kempisplantsoen,18:23,182300
77,16,Majellapark,18:24,182400
77,17,Hasebroekstraat,18:26,182600
77,18,Moskeeplein,18:28,182800
77,19,CS Centrumzijde,18:31,183100
77,20,CS Centrumzijde,18:34,183400
77,21,Neude,18:38,183800
77,22,Janskerkhof,18:40,184000
77,23,Stadsschouwburg,18:41,184100
77,24,Wittevrouwen,18:43,184300
77,25,Oorsprongpark,18:44,184400
77,26,Rijnsweerd-Noord,18:46,184600
77,27,Rijnsweerd-Zuid,18:48,184800
77,28,Padualaan,18:49,184900
77,29,Heidelberglaan,18:50,185000
77,30,UMC Utrecht,18:51,185100
77,31,WKZ / PMC,18:53,185300
77,32,Haltenaam onbekend,18:56,185600
78,1,Station Vleuten,18:11,181100
78,2,Eyckenstein,18:13,181300
78,3,Vleuterweide-Centrum,18:14,181400
78,4,De Tuinlanden,18:16,181600
78,5,Veldhuizen,18:18,181800
78,6,Europaweg,18:19,181900
78,7,De Balije,18:20,182000
78,8,Boekbinderslaan,18:21,182100
78,9,Meernbrug,18:22,182200
78,10,De Meern-Oost,18:24,182400
78,11,Eerste Westerparklaan,18:26,182600
78,12,Korianderstraat,18:29,182900
78,13,Centrumboulevard,18:30,183000
78,14,Station Leidsche Rijn,18:31,183100
78,15,Thomas à Kempisplantsoen,18:33,183300
78,16,Majellapark,18:34,183400
78,17,Hasebroekstraat,18:36,183600
78,18,Moskeeplein,18:38,183800
78,19,CS Centrumzijde,18:41,184100
78,20,CS Centrumzijde,18:44,184400
78,21,Neude,18:48,184800
78,22,Janskerkhof,18:50,185000
78,23,Stadsschouwburg,18:51,185100
78,24,Wittevrouwen,18:53,185300
78,25,Oorsprongpark,18:54,185400
78,26,Rijnsweerd-Noord,18:56,185600
78,27,Rijnsweerd-Zuid,18:58,185800
78,28,Padualaan,18:59,185900
78,29,Heidelberglaan,19:00,190000
78,30,UMC Utrecht,19:01,190100
78,31,WKZ / PMC,19:03,190300
78,32,Haltenaam onbekend,19:06,190600
79,1,Station Vleuten,18:26,182600
79,2,Eyckenstein,18:28,182800
79,3,Vleuterweide-Centrum,18:29,182900
79,4,De Tuinlanden,18:31,183100
79,5,Veldhuizen,18:33,183300
79,6,Europaweg,18:34,183400
79,7,De Balije,18:35,183500
79,8,Boekbinderslaan,18:36,183600
79,9,Meernbrug,18:37,183700
79,10,De Meern-Oost,18:39,183900
79,11,Eerste Westerparklaan,18:41,184100
79,12,Korianderstraat,18:44,184400
79,13,Centrumboulevard,18:45,184500
79,14,Station Leidsche Rijn,18:46,184600
79,15,Thomas à Kempisplantsoen,18:48,184800
79,16,Majellapark,18:49,184900
79,17,Hasebroekstraat,18:51,185100
79,18,Moskeeplein,18:53,185300
79,19,CS Centrumzijde,18:56,185600
79,20,CS Centrumzijde,18:59,185900
79,21,Neude,19:03,190300
79,22,Janskerkhof,19:05,190500
79,23,Stadsschouwburg,19:06,190600
79,24,Wittevrouwen,19:08,190800
79,25,Oorsprongpark,19:09,190900
79,26,Rijnsweerd-Noord,19:11,191100
79,27,Rijnsweerd-Zuid,19:13,191300
79,28,Padualaan,19:14,191400
79,29,Heidelberglaan,19:15,191500
79,30,UMC Utrecht,19:16,191600
79,31,WKZ / PMC,19:18,191800
79,32,Haltenaam onbekend,19:21,192100
80,1,Station Vleuten,18:41,184100
80,2,Eyckenstein,18:43,184300
80,3,Vleuterweide-Centrum,18:44,184400
80,4,De Tuinlanden,18:46,184600
80,5,Veldhuizen,18:48,184800
80,6,Europaweg,18:49,184900
80,7,De Balije,18:50,185000
80,8,Boekbinderslaan,18:51,185100
80,9,Meernbrug,18:52,185200
80,10,De Meern-Oost,18:54,185400
80,11,Eerste Westerparklaan,18:56,185600
80,12,Korianderstraat,18:59,185900
80,13,Centrumboulevard,19:00,190000
80,14,Station Leidsche Rijn,19:01,190100
80,15,Thomas à Kempisplantsoen,19:03,190300
80,16,Majellapark,19:04,190400
80,17,Hasebroekstraat,19:06,190600
80,18,Moskeeplein,19:08,190800
80,19,CS Centrumzijde,19:11,191100
80,20,CS Centrumzijde,19:14,191400
80,21,Neude,19:18,191800
80,22,Janskerkhof,19:20,192000
80,23,Stadsschouwburg,19:21,192100
80,24,Wittevrouwen,19:23,192300
80,25,Oorsprongpark,19:24,192400
80,26,Rijnsweerd-Noord,19:26,192600
80,27,Rijnsweerd-Zuid,19:28,192800
80,28,Padualaan,19:29,192900
80,29,Heidelberglaan,19:30,193000
80,30,UMC Utrecht,19:31,193100
80,31,WKZ / PMC,19:33,193300
80,32,Haltenaam onbekend,19:36,193600
81,1,Station Vleuten,18:57,185700
81,2,Eyckenstein,18:59,185900
81,3,Vleuterweide-Centrum,19:00,190000
81,4,De Tuinlanden,19:02,190200
81,5,Veldhuizen,19:04,190400
81,6,Europaweg,19:05,190500
81,7,De Balije,19:06,190600
81,8,Boekbinderslaan,19:07,190700
81,9,Meernbrug,19:08,190800
81,10,De Meern-Oost,19:10,191000
81,11,Eerste Westerparklaan,19:12,191200
81,12,Korianderstraat,19:15,191500
81,13,Centrumboulevard,19:16,191600
81,14,Station Leidsche Rijn,19:17,191700
81,15,Thomas à Kempisplantsoen,19:19,191900
81,16,Majellapark,19:20,192000
81,17,Hasebroekstraat,19:22,192200
81,18,Moskeeplein,19:24,192400
81,19,CS Centrumzijde,19:27,192700
81,20,CS Centrumzijde,19:30,193000
81,21,Neude,19:34,193400
81,22,Janskerkhof,19:36,193600
81,23,Stadsschouwburg,19:37,193700
81,24,Wittevrouwen,19:39,193900
81,25,Oorsprongpark,19:40,194000
81,26,Rijnsweerd-Noord,19:42,194200
81,27,Rijnsweerd-Zuid,19:44,194400
81,28,Padualaan,19:45,194500
81,29,Heidelberglaan,19:46,194600
81,30,UMC Utrecht,19:47,194700
81,31,WKZ / PMC,19:48,194800
81,32,Haltenaam onbekend,19:51,195100
82,1,Station Vleuten,19:13,191300
82,2,Eyckenstein,19:15,191500
82,3,Vleuterweide-Centrum,19:16,191600
82,4,De Tuinlanden,19:18,191800
82,5,Veldhuizen,19:20,192000
82,6,Europaweg,19:21,192100
82,7,De Balije,19:22,192200
82,8,Boekbinderslaan,19:23,192300
82,9,Meernbrug,19:24,192400
82,10,De Meern-Oost,19:26,192600
82,11,Eerste Westerparklaan,19:28,192800
82,12,Korianderstraat,19:31,193100
82,13,Centrumboulevard,19:32,193200
82,14,Station Leidsche Rijn,19:33,193300
82,15,Thomas à Kempisplantsoen,19:35,193500
82,16,Majellapark,19:36,193600
82,17,Hasebroekstraat,19:38,193800
82,18,Moskeeplein,19:40,194000
82,19,CS Centrumzijde,19:43,194300
82,20,CS Centrumzijde,19:46,194600
82,21,Neude,19:49,194900
82,22,Janskerkhof,19:51,195100
82,23,Stadsschouwburg,19:52,195200
82,24,Wittevrouwen,19:54,195400
82,25,Oorsprongpark,19:55,195500
82,26,Rijnsweerd-Noord,19:57,195700
82,27,Rijnsweerd-Zuid,19:59,195900
82,28,Padualaan,20:00,200000
82,29,Heidelberglaan,20:01,200100
82,30,UMC Utrecht,20:02,200200
82,31,WKZ / PMC,20:03,200300
82,32,Haltenaam onbekend,20:06,200600
83,1,Station Vleuten,19:29,192900
83,2,Eyckenstein,19:31,193100
83,3,Vleuterweide-Centrum,19:32,193200
83,4,De Tuinlanden,19:34,193400
83,5,Veldhuizen,19:36,193600
83,6,Europaweg,19:37,193700
83,7,De Balije,19:38,193800
83,8,Boekbinderslaan,19:39,193900
83,9,Meernbrug,19:40,194000
83,10,De Meern-Oost,19:42,194200
83,11,Eerste Westerparklaan,19:44,194400
83,12,Korianderstraat,19:46,194600
83,13,Centrumboulevard,19:47,194700
83,14,Station Leidsche Rijn,19:48,194800
83,15,Thomas à Kempisplantsoen,19:50,195000
83,16,Majellapark,19:51,195100
83,17,Hasebroekstraat,19:53,195300
83,18,Moskeeplein,19:55,195500
83,19,CS Centrumzijde,19:58,195800
83,20,CS Centrumzijde,20:01,200100
83,21,Neude,20:04,200400
83,22,Janskerkhof,20:06,200600
83,23,Stadsschouwburg,20:07,200700
83,24,Wittevrouwen,20:09,200900
83,25,Oorsprongpark,20:10,201000
83,26,Rijnsweerd-Noord,20:12,201200
83,27,Rijnsweerd-Zuid,20:14,201400
83,28,Padualaan,20:15,201500
83,29,Heidelberglaan,20:16,201600
83,30,UMC Utrecht,20:17,201700
83,31,WKZ / PMC,20:18,201800
83,32,Haltenaam onbekend,20:21,202100
84,1,Station Vleuten,19:45,194500
84,2,Eyckenstein,19:47,194700
84,3,Vleuterweide-Centrum,19:48,194800
84,4,De Tuinlanden,19:49,194900
84,5,Veldhuizen,19:51,195100
84,6,Europaweg,19:52,195200
84,7,De Balije,19:53,195300
84,8,Boekbinderslaan,19:54,195400
84,9,Meernbrug,19:55,195500
84,10,De Meern-Oost,19:57,195700
84,11,Eerste Westerparklaan,19:59,195900
84,12,Korianderstraat,20:01,200100
84,13,Centrumboulevard,20:02,200200
84,14,Station Leidsche Rijn,20:03,200300
84,15,Thomas à Kempisplantsoen,20:05,200500
84,16,Majellapark,20:06,200600
84,17,Hasebroekstraat,20:08,200800
84,18,Moskeeplein,20:10,201000
84,19,CS Centrumzijde,20:13,201300
84,20,CS Centrumzijde,20:16,201600
84,21,Neude,20:19,201900
84,22,Janskerkhof,20:21,202100
84,23,Stadsschouwburg,20:22,202200
84,24,Wittevrouwen,20:24,202400
84,25,Oorsprongpark,20:25,202500
84,26,Rijnsweerd-Noord,20:27,202700
84,27,Rijnsweerd-Zuid,20:29,202900
84,28,Padualaan,20:30,203000
84,29,Heidelberglaan,20:31,203100
84,30,UMC Utrecht,20:32,203200
84,31,WKZ / PMC,20:33,203300
84,32,Haltenaam onbekend,20:36,203600
85,1,Station Vleuten,20:00,200000
85,2,Eyckenstein,20:02,200200
85,3,Vleuterweide-Centrum,20:03,200300
85,4,De Tuinlanden,20:04,200400
85,5,Veldhuizen,20:06,200600
85,6,Europaweg,20:07,200700
85,7,De Balije,20:08,200800
85,8,Boekbinderslaan,20:09,200900
85,9,Meernbrug,20:10,201000
85,10,De Meern-Oost,20:12,201200
85,11,Eerste Westerparklaan,20:14,201400
85,12,Korianderstraat,20:16,201600
85,13,Centrumboulevard,20:17,201700
85,14,Station Leidsche Rijn,20:18,201800
85,15,Thomas à Kempisplantsoen,20:20,202000
85,16,Majellapark,20:21,202100
85,17,Hasebroekstraat,20:23,202300
85,18,Moskeeplein,20:25,202500
85,19,CS Centrumzijde,20:28,202800
85,20,CS Centrumzijde,20:31,203100
85,21,Neude,20:34,203400
85,22,Janskerkhof,20:36,203600
85,23,Stadsschouwburg,20:37,203700
85,24,Wittevrouwen,20:39,203900
85,25,Oorsprongpark,20:40,204000
85,26,Rijnsweerd-Noord,20:42,204200
85,27,Rijnsweerd-Zuid,20:44,204400
85,28,Padualaan,20:45,204500
85,29,Heidelberglaan,20:46,204600
85,30,UMC Utrecht,20:47,204700
85,31,WKZ / PMC,20:48,204800
85,32,Haltenaam onbekend,20:51,205100
86,1,Station Vleuten,20:15,201500
86,2,Eyckenstein,20:17,201700
86,3,Vleuterweide-Centrum,20:18,201800
86,4,De Tuinlanden,20:19,201900
86,5,Veldhuizen,20:21,202100
86,6,Europaweg,20:22,202200
86,7,De Balije,20:23,202300
86,8,Boekbinderslaan,20:24,202400
86,9,Meernbrug,20:25,202500
86,10,De Meern-Oost,20:27,202700
86,11,Eerste Westerparklaan,20:29,202900
86,12,Korianderstraat,20:31,203100
86,13,Centrumboulevard,20:32,203200
86,14,Station Leidsche Rijn,20:33,203300
86,15,Thomas à Kempisplantsoen,20:35,203500
86,16,Majellapark,20:36,203600
86,17,Hasebroekstraat,20:38,203800
86,18,Moskeeplein,20:40,204000
86,19,CS Centrumzijde,20:43,204300
86,20,CS Centrumzijde,20:46,204600
86,21,Neude,20:49,204900
86,22,Janskerkhof,20:51,205100
86,23,Stadsschouwburg,20:52,205200
86,24,Wittevrouwen,20:54,205400
86,25,Oorsprongpark,20:55,205500
86,26,Rijnsweerd-Noord,20:57,205700
86,27,Rijnsweerd-Zuid,20:59,205900
86,28,Padualaan,21:00,210000
86,29,Heidelberglaan,21:01,210100
86,30,UMC Utrecht,21:02,210200
86,31,WKZ / PMC,21:03,210300
86,32,Haltenaam onbekend,21:06,210600
87,1,Station Vleuten,20:30,203000
87,2,Eyckenstein,20:32,203200
87,3,Vleuterweide-Centrum,20:33,203300
87,4,De Tuinlanden,20:34,203400
87,5,Veldhuizen,20:36,203600
87,6,Europaweg,20:37,203700
87,7,De Balije,20:38,203800
87,8,Boekbinderslaan,20:39,203900
87,9,Meernbrug,20:40,204000
87,10,De Meern-Oost,20:42,204200
87,11,Eerste Westerparklaan,20:44,204400
87,12,Korianderstraat,20:46,204600
87,13,Centrumboulevard,20:47,204700
87,14,Station Leidsche Rijn,20:48,204800
87,15,Thomas à Kempisplantsoen,20:50,205000
87,16,Majellapark,20:51,205100
87,17,Hasebroekstraat,20:53,205300
87,18,Moskeeplein,20:55,205500
87,19,CS Centrumzijde,20:58,205800
87,20,CS Centrumzijde,21:01,210100
87,21,Neude,21:04,210400
87,22,Janskerkhof,21:06,210600
87,23,Stadsschouwburg,21:07,210700
87,24,Wittevrouwen,21:09,210900
87,25,Oorsprongpark,21:10,211000
87,26,Rijnsweerd-Noord,21:12,211200
87,27,Rijnsweerd-Zuid,21:14,211400
87,28,Padualaan,21:15,211500
87,29,Heidelberglaan,21:16,211600
87,30,UMC Utrecht,21:17,211700
87,31,WKZ / PMC,21:18,211800
87,32,Haltenaam onbekend,21:21,212100
88,1,Station Vleuten,20:45,204500
88,2,Eyckenstein,20:47,204700
88,3,Vleuterweide-Centrum,20:48,204800
88,4,De Tuinlanden,20:49,204900
88,5,Veldhuizen,20:51,205100
88,6,Europaweg,20:52,205200
88,7,De Balije,20:53,205300
88,8,Boekbinderslaan,20:54,205400
88,9,Meernbrug,20:55,205500
88,10,De Meern-Oost,20:57,205700
88,11,Eerste Westerparklaan,20:59,205900
88,12,Korianderstraat,21:01,210100
88,13,Centrumboulevard,21:02,210200
88,14,Station Leidsche Rijn,21:03,210300
88,15,Thomas à Kempisplantsoen,21:05,210500
88,16,Majellapark,21:06,210600
88,17,Hasebroekstraat,21:08,210800
88,18,Moskeeplein,21:10,211000
88,19,CS Centrumzijde,21:13,211300
88,20,CS Centrumzijde,21:16,211600
88,21,Neude,21:19,211900
88,22,Janskerkhof,21:21,212100
88,23,Stadsschouwburg,21:22,212200
88,24,Wittevrouwen,21:24,212400
88,25,Oorsprongpark,21:25,212500
88,26,Rijnsweerd-Noord,21:27,212700
88,27,Rijnsweerd-Zuid,21:29,212900
88,28,Padualaan,21:30,213000
88,29,Heidelberglaan,21:31,213100
88,30,UMC Utrecht,21:32,213200
88,31,WKZ / PMC,21:33,213300
88,32,Haltenaam onbekend,21:36,213600
89,1,Station Vleuten,21:00,210000
89,2,Eyckenstein,21:02,210200
89,3,Vleuterweide-Centrum,21:03,210300
89,4,De Tuinlanden,21:04,210400
89,5,Veldhuizen,21:06,210600
89,6,Europaweg,21:07,210700
89,7,De Balije,21:08,210800
89,8,Boekbinderslaan,21:09,210900
89,9,Meernbrug,21:10,211000
89,10,De Meern-Oost,21:12,211200
89,11,Eerste Westerparklaan,21:14,211400
89,12,Korianderstraat,21:16,211600
89,13,Centrumboulevard,21:17,211700
89,14,Station Leidsche Rijn,21:18,211800
89,15,Thomas à Kempisplantsoen,21:20,212000
89,16,Majellapark,21:21,212100
89,17,Hasebroekstraat,21:23,212300
89,18,Moskeeplein,21:25,212500
89,19,CS Centrumzijde,21:28,212800
89,20,CS Centrumzijde,21:31,213100
89,21,Neude,21:34,213400
89,22,Janskerkhof,21:36,213600
89,23,Stadsschouwburg,21:37,213700
89,24,Wittevrouwen,21:39,213900
89,25,Oorsprongpark,21:40,214000
89,26,Rijnsweerd-Noord,21:42,214200
89,27,Rijnsweerd-Zuid,21:44,214400
89,28,Padualaan,21:45,214500
89,29,Heidelberglaan,21:46,214600
89,30,UMC Utrecht,21:47,214700
89,31,WKZ / PMC,21:48,214800
89,32,Haltenaam onbekend,21:51,215100
90,1,Station Vleuten,21:15,211500
90,2,Eyckenstein,21:17,211700
90,3,Vleuterweide-Centrum,21:18,211800
90,4,De Tuinlanden,21:19,211900
90,5,Veldhuizen,21:21,212100
90,6,Europaweg,21:22,212200
90,7,De Balije,21:23,212300
90,8,Boekbinderslaan,21:24,212400
90,9,Meernbrug,21:25,212500
90,10,De Meern-Oost,21:27,212700
90,11,Eerste Westerparklaan,21:29,212900
90,12,Korianderstraat,21:31,213100
90,13,Centrumboulevard,21:32,213200
90,14,Station Leidsche Rijn,21:33,213300
90,15,Thomas à Kempisplantsoen,21:35,213500
90,16,Majellapark,21:36,213600
90,17,Hasebroekstraat,21:38,213800
90,18,Moskeeplein,21:40,214000
90,19,CS Centrumzijde,21:43,214300
90,20,CS Centrumzijde,21:46,214600
90,21,Neude,21:49,214900
90,22,Janskerkhof,21:51,215100
90,23,Stadsschouwburg,21:52,215200
90,24,Wittevrouwen,21:54,215400
90,25,Oorsprongpark,21:55,215500
90,26,Rijnsweerd-Noord,21:57,215700
90,27,Rijnsweerd-Zuid,21:59,215900
90,28,Padualaan,22:00,220000
90,29,Heidelberglaan,22:01,220100
90,30,UMC Utrecht,22:02,220200
90,31,WKZ / PMC,22:03,220300
90,32,Haltenaam onbekend,22:06,220600
91,1,Station Vleuten,21:30,213000
91,2,Eyckenstein,21:32,213200
91,3,Vleuterweide-Centrum,21:33,213300
91,4,De Tuinlanden,21:34,213400
91,5,Veldhuizen,21:36,213600
91,6,Europaweg,21:37,213700
91,7,De Balije,21:38,213800
91,8,Boekbinderslaan,21:39,213900
91,9,Meernbrug,21:40,214000
91,10,De Meern-Oost,21:42,214200
91,11,Eerste Westerparklaan,21:44,214400
91,12,Korianderstraat,21:46,214600
91,13,Centrumboulevard,21:47,214700
91,14,Station Leidsche Rijn,21:48,214800
91,15,Thomas à Kempisplantsoen,21:50,215000
91,16,Majellapark,21:51,215100
91,17,Hasebroekstraat,21:53,215300
91,18,Moskeeplein,21:55,215500
91,19,CS Centrumzijde,21:58,215800
91,20,CS Centrumzijde,22:01,220100
91,21,Neude,22:04,220400
91,22,Janskerkhof,22:06,220600
91,23,Stadsschouwburg,22:07,220700
91,24,Wittevrouwen,22:09,220900
91,25,Oorsprongpark,22:10,221000
91,26,Rijnsweerd-Noord,22:12,221200
91,27,Rijnsweerd-Zuid,22:14,221400
91,28,Padualaan,22:15,221500
91,29,Heidelberglaan,22:16,221600
91,30,UMC Utrecht,22:17,221700
91,31,WKZ / PMC,22:18,221800
91,32,Haltenaam onbekend,22:21,222100
92,1,Station Vleuten,21:45,214500
92,2,Eyckenstein,21:47,214700
92,3,Vleuterweide-Centrum,21:48,214800
92,4,De Tuinlanden,21:49,214900
92,5,Veldhuizen,21:51,215100
92,6,Europaweg,21:52,215200
92,7,De Balije,21:53,215300
92,8,Boekbinderslaan,21:54,215400
92,9,Meernbrug,21:55,215500
92,10,De Meern-Oost,21:57,215700
92,11,Eerste Westerparklaan,21:59,215900
92,12,Korianderstraat,22:01,220100
92,13,Centrumboulevard,22:02,220200
92,14,Station Leidsche Rijn,22:03,220300
92,15,Thomas à Kempisplantsoen,22:05,220500
92,16,Majellapark,22:06,220600
92,17,Hasebroekstraat,22:08,220800
92,18,Moskeeplein,22:10,221000
92,19,CS Centrumzijde,22:13,221300
92,20,CS Centrumzijde,22:16,221600
92,21,Neude,22:19,221900
92,22,Janskerkhof,22:21,222100
92,23,Stadsschouwburg,22:22,222200
92,24,Wittevrouwen,22:24,222400
92,25,Oorsprongpark,22:25,222500
92,26,Rijnsweerd-Noord,22:27,222700
92,27,Rijnsweerd-Zuid,22:29,222900
92,28,Padualaan,22:30,223000
92,29,Heidelberglaan,22:31,223100
92,30,UMC Utrecht,22:32,223200
92,31,WKZ / PMC,22:33,223300
92,32,Haltenaam onbekend,22:36,223600
93,1,Station Vleuten,22:02,220200
93,2,Eyckenstein,22:04,220400
93,3,Vleuterweide-Centrum,22:05,220500
93,4,De Tuinlanden,22:06,220600
93,5,Veldhuizen,22:08,220800
93,6,Europaweg,22:09,220900
93,7,De Balije,22:10,221000
93,8,Boekbinderslaan,22:11,221100
93,9,Meernbrug,22:12,221200
93,10,De Meern-Oost,22:13,221300
93,11,Eerste Westerparklaan,22:15,221500
93,12,Korianderstraat,22:17,221700
93,13,Centrumboulevard,22:18,221800
93,14,Station Leidsche Rijn,22:19,221900
93,15,Thomas à Kempisplantsoen,22:21,222100
93,16,Majellapark,22:22,222200
93,17,Hasebroekstraat,22:24,222400
93,18,Moskeeplein,22:26,222600
93,19,CS Centrumzijde,22:28,222800
93,20,CS Centrumzijde,22:31,223100
93,21,Neude,22:34,223400
93,22,Janskerkhof,22:36,223600
93,23,Stadsschouwburg,22:37,223700
93,24,Wittevrouwen,22:39,223900
93,25,Oorsprongpark,22:40,224000
93,26,Rijnsweerd-Noord,22:42,224200
93,27,Rijnsweerd-Zuid,22:44,224400
93,28,Padualaan,22:45,224500
93,29,Heidelberglaan,22:46,224600
93,30,UMC Utrecht,22:47,224700
93,31,WKZ / PMC,22:48,224800
93,32,Haltenaam onbekend,22:51,225100
94,1,Station Vleuten,22:17,221700
94,2,Eyckenstein,22:19,221900
94,3,Vleuterweide-Centrum,22:20,222000
94,4,De Tuinlanden,22:21,222100
94,5,Veldhuizen,22:23,222300
94,6,Europaweg,22:24,222400
94,7,De Balije,22:25,222500
94,8,Boekbinderslaan,22:26,222600
94,9,Meernbrug,22:27,222700
94,10,De Meern-Oost,22:28,222800
94,11,Eerste Westerparklaan,22:30,223000
94,12,Korianderstraat,22:32,223200
94,13,Centrumboulevard,22:33,223300
94,14,Station Leidsche Rijn,22:34,223400
94,15,Thomas à Kempisplantsoen,22:36,223600
94,16,Majellapark,22:37,223700
94,17,Hasebroekstraat,22:39,223900
94,18,Moskeeplein,22:41,224100
94,19,CS Centrumzijde,22:43,224300
94,20,CS Centrumzijde,22:46,224600
94,21,Neude,22:49,224900
94,22,Janskerkhof,22:51,225100
94,23,Stadsschouwburg,22:52,225200
94,24,Wittevrouwen,22:54,225400
94,25,Oorsprongpark,22:55,225500
94,26,Rijnsweerd-Noord,22:57,225700
94,27,Rijnsweerd-Zuid,22:59,225900
94,28,Padualaan,23:00,230000
94,29,Heidelberglaan,23:01,230100
94,30,UMC Utrecht,23:02,230200
94,31,WKZ / PMC,23:03,230300
94,32,Haltenaam onbekend,23:06,230600
95,1,Station Vleuten,22:32,223200
95,2,Eyckenstein,22:34,223400
95,3,Vleuterweide-Centrum,22:35,223500
95,4,De Tuinlanden,22:36,223600
95,5,Veldhuizen,22:38,223800
95,6,Europaweg,22:39,223900
95,7,De Balije,22:40,224000
95,8,Boekbinderslaan,22:41,224100
95,9,Meernbrug,22:42,224200
95,10,De Meern-Oost,22:43,224300
95,11,Eerste Westerparklaan,22:45,224500
95,12,Korianderstraat,22:47,224700
95,13,Centrumboulevard,22:48,224800
95,14,Station Leidsche Rijn,22:49,224900
95,15,Thomas à Kempisplantsoen,22:51,225100
95,16,Majellapark,22:52,225200
95,17,Hasebroekstraat,22:54,225400
95,18,Moskeeplein,22:56,225600
95,19,CS Centrumzijde,22:58,225800
95,20,CS Centrumzijde,23:01,230100
95,21,Neude,23:04,230400
95,22,Janskerkhof,23:06,230600
95,23,Stadsschouwburg,23:07,230700
95,24,Wittevrouwen,23:09,230900
95,25,Oorsprongpark,23:10,231000
95,26,Rijnsweerd-Noord,23:12,231200
95,27,Rijnsweerd-Zuid,23:14,231400
95,28,Padualaan,23:15,231500
95,29,Heidelberglaan,23:16,231600
95,30,UMC Utrecht,23:17,231700
95,31,WKZ / PMC,23:18,231800
95,32,Haltenaam onbekend,23:21,232100
96,1,Station Vleuten,22:47,224700
96,2,Eyckenstein,22:49,224900
96,3,Vleuterweide-Centrum,22:50,225000
96,4,De Tuinlanden,22:51,225100
96,5,Veldhuizen,22:53,225300
96,6,Europaweg,22:54,225400
96,7,De Balije,22:55,225500
96,8,Boekbinderslaan,22:56,225600
96,9,Meernbrug,22:57,225700
96,10,De Meern-Oost,22:58,225800
96,11,Eerste Westerparklaan,23:00,230000
96,12,Korianderstraat,23:02,230200
96,13,Centrumboulevard,23:03,230300
96,14,Station Leidsche Rijn,23:04,230400
96,15,Thomas à Kempisplantsoen,23:06,230600
96,16,Majellapark,23:07,230700
96,17,Hasebroekstraat,23:09,230900
96,18,Moskeeplein,23:11,231100
96,19,CS Centrumzijde,23:13,231300
96,20,CS Centrumzijde,23:16,231600
96,21,Neude,23:19,231900
96,22,Janskerkhof,23:21,232100
96,23,Stadsschouwburg,23:22,232200
96,24,Wittevrouwen,23:24,232400
96,25,Oorsprongpark,23:25,232500
96,26,Rijnsweerd-Noord,23:27,232700
96,27,Rijnsweerd-Zuid,23:29,232900
96,28,Padualaan,23:30,233000
96,29,Heidelberglaan,23:31,233100
96,30,UMC Utrecht,23:32,233200
96,31,WKZ / PMC,23:33,233300
96,32,Haltenaam onbekend,23:36,233600
97,1,Station Vleuten,23:02,230200
97,2,Eyckenstein,23:04,230400
97,3,Vleuterweide-Centrum,23:05,230500
97,4,De Tuinlanden,23:06,230600
97,5,Veldhuizen,23:08,230800
97,6,Europaweg,23:09,230900
97,7,De Balije,23:10,231000
97,8,Boekbinderslaan,23:11,231100
97,9,Meernbrug,23:12,231200
97,10,De Meern-Oost,23:13,231300
97,11,Eerste Westerparklaan,23:15,231500
97,12,Korianderstraat,23:17,231700
97,13,Centrumboulevard,23:18,231800
97,14,Station Leidsche Rijn,23:19,231900
97,15,Thomas à Kempisplantsoen,23:21,232100
97,16,Majellapark,23:22,232200
97,17,Hasebroekstraat,23:24,232400
97,18,Moskeeplein,23:26,232600
97,19,CS Centrumzijde,23:28,232800
97,20,CS Centrumzijde,23:31,233100
97,21,Neude,23:34,233400
97,22,Janskerkhof,23:36,233600
97,23,Stadsschouwburg,23:37,233700
97,24,Wittevrouwen,23:39,233900
97,25,Oorsprongpark,23:40,234000
97,26,Rijnsweerd-Noord,23:42,234200
97,27,Rijnsweerd-Zuid,23:44,234400
97,28,Padualaan,23:45,234500
97,29,Heidelberglaan,23:46,234600
97,30,UMC Utrecht,23:47,234700
97,31,WKZ / PMC,23:48,234800
97,32,Haltenaam onbekend,23:51,235100
98,1,Station Vleuten,23:18,231800
98,2,Eyckenstein,23:20,232000
98,3,Vleuterweide-Centrum,23:21,232100
98,4,De Tuinlanden,23:22,232200
98,5,Veldhuizen,23:24,232400
98,6,Europaweg,23:25,232500
98,7,De Balije,23:26,232600
98,8,Boekbinderslaan,23:27,232700
98,9,Meernbrug,23:28,232800
98,10,De Meern-Oost,23:29,232900
98,11,Eerste Westerparklaan,23:31,233100
98,12,Korianderstraat,23:32,233200
98,13,Centrumboulevard,23:33,233300
98,14,Station Leidsche Rijn,23:34,233400
98,15,Thomas à Kempisplantsoen,23:36,233600
98,16,Majellapark,23:37,233700
98,17,Hasebroekstraat,23:39,233900
98,18,Moskeeplein,23:41,234100
98,19,CS Centrumzijde,23:43,234300
98,20,CS Centrumzijde,23:46,234600
98,21,Neude,23:49,234900
98,22,Janskerkhof,23:51,235100
98,23,Stadsschouwburg,23:52,235200
98,24,Wittevrouwen,23:54,235400
98,25,Oorsprongpark,23:55,235500
98,26,Rijnsweerd-Noord,23:57,235700
98,27,Rijnsweerd-Zuid,23:59,235900
98,28,Padualaan,00:00*,240000
98,29,Heidelberglaan,00:01*,240100
98,30,UMC Utrecht,00:02*,240200
98,31,WKZ / PMC,00:03*,240300
98,32,Haltenaam onbekend,00:06*,240600
99,1,Station Vleuten,23:32,233200
99,2,Eyckenstein,23:34,233400
99,3,Vleuterweide-Centrum,23:35,233500
99,4,De Tuinlanden,23:36,233600
99,5,Veldhuizen,23:37,233700
99,6,Europaweg,23:38,233800
99,7,De Balije,23:39,233900
99,8,Boekbinderslaan,23:40,234000
99,9,Meernbrug,23:41,234100
99,10,De Meern-Oost,23:42,234200
99,11,Eerste Westerparklaan,23:44,234400
99,12,Korianderstraat,23:45,234500
99,13,Centrumboulevard,23:46,234600
99,14,Station Leidsche Rijn,23:47,234700
99,15,Thomas à Kempisplantsoen,23:49,234900
99,16,Majellapark,23:50,235000
99,17,Hasebroekstraat,23:52,235200
99,18,Moskeeplein,23:54,235400
99,19,CS Centrumzijde,23:56,235600
99,20,CS Centrumzijde,23:59,235900
99,21,Neude,00:02*,240200
99,22,Janskerkhof,00:04*,240400
99,23,Stadsschouwburg,00:05*,240500
99,24,Wittevrouwen,00:07*,240700
99,25,Oorsprongpark,00:08*,240800
99,26,Rijnsweerd-Noord,00:10*,241000
99,27,Rijnsweerd-Zuid,00:12*,241200
99,28,Padualaan,00:13*,241300
99,29,Heidelberglaan,00:14*,241400
99,30,UMC Utrecht,00:15*,241500
99,31,WKZ / PMC,00:16*,241600
99,32,Haltenaam onbekend,00:19*,241900
100,1,Station Vleuten,23:45,234500
100,2,Eyckenstein,23:47,234700
100,3,Vleuterweide-Centrum,23:48,234800
100,4,De Tuinlanden,23:49,234900
100,5,Veldhuizen,23:50,235000
100,6,Europaweg,23:51,235100
100,7,De Balije,23:52,235200
100,8,Boekbinderslaan,23:53,235300
100,9,Meernbrug,23:54,235400
100,10,De Meern-Oost,23:55,235500
100,11,Eerste Westerparklaan,23:57,235700
100,12,Korianderstraat,23:58,235800
100,13,Centrumboulevard,23:59,235900
100,14,Station Leidsche Rijn,00:00*,240000
100,15,Thomas à Kempisplantsoen,00:02*,240200
100,16,Majellapark,00:03*,240300
100,17,Hasebroekstraat,00:05*,240500
100,18,Moskeeplein,00:07*,240700
100,19,CS Centrumzijde,00:09*,240900
100,20,CS Centrumzijde,00:12*,241200
100,21,Neude,00:15*,241500
100,22,Janskerkhof,00:17*,241700
100,23,Stadsschouwburg,00:18*,241800
100,24,Wittevrouwen,00:20*,242000
100,25,Oorsprongpark,00:21*,242100
100,26,Rijnsweerd-Noord,00:23*,242300
100,27,Rijnsweerd-Zuid,00:25*,242500
100,28,Padualaan,00:26*,242600
100,29,Heidelberglaan,00:27*,242700
100,30,UMC Utrecht,00:28*,242800
100,31,WKZ / PMC,00:29*,242900
100,32,Haltenaam onbekend,00:32*,243200
101,1,Station Vleuten,00:00*,240000
101,2,Eyckenstein,00:02*,240200
101,3,Vleuterweide-Centrum,00:03*,240300
101,4,De Tuinlanden,00:04*,240400
101,5,Veldhuizen,00:05*,240500
101,6,Europaweg,00:06*,240600
101,7,De Balije,00:07*,240700
101,8,Boekbinderslaan,00:08*,240800
101,9,Meernbrug,00:09*,240900
101,10,De Meern-Oost,00:10*,241000
101,11,Eerste Westerparklaan,00:12*,241200
101,12,Korianderstraat,00:13*,241300
101,13,Centrumboulevard,00:14*,241400
101,14,Station Leidsche Rijn,00:15*,241500
101,15,Thomas à Kempisplantsoen,00:17*,241700
101,16,Majellapark,00:18*,241800
101,17,Hasebroekstraat,00:20*,242000
101,18,Moskeeplein,00:22*,242200
101,19,CS Centrumzijde,00:24*,242400
101,20,CS Centrumzijde,00:27*,242700
101,21,Neude,00:30*,243000
101,22,Janskerkhof,00:32*,243200
101,23,Stadsschouwburg,00:33*,243300
101,24,Wittevrouwen,00:35*,243500
101,25,Oorsprongpark,00:36*,243600
101,26,Rijnsweerd-Noord,00:38*,243800
101,27,Rijnsweerd-Zuid,00:40*,244000
101,28,Padualaan,00:41*,244100
101,29,Heidelberglaan,00:42*,244200
101,30,UMC Utrecht,00:43*,244300
101,31,WKZ / PMC,00:44*,244400
101,32,Haltenaam onbekend,00:47*,244700
102,1,Station Vleuten,00:15*,241500
102,2,Eyckenstein,00:17*,241700
102,3,Vleuterweide-Centrum,00:18*,241800
102,4,De Tuinlanden,00:19*,241900
102,5,Veldhuizen,00:20*,242000
102,6,Europaweg,00:21*,242100
102,7,De Balije,00:22*,242200
102,8,Boekbinderslaan,00:23*,242300
102,9,Meernbrug,00:24*,242400
102,10,De Meern-Oost,00:25*,242500
102,11,Eerste Westerparklaan,00:27*,242700
102,12,Korianderstraat,00:28*,242800
102,13,Centrumboulevard,00:29*,242900
102,14,Station Leidsche Rijn,00:30*,243000
102,15,Thomas à Kempisplantsoen,00:32*,243200
102,16,Majellapark,00:33*,243300
102,17,Hasebroekstraat,00:35*,243500
102,18,Moskeeplein,00:37*,243700
102,19,CS Centrumzijde,00:39*,243900
102,20,CS Centrumzijde,00:42*,244200
102,21,Neude,00:45*,244500
102,22,Janskerkhof,00:47*,244700
102,23,Stadsschouwburg,00:48*,244800
102,24,Wittevrouwen,00:50*,245000
102,25,Oorsprongpark,00:51*,245100
102,26,Rijnsweerd-Noord,00:53*,245300
102,27,Rijnsweerd-Zuid,00:55*,245500
102,28,Padualaan,00:56*,245600
102,29,Heidelberglaan,00:57*,245700
102,30,UMC Utrecht,00:58*,245800
102,31,WKZ / PMC,00:59*,245900
102,32,Haltenaam onbekend,01:02*,250200
103,1,Station Vleuten,00:30*,243000
103,2,Eyckenstein,00:32*,243200
103,3,Vleuterweide-Centrum,00:33*,243300
103,4,De Tuinlanden,00:34*,243400
103,5,Veldhuizen,00:35*,243500
103,6,Europaweg,00:36*,243600
103,7,De Balije,00:37*,243700
103,8,Boekbinderslaan,00:38*,243800
103,9,Meernbrug,00:39*,243900
103,10,De Meern-Oost,00:40*,244000
103,11,Eerste Westerparklaan,00:42*,244200
103,12,Korianderstraat,00:43*,244300
103,13,Centrumboulevard,00:44*,244400
103,14,Station Leidsche Rijn,00:45*,244500
103,15,Thomas à Kempisplantsoen,00:47*,244700
103,16,Majellapark,00:48*,244800
103,17,Hasebroekstraat,00:50*,245000
103,18,Moskeeplein,00:52*,245200
103,19,CS Centrumzijde,00:54*,245400
103,20,CS Centrumzijde,01:00*,250000
103,21,Neude,01:03*,250300
103,22,Janskerkhof,01:05*,250500
103,23,Stadsschouwburg,01:06*,250600
103,24,Wittevrouwen,01:08*,250800
103,25,Oorsprongpark,01:09*,250900
103,26,Rijnsweerd-Noord,01:11*,251100
103,27,Rijnsweerd-Zuid,01:13*,251300
103,28,Padualaan,01:14*,251400
103,29,Heidelberglaan,01:15*,251500
103,30,UMC Utrecht,01:16*,251600
103,31,WKZ / PMC,01:17*,251700
103,32,Haltenaam onbekend,01:20*,252000
